Index Raw,Index,Type Raw,Model ID Raw,Model ID,Custom Model ID Raw,Custom Model ID,GS ID Raw,ID,Name Raw,Name,Description Raw,Sort ID Raw,Sort ID,Price Raw,Price,Rarity Raw,Rarity,Attack Raw,Attack,Defense Raw,Defense,Affinity Raw,Affinity,Attribute 1 Raw,Attribute,Element 1 Value Raw,Attribute Value,Element 2 Raw,Element 2 Value Raw,_Length,Slot 1 Raw,Slot 2 Raw,Slot 3 Raw,Slots,Sharpness 0 Raw,Sharpness 1 Raw,Sharpness 2 Raw,Sharpness 3 Raw,Sharpness 4 Raw,Sharpness 5 Raw,Sharpness 6 Raw,Sharpness 7 Raw,Red Sharpness,Orange Sharpness,Yellow Sharpness,Green Sharpness,Blue Sharpness,White Sharpness,Purple Sharpness,Handicraft 0 Raw,Handicraft 0 Lv,Handicraft 1 Raw,Handicraft 1 Lv,Handicraft 2 Raw,Handicraft 2 Lv,Handicraft 3 Raw,Handicraft 3 Lv,Red Sharpness +1,Orange Sharpness +1,Yellow Sharpness +1,Green Sharpness +1,Blue Sharpness +1,White Sharpness +1,Purple Sharpness +1,Sharpness Bar,Sharpness Bar (Handicraft),Skill 0 Raw,Skill 1 Raw,Skill 2 Raw,Skill 3 Raw,Skill 0 Lv Raw,Skill 1 Lv Raw,Skill 2 Lv Raw,Skill 3 Lv Raw,Skill 1,Skill 1 Lv,Skill 2,Skill 2 Lv
00000000,0,0000000E,00000004,4,00000000,0,00000001,1,EE88F9C2-DF5F-498D-9545-A78B838FF729,Hope Blade I,DF9602DC-412D-455E-9445-1CD7F1CBA691,00000000,0,000000C8,200z,00000012,1,005A,90,0000,0,0000,0%,00000000,-,00000000,0,00000000,00000000,00000003,00000000,00000000,00000000,"0, 0, 0",003C,003C,0032,001E,0000,0000,0000,0000,60,60,50,30,0,0,0,0032,4,0000,5,0000,6,0000,7,60,60,50,80,0,0,0,,,00000000,00000000,00000000,00000000,0000,0000,0000,0000,,,,
00000001,1,0000000E,00000004,4,00000000,0,00000002,2,DFF4DF33-B3E5-4545-A6D7-731262A601AB,Hope Blade II,4524DF29-00D7-4830-ADB3-060B61D2EE1C,00000001,1,000001F4,500z,00000012,1,0064,100,0000,0,0000,0%,00000000,-,00000000,0,00000000,00000000,00000003,00000000,00000000,00000000,"0, 0, 0",0032,0032,003C,0028,0000,0000,0000,0000,50,50,60,40,0,0,0,0032,4,0000,5,0000,6,0000,7,50,50,60,90,0,0,0,,,561FF780,00000000,00000000,00000000,0001,0000,0000,0000,Speed Sharpening,1,,
00000002,2,0000000E,00000004,4,00000000,0,00000003,3,256382FD-EDB0-4E6D-A1D1-0BE1316030FF,Hope Blade III,9632CB63-B2F7-421C-9054-5F9F748FCB0B,00000002,2,000005DC,"1,500z",00000010,3,0082,130,0000,0,0000,0%,00000000,-,00000000,0,00000000,00000000,00000003,00000000,00000000,00000000,"0, 0, 0",0032,003C,0050,003C,0000,0000,0000,0000,50,60,80,60,0,0,0,0032,4,0000,5,0000,6,0000,7,50,60,80,110,0,0,0,,,561FF780,830A1C00,00000000,00000000,0001,0001,0000,0000,Speed Sharpening,1,Critical Eye,1
00000003,3,0000000E,00000004,4,00000000,0,00000004,4,93AF19A1-5393-4CCD-ACF3-8CC5E9E3A2D2,Hope Blade IV,2EF5BE6B-6418-4154-B31B-6A710B8F3E69,00000003,3,00000FA0,"4,000z",0000000E,5,00A0,160,0000,0,0000,0%,00000000,-,00000000,0,00000000,00000000,00000003,00000002,00000001,00000000,"2, 1, 0",0032,003C,005A,0046,001E,0000,0000,0000,50,60,90,70,30,0,0,0032,5,0000,6,0000,7,0000,8,50,60,90,70,80,0,0,,,561FF780,830A1C00,00000000,00000000,0002,0001,0000,0000,Speed Sharpening,2,Critical Eye,1
00000004,4,0000000E,00000004,4,00000000,0,00000005,5,1DDFBDC0-B05D-45B7-BDC5-CD8F90B8C050,Hope Blade V,5CB01136-D3E9-4F36-AF2E-E9C4D3498982,00000004,4,000036B0,"14,000z",0000000C,7,00BE,190,0000,0,0000,0%,00000000,-,00000000,0,00000000,00000000,00000003,00000003,00000002,00000000,"3, 2, 0",0032,003C,0050,0046,003C,001E,0000,0000,50,60,80,70,60,30,0,0032,6,0000,7,0000,8,0000,9,50,60,80,70,60,80,0,,,561FF780,830A1C00,00000000,00000000,0002,0001,0000,0000,Speed Sharpening,2,Critical Eye,1
00000005,5,0000000E,00000004,4,00000000,0,0000004C,76,A8991D20-F998-491D-9D4B-264364511D6D,Esperanza Blade,D08527FE-192C-42B8-A433-078076EFE686,00000005,5,00004E20,"20,000z",0000000B,8,00D2,210,0000,0,0000,0%,00000000,-,00000000,0,00000000,00000000,00000003,00000003,00000002,00000001,"3, 2, 1",0032,003C,0050,003C,0028,003C,0000,0000,50,60,80,60,40,60,0,0032,6,0000,7,0000,8,0000,9,50,60,80,60,40,110,0,,,561FF780,830A1C00,00000000,00000000,0002,0002,0000,0000,Speed Sharpening,2,Critical Eye,2
00000006,6,0000000E,00002712,10002,00000000,0,00000027,39,DF4E67E7-5F39-4C91-8856-21B980F105B5,Bone Blade I,E237D771-7A3D-4F63-A7C7-5CC2227B339F,00000019,25,000001F4,500z,00000012,1,006E,110,0000,0,0000,0%,00000000,-,00000000,0,00000000,00000000,00000003,00000000,00000000,00000000,"0, 0, 0",0032,0064,0032,0000,0000,0000,0000,0000,50,100,50,0,0,0,0,0028,3,000A,4,0000,5,0000,6,50,100,90,10,0,0,0,,,EF1CAA60,00000000,00000000,00000000,0001,0000,0000,0000,Focus,1,,
00000007,7,0000000E,00002712,10002,00000000,0,00000028,40,9C1A2B26-1A11-4F4D-B231-C78BF004251A,Bone Blade II,87248785-9FC4-4AB0-97E9-AA93526EBEAC,0000001A,26,00000320,800z,00000011,2,0082,130,0000,0,0000,0%,00000000,-,00000000,0,00000000,00000000,00000003,00000000,00000000,00000000,"0, 0, 0",0032,0046,0050,0000,0000,0000,0000,0000,50,70,80,0,0,0,0,0014,3,001E,4,0000,5,0000,6,50,70,100,30,0,0,0,,,EF1CAA60,00000001,00000000,00000000,0001,0001,0000,0000,Focus,1,Attack Boost,1
00000008,8,0000000E,00002712,10002,00000000,0,00000029,41,36C45AC5-A3AB-4F1B-8700-1382EEC9CBA5,Bone Blade III,90E4307B-5162-40A9-9CB6-204E085F43B7,0000001B,27,00000A28,"2,600z",0000000F,4,00AA,170,0000,0,0000,0%,00000000,-,00000000,0,00000000,00000000,00000003,00000001,00000000,00000000,"1, 0, 0",0032,005A,0064,000A,0000,0000,0000,0000,50,90,100,10,0,0,0,0032,4,0000,5,0000,6,0000,7,50,90,100,60,0,0,0,,,EF1CAA60,00000001,00000000,00000000,0002,0001,0000,0000,Focus,2,Attack Boost,1
00000009,9,0000000E,00002712,10002,00000000,0,0000002A,42,917107D9-5EFC-4A8A-8696-7609B143FB06,Bone Blade IV,971041AB-6E67-4A99-935A-CA2594601EF8,0000001C,28,00002710,"10,000z",0000000D,6,00C8,200,0000,0,0000,0%,00000000,-,00000000,0,00000000,00000000,00000003,00000002,00000001,00000000,"2, 1, 0",0032,0050,005A,0050,0000,0000,0000,0000,50,80,90,80,0,0,0,0032,4,0000,5,0000,6,0000,7,50,80,90,130,0,0,0,,,EF1CAA60,00000001,00000000,00000000,0003,0001,0000,0000,Focus,3,Attack Boost,1
0000000A,10,0000000E,00002712,10002,00000000,0,0000002B,43,68FF4FB4-1E1E-4B3E-A196-CD6B4372BE98,Bone Slasher,EA8A06EE-D4A7-492D-93B9-29C0CA61E323,0000001D,29,00004E20,"20,000z",0000000B,8,00E6,230,0000,0,0000,0%,00000000,-,00000000,0,00000000,00000000,00000003,00000003,00000002,00000001,"3, 2, 1",0032,0050,0050,003C,0050,0000,0000,0000,50,80,80,60,80,0,0,0032,5,0000,6,0000,7,0000,8,50,80,80,60,130,0,0,,,EF1CAA60,00000001,00000000,00000000,0003,0001,0000,0000,Focus,3,Attack Boost,1
0000000B,11,0000000E,00002714,10004,00000000,0,00000016,22,9E162D87-D074-41BF-B7BA-4DD1A2455094,Buster Sword I,26E86CAF-F416-4568-8051-884A519D90FB,00000009,9,00000320,800z,00000011,2,0078,120,0000,0,0000,0%,00000000,-,00000000,0,00000000,00000000,00000003,00000000,00000000,00000000,"0, 0, 0",0032,0028,005A,0014,0000,0000,0000,0000,50,40,90,20,0,0,0,0032,4,0000,5,0000,6,0000,7,50,40,90,70,0,0,0,,,28EBAB40,00000000,00000000,00000000,0001,0000,0000,0000,Critical Draw,1,,
0000000C,12,0000000E,00002714,10004,00000000,0,00000017,23,896C2328-E968-4A65-8823-AB3F4DB092CB,Buster Sword II,6428F110-BB56-4C11-A9F8-1A906E1106F3,0000000A,10,00000A28,"2,600z",0000000F,4,00A0,160,0000,0,0000,0%,00000000,-,00000000,0,00000000,00000000,00000003,00000001,00000000,00000000,"1, 0, 0",0032,003C,005A,0032,0000,0000,0000,0000,50,60,90,50,0,0,0,0032,4,0000,5,0000,6,0000,7,50,60,90,100,0,0,0,,,28EBAB40,00000000,00000000,00000000,0002,0000,0000,0000,Critical Draw,2,,
0000000D,13,0000000E,00002714,10004,00000000,0,00000018,24,0A16AFB0-C768-445C-BBC0-270E0FC9CEB5,Buster Sword III,D09FF7B7-176C-4F7D-809D-5F5AB2B40B7E,0000000B,11,00002710,"10,000z",0000000D,6,00BE,190,0000,0,0000,0%,00000000,-,00000000,0,00000000,00000000,00000003,00000002,00000001,00000000,"2, 1, 0",0032,0046,005A,003C,001E,0000,0000,0000,50,70,90,60,30,0,0,0032,5,0000,6,0000,7,0000,8,50,70,90,60,80,0,0,,,28EBAB40,00000000,00000000,00000000,0003,0000,0000,0000,Critical Draw,3,,
0000000E,14,0000000E,00002716,10006,00000000,0,00000019,25,8A91BB02-51EA-4F53-BC4E-F583968A1AF1,Ravager Blade,79BF3F29-152F-4AD4-9844-DD9435754E3D,0000000C,12,00004E20,"20,000z",0000000B,8,00DC,220,0000,0,0000,0%,00000000,-,00000000,0,00000000,00000000,00000003,00000003,00000002,00000001,"3, 2, 1",0032,003C,005A,0046,0032,001E,0000,0000,50,60,90,70,50,30,0,0032,6,0000,7,0000,8,0000,9,50,60,90,70,50,80,0,,,28EBAB40,00000000,00000000,00000000,0003,0000,0000,0000,Critical Draw,3,,
0000000F,15,0000000E,00000006,6,00000000,0,0000000F,15,31F91FCC-4C03-42A3-BF7E-78BE3C5BC4DE,Quematrice Espada I,B22DD9CF-36BA-4C26-9F85-5647AA3E12C6,0000000F,15,000001F4,500z,00000012,1,0064,100,0000,0,0005,5%,00000001,FIRE,0000000E,14,00000000,00000000,00000003,00000000,00000000,00000000,"0, 0, 0",0032,0046,0046,000A,0000,0000,0000,0000,50,70,70,10,0,0,0,0032,4,0000,5,0000,6,0000,7,50,70,70,60,0,0,0,,,8BFD1E80,00000000,00000000,00000000,0001,0000,0000,0000,Punishing Draw,1,,
00000010,16,0000000E,00000006,6,00000000,0,00000010,16,C0CF1375-3CB7-4FF1-A9B2-D230CB4C4E9E,Quematrice Espada II,E98D192E-2BF6-4F6F-942D-ADFECEDB9342,00000010,16,000005DC,"1,500z",00000010,3,008C,140,0000,0,0005,5%,00000001,FIRE,00000012,18,00000000,00000000,00000003,00000000,00000000,00000000,"0, 0, 0",0032,0050,0050,0028,0000,0000,0000,0000,50,80,80,40,0,0,0,0032,4,0000,5,0000,6,0000,7,50,80,80,90,0,0,0,,,8BFD1E80,00000000,00000000,00000000,0002,0000,0000,0000,Punishing Draw,2,,
00000011,17,0000000E,00000006,6,00000000,0,00000011,17,57732028-D01D-4558-9F8E-2B822A99B205,Quematrice Espada III,530BC8B9-B91C-4DB8-9666-7EDB0F8D1D52,00000011,17,00000FA0,"4,000z",0000000E,5,00AA,170,0000,0,0005,5%,00000001,FIRE,00000017,23,00000000,00000000,00000003,00000002,00000001,00000000,"2, 1, 0",0046,0050,0050,003C,000A,0000,0000,0000,70,80,80,60,10,0,0,0032,5,0000,6,0000,7,0000,8,70,80,80,60,60,0,0,,,8BFD1E80,00000000,00000000,00000000,0002,0000,0000,0000,Punishing Draw,2,,
00000012,18,0000000E,00000006,6,00000000,0,00000012,18,E0BA2982-E1F1-4380-AB08-B88F1F8D929F,Quematrice Espada IV,F1EDC2E4-111B-40B7-813D-2DD9909384A1,00000012,18,000036B0,"14,000z",0000000C,7,00D2,210,0000,0,0005,5%,00000001,FIRE,0000001B,27,00000000,00000000,00000003,00000003,00000002,00000000,"3, 2, 0",0046,0050,0064,0050,0014,0000,0000,0000,70,80,100,80,20,0,0,0032,5,0000,6,0000,7,0000,8,70,80,100,80,70,0,0,,,8BFD1E80,00000000,00000000,00000000,0003,0000,0000,0000,Punishing Draw,3,,
00000013,19,0000000E,00000007,7,00000000,0,00000013,19,4F34603D-9C45-49C3-BFAD-8405B6298F39,Firetrail Blaisdell,D67264B7-3789-401B-97A6-6121E395C1B2,00000013,19,00004E20,"20,000z",0000000B,8,00F0,240,0000,0,0005,5%,00000001,FIRE,0000001E,30,00000000,00000000,00000003,00000003,00000002,00000001,"3, 2, 1",003C,0046,0064,0050,0028,0000,0000,0000,60,70,100,80,40,0,0,0032,5,0000,6,0000,7,0000,8,60,70,100,80,90,0,0,,,8BFD1E80,00000000,00000000,00000000,0003,0000,0000,0000,Punishing Draw,3,,
00000014,20,0000000E,00000001,1,00000000,0,00000032,50,7EC1C97A-9239-45A5-9075-0FC0F4DEB07F,Dosha Fellslayer I,B2EE11A2-4BE9-492B-BC5F-64E29D25820F,00000028,40,00000320,800z,00000011,2,008C,140,0014,20,FFF6,-10%,00000000,-,00000000,0,00000000,00000000,00000003,00000000,00000000,00000000,"0, 0, 0",0032,005A,003C,0000,0000,0000,0000,0000,50,90,60,0,0,0,0,0014,3,001E,4,0000,5,0000,6,50,90,80,30,0,0,0,,,8BFD1E80,00000000,00000000,00000000,0001,0000,0000,0000,Punishing Draw,1,,
00000015,21,0000000E,00000001,1,00000000,0,00000033,51,2C86D354-A9D9-4A35-A93C-AA887CC4CA3C,Dosha Fellslayer II,F8AC6A46-412B-4D33-BFE6-A8087B745D61,00000029,41,00000A28,"2,600z",0000000F,4,00B4,180,0014,20,FFF6,-10%,00000000,-,00000000,0,00000000,00000000,00000003,00000001,00000000,00000000,"1, 0, 0",0046,005A,0050,000A,0000,0000,0000,0000,70,90,80,10,0,0,0,0032,4,0000,5,0000,6,0000,7,70,90,80,60,0,0,0,,,8BFD1E80,00000000,00000000,00000000,0002,0000,0000,0000,Punishing Draw,2,,
00000016,22,0000000E,00000001,1,00000000,0,00000034,52,9EC9B52F-49BD-421F-AAFE-75E017C20888,Dosha Fellslayer III,F7195123-C847-481E-8006-A48631BF5E91,0000002A,42,00002710,"10,000z",0000000D,6,00D2,210,0014,20,FFF6,-10%,00000000,-,00000000,0,00000000,00000000,00000003,00000002,00000001,00000000,"2, 1, 0",0032,0064,008C,0032,000A,0000,0000,0000,50,100,140,50,10,0,0,0032,5,0000,6,0000,7,0000,8,50,100,140,50,60,0,0,,,8BFD1E80,00000000,00000000,00000000,0003,0000,0000,0000,Punishing Draw,3,,
00000017,23,0000000E,00000003,3,00000000,0,00000050,80,C53DE37D-262B-4740-907A-B28C8FB3A5AD,Fellslayer Dangeom,E436E6D2-119C-41BA-BBA4-8E7A14497BE9,0000002B,43,00004E20,"20,000z",0000000B,8,00F0,240,0014,20,FFF6,-10%,00000000,-,00000000,0,00000000,00000000,00000003,00000003,00000002,00000001,"3, 2, 1",0032,0064,0082,0032,0014,0000,0000,0000,50,100,130,50,20,0,0,000A,5,0028,6,0000,7,0000,8,50,100,130,50,30,40,0,,,8BFD1E80,00000000,00000000,00000000,0003,0000,0000,0000,Punishing Draw,3,,
00000018,24,0000000E,0000000A,10,00000000,0,00000021,33,DAB7FA8B-FA21-4846-B307-6BB4FE73DB19,Immane Blade I,C155DBC0-EE3A-4984-BA49-B200F28AA63E,00000021,33,000005DC,"1,500z",00000010,3,0078,120,0000,0,000A,10%,00000008,SLEEP,00000015,21,00000000,00000000,00000003,00000000,00000000,00000000,"0, 0, 0",0046,0046,001E,0050,0000,0000,0000,0000,70,70,30,80,0,0,0,0032,4,0000,5,0000,6,0000,7,70,70,30,130,0,0,0,,,F53436B0,EDA9B920,00000000,00000000,0001,0001,0000,0000,Offensive Guard,1,Guard,1
00000019,25,0000000E,0000000A,10,00000000,0,00000022,34,B29288B9-4751-4B81-B5D7-8B20CC260435,Immane Blade II,546D6436-C7C4-473D-BE09-1556625FBCFE,00000022,34,00001388,"5,000z",0000000E,5,0096,150,0000,0,000F,15%,00000008,SLEEP,0000001F,31,00000000,00000000,00000003,00000002,00000001,00000000,"2, 1, 0",0046,0046,001E,0064,001E,0000,0000,0000,70,70,30,100,30,0,0,0032,5,0000,6,0000,7,0000,8,70,70,30,100,80,0,0,,,F53436B0,EDA9B920,00000000,00000000,0001,0001,0000,0000,Offensive Guard,1,Guard,1
0000001A,26,0000000E,0000000A,10,00000000,0,00000023,35,E2CE826A-C972-488E-AA65-DBB3DBC2D474,Immane Blade III,46F67C20-1734-46A9-8349-3E8A318A94A6,00000023,35,000036B0,"14,000z",0000000C,7,00B4,180,0000,0,000F,15%,00000008,SLEEP,00000025,37,00000000,00000000,00000003,00000003,00000002,00000000,"3, 2, 0",0046,0046,001E,005A,003C,001E,0000,0000,70,70,30,90,60,30,0,0032,6,0000,7,0000,8,0000,9,70,70,30,90,60,80,0,,,F53436B0,EDA9B920,00000000,00000000,0002,0001,0000,0000,Offensive Guard,2,Guard,1
0000001B,27,0000000E,0000000A,10,00000000,0,00000024,36,9E528683-142E-4738-8972-1003F91EE642,Immolator Blade,F22EEA56-EC4B-439B-86A6-F260C9D66592,00000024,36,00004E20,"20,000z",0000000B,8,00C8,200,0000,0,000F,15%,00000008,SLEEP,00000028,40,00000000,00000000,00000003,00000003,00000002,00000001,"3, 2, 1",0046,0046,001E,003C,0028,0050,0000,0000,70,70,30,60,40,80,0,0032,6,0000,7,0000,8,0000,9,70,70,30,60,40,130,0,,,F53436B0,EDA9B920,00000000,00000000,0002,0001,0000,0000,Offensive Guard,2,Guard,1
0000001C,28,0000000E,0000000B,11,00000000,0,0000002C,44,DA941588-D522-40D1-8735-124C74C0CBC0,Nu Krake I,97604562-FE84-4A72-A504-F714A6949D3B,0000001E,30,00000A28,"2,600z",0000000F,4,00AA,170,0000,0,FFF1,-15%,00000001,FIRE,0000001B,27,00000000,00000000,00000003,00000001,00000000,00000000,"1, 0, 0",0064,0014,0064,001E,0000,0000,0000,0000,100,20,100,30,0,0,0,0032,4,0000,5,0000,6,0000,7,100,20,100,80,0,0,0,,,596A2780,561FF780,00000000,00000000,0002,0001,0000,0000,Protective Polish,2,Speed Sharpening,1
0000001D,29,0000000E,0000000B,11,00000000,0,0000002D,45,26566965-C244-45D2-B40A-C2B772E4E33B,Nu Krake II,1E126196-8BFD-41FA-9D6A-CF97E31F03F0,0000001F,31,000036B0,"14,000z",0000000C,7,00D2,210,0000,0,FFF1,-15%,00000001,FIRE,00000025,37,00000000,00000000,00000003,00000003,00000002,00000000,"3, 2, 0",0064,0014,0078,0046,0028,0000,0000,0000,100,20,120,70,40,0,0,0032,5,0000,6,0000,7,0000,8,100,20,120,70,90,0,0,,,596A2780,561FF780,00000000,00000000,0002,0002,0000,0000,Protective Polish,2,Speed Sharpening,2
0000001E,30,0000000E,0000000B,11,00000000,0,0000002E,46,EF69BD47-6D9E-4386-A203-275F94058143,Abaddonian Krake,E66428C8-A54A-4F97-B1DB-518D1C6556ED,00000020,32,00004E20,"20,000z",0000000B,8,00E6,230,0000,0,FFF1,-15%,00000001,FIRE,00000028,40,00000000,00000000,00000003,00000003,00000002,00000001,"3, 2, 1",0064,0014,0078,0032,0032,000A,0000,0000,100,20,120,50,50,10,0,0032,6,0000,7,0000,8,0000,9,100,20,120,50,50,60,0,,,596A2780,561FF780,00000000,00000000,0003,0002,0000,0000,Protective Polish,3,Speed Sharpening,2
0000001F,31,0000000E,000186A1,100001,00000000,0,00000035,53,6FDFA44F-5447-4BE0-95E1-82F5CBF68511,Dosha Grimslayer I,A820B1E2-2E12-42B2-AE4E-7B6F66D4ECD2,00000031,49,00000A28,"2,600z",0000000F,4,00B4,180,0000,0,FFEC,-20%,00000000,-,00000000,0,00000000,00000000,00000003,00000001,00000001,00000000,"1, 1, 0",0032,0046,0078,000A,0000,0000,0000,0000,50,70,120,10,0,0,0,0032,4,0000,5,0000,6,0000,7,50,70,120,60,0,0,0,,,EF1CAA60,00000000,00000000,00000000,0001,0000,0000,0000,Focus,1,,
00000020,32,0000000E,000186A1,100001,00000000,0,00000036,54,F1C97D0C-135B-43D8-BCDF-729DB3F21D4D,Dosha Grimslayer II,0B6DC52C-A6AD-4164-9765-28F34BB38CD6,00000032,50,00002710,"10,000z",0000000D,6,00DC,220,0000,0,FFEC,-20%,00000000,-,00000000,0,00000000,00000000,00000003,00000002,00000001,00000001,"2, 1, 1",0032,006E,006E,001E,0000,0000,0000,0000,50,110,110,30,0,0,0,0032,4,0000,5,0000,6,0000,7,50,110,110,80,0,0,0,,,EF1CAA60,00000000,00000000,00000000,0002,0000,0000,0000,Focus,2,,
00000021,33,0000000E,000186A1,100001,00000000,0,00000037,55,E4536852-8ACC-4442-BFA1-A686557BFDA4,Grimslayer Urgeom,BD415C77-127F-48C8-ACE8-9231964B56AF,00000033,51,00004E20,"20,000z",0000000B,8,00FA,250,0000,0,FFEC,-20%,00000000,-,00000000,0,00000000,00000000,00000003,00000003,00000003,00000001,"3, 3, 1",0032,0046,0064,0064,001E,0000,0000,0000,50,70,100,100,30,0,0,0014,5,001E,6,0000,7,0000,8,50,70,100,100,50,30,0,,,EF1CAA60,00000000,00000000,00000000,0002,0000,0000,0000,Focus,2,,
00000022,34,0000000E,000186A0,100000,00000000,0,0000001C,28,35519822-DB43-445E-A4B7-9BDFB3B6074E,Albirath Wing I,29441DD6-5A5E-4004-B0BB-2B296BA560E0,00000006,6,00000A28,"2,600z",0000000F,4,00A0,160,0000,0,000F,15%,00000001,FIRE,0000001C,28,00000000,00000000,00000003,00000001,00000000,00000000,"1, 0, 0",0032,0064,003C,0028,0000,0000,0000,0000,50,100,60,40,0,0,0,0032,4,0000,5,0000,6,0000,7,50,100,60,90,0,0,0,,,52D79300,12B121E0,00000000,00000000,0001,0001,0000,0000,Master's Touch,1,Critical Element,1
00000023,35,0000000E,000186A0,100000,00000000,0,0000001D,29,9D287E82-B53B-4072-8AC7-05EA017191B5,Albirath Wing II,9F79705F-FE0C-4C9F-8F76-DEE38E8A8BE5,00000007,7,00002710,"10,000z",0000000D,6,00B4,180,0000,0,000F,15%,00000001,FIRE,00000022,34,00000000,00000000,00000003,00000002,00000001,00000000,"2, 1, 0",0032,0078,0032,0028,0028,0000,0000,0000,50,120,50,40,40,0,0,0014,5,001E,6,0000,7,0000,8,50,120,50,40,60,30,0,,,52D79300,12B121E0,00000000,00000000,0001,0001,0000,0000,Master's Touch,1,Critical Element,1
00000024,36,0000000E,000186A0,100000,00000000,0,0000001E,30,AE768612-9CDE-4EE4-9250-C3EED572DA34,Whitefire Rathguard,94AAD2A5-3985-42F1-B870-0C5BFEB7B18D,00000008,8,00004E20,"20,000z",0000000B,8,00D2,210,0000,0,000F,15%,00000001,FIRE,00000028,40,00000000,00000000,00000003,00000003,00000002,00000001,"3, 2, 1",0032,0096,0032,0028,0028,0014,0000,0000,50,150,50,40,40,20,0,0032,6,0000,7,0000,8,0000,9,50,150,50,40,40,70,0,,,52D79300,12B121E0,00000000,00000000,0001,0001,0000,0000,Master's Touch,1,Critical Element,1
00000025,37,0000000E,00000013,19,00000000,0,0000001A,26,2F422ACE-1B87-40B8-970A-9ECF4227BE94,Jin Dhavaar I,A9FA7631-7E06-4008-BC66-D34E39B13539,0000000D,13,000036B0,"14,000z",0000000C,7,00BE,190,0000,0,0000,0%,00000003,ICE,00000037,55,00000000,00000000,00000003,00000003,00000002,00000000,"3, 2, 0",0028,0028,0032,0064,0064,0014,0000,0000,40,40,50,100,100,20,0,0032,6,0000,7,0000,8,0000,9,40,40,50,100,100,70,0,,,EF1CAA60,00000000,00000000,00000000,0002,0000,0000,0000,Focus,2,,
00000026,38,0000000E,00000013,19,00000000,0,0000001B,27,FCA63E14-E5CD-43A7-A770-9287FCCD2D21,Precipice Metallam,7438A5E1-CCB3-4B11-AE9D-3CC068C7454C,0000000E,14,00004E20,"20,000z",0000000B,8,00D2,210,0000,0,0000,0%,00000003,ICE,0000003C,60,00000000,00000000,00000003,00000003,00000002,00000001,"3, 2, 1",0028,0028,0032,0050,006E,001E,0000,0000,40,40,50,80,110,30,0,0032,6,0000,7,0000,8,0000,9,40,40,50,80,110,80,0,,,EF1CAA60,00000000,00000000,00000000,0003,0000,0000,0000,Focus,3,,
00000027,39,0000000E,00000014,20,00000000,0,0000000C,12,7A06C8C1-487C-4ACA-8046-0C3F6F4ECE40,Nihil Great Sword I,8C9CB4D2-89D2-48A3-9476-5AF592881A65,00000025,37,00000A28,"2,600z",0000000F,4,00A0,160,0000,0,0000,0%,00000002,WATER,00000014,20,00000000,00000000,00000003,00000001,00000000,00000000,"1, 0, 0",0014,006E,0046,0032,0000,0000,0000,0000,20,110,70,50,0,0,0,0032,4,0000,5,0000,6,0000,7,20,110,70,100,0,0,0,,,28EBAB40,00000000,00000000,00000000,0002,0000,0000,0000,Critical Draw,2,,
00000028,40,0000000E,00000014,20,00000000,0,0000000D,13,DD0D8E87-EA9C-4F47-8755-478E19CFAB53,Nihil Great Sword II,E8EC67BF-4DDE-4B5D-A748-894D417B5C28,00000026,38,00002710,"10,000z",0000000D,6,00BE,190,0000,0,0000,0%,00000002,WATER,0000001A,26,00000000,00000000,00000003,00000002,00000001,00000001,"2, 1, 1",0014,006E,0046,0046,001E,0000,0000,0000,20,110,70,70,30,0,0,0032,5,0000,6,0000,7,0000,8,20,110,70,70,80,0,0,,,28EBAB40,00000000,00000000,00000000,0002,0000,0000,0000,Critical Draw,2,,
00000029,41,0000000E,00000014,20,00000000,0,0000000E,14,B7786D27-9647-49F3-B118-4226343D5C65,Prinvrilo's Dissolution,9FF9F8AF-20B4-4553-A06A-B005F76E4282,00000027,39,00004E20,"20,000z",0000000B,8,00DC,220,0000,0,0000,0%,00000002,WATER,0000001E,30,00000000,00000000,00000003,00000003,00000002,00000001,"3, 2, 1",0014,006E,0032,0032,0046,0032,0000,0000,20,110,50,50,70,50,0,0032,6,0000,7,0000,8,0000,9,20,110,50,50,70,100,0,,,28EBAB40,00000000,00000000,00000000,0003,0000,0000,0000,Critical Draw,3,,
0000002A,42,0000000E,00000011,17,00000000,0,0000003A,58,1560C689-1017-48BD-8986-7FC8465FC7C4,G. Veldian Gladius I,B3062730-EDA0-44CD-B97A-91565BEA900E,0000002C,44,00000A28,"2,600z",0000000F,4,00AA,170,0000,0,FFF6,-10%,00000005,DRAGON,00000014,20,00000000,00000000,00000003,00000001,00000001,00000000,"1, 1, 0",0064,0032,005A,000A,0000,0000,0000,0000,100,50,90,10,0,0,0,0032,4,0000,5,0000,6,0000,7,100,50,90,60,0,0,0,,,EF1CAA60,00000000,00000000,00000000,0002,0000,0000,0000,Focus,2,,
0000002B,43,0000000E,00000011,17,00000000,0,0000003B,59,CC538615-219A-4184-A317-06C35B9945D4,G. Veldian Gladius II,5EE987A8-906A-46FB-95EC-6E79FF198E58,0000002D,45,00002710,"10,000z",0000000D,6,00D2,210,0000,0,FFF6,-10%,00000005,DRAGON,0000001A,26,00000000,00000000,00000003,00000002,00000002,00000000,"2, 2, 0",0064,0050,005A,001E,0000,0000,0000,0000,100,80,90,30,0,0,0,0014,4,001E,5,0000,6,0000,7,100,80,90,50,30,0,0,,,EF1CAA60,00000000,00000000,00000000,0002,0000,0000,0000,Focus,2,,
0000002C,44,0000000E,00000011,17,00000000,0,0000003C,60,BD9A097A-C746-4DE5-A0B7-5D27A299678B,G. Stalwart Lamorak,FB893521-07DB-4EF6-8BB5-D47455414B4D,0000002E,46,00004E20,"20,000z",0000000B,8,00F0,240,0000,0,FFF6,-10%,00000005,DRAGON,0000001E,30,00000000,00000000,00000003,00000003,00000003,00000001,"3, 3, 1",0064,005A,0032,0050,001E,0000,0000,0000,100,90,50,80,30,0,0,0014,5,001E,6,0000,7,0000,8,100,90,50,80,50,30,0,,,EF1CAA60,00000000,00000000,00000000,0002,0000,0000,0000,Focus,2,,
0000002D,45,0000000E,0000000C,12,00000000,0,00000009,9,08621E5B-8CBE-424F-95AB-4757EDD4B53C,Chicken Decapitator I,6C032C0F-F2EE-4A02-9E88-F19F09E6EBE0,00000034,52,00000FA0,"4,000z",0000000E,5,00B4,180,0000,0,0000,0%,00000001,FIRE,0000002D,45,00000000,00000000,00000003,00000002,00000001,00000000,"2, 1, 0",0064,0064,0046,001E,0000,0000,0000,0000,100,100,70,30,0,0,0,0014,4,001E,5,0000,6,0000,7,100,100,70,50,30,0,0,,,EF1CAA60,A8133D80,00000000,00000000,0001,0001,0000,0000,Focus,1,Charge Master,1
0000002E,46,0000000E,0000000C,12,00000000,0,0000000A,10,C3A614A5-766F-40BE-BAE1-A51FC3E83AD1,Chicken Decapitator II,D55A6A21-331C-4F1F-B935-44FB659537D2,00000035,53,000036B0,"14,000z",0000000C,7,00D2,210,0000,0,0000,0%,00000001,FIRE,00000037,55,00000000,00000000,00000003,00000002,00000001,00000000,"2, 1, 0",0064,0078,0032,0046,000A,0000,0000,0000,100,120,50,70,10,0,0,0014,5,001E,6,0000,7,0000,8,100,120,50,70,30,30,0,,,EF1CAA60,A8133D80,00000000,00000000,0002,0002,0000,0000,Focus,2,Charge Master,2
0000002F,47,0000000E,0000000C,12,00000000,0,0000000B,11,4F04FB5D-4B76-4B54-84E4-EE8D0AA8F4B3,Rooster Decapitator,ED5CC493-FCA2-42D5-87F8-9EC8E1579F8B,00000036,54,00004E20,"20,000z",0000000B,8,00DC,220,0000,0,0000,0%,00000001,FIRE,0000003C,60,00000000,00000000,00000003,00000003,00000002,00000001,"3, 2, 1",006E,0078,0014,0050,0014,0000,0000,0000,110,120,20,80,20,0,0,000A,5,0028,6,0000,7,0000,8,110,120,20,80,30,40,0,,,EF1CAA60,A8133D80,00000000,00000000,0002,0002,0000,0000,Focus,2,Charge Master,2
00000030,48,0000000E,0000000D,13,00000000,0,0000002F,47,FDED1E62-DA8F-4232-8989-40D402E0BFA6,Slaughter I,9AB23BA8-C5D3-42CC-815B-B41B909C2087,00000039,57,00000FA0,"4,000z",0000000E,5,00B4,180,0000,0,0000,0%,00000006,POISON,00000029,41,00000000,00000000,00000003,00000002,00000001,00000000,"2, 1, 0",005A,0032,0078,0028,0000,0000,0000,0000,90,50,120,40,0,0,0,0032,4,0000,5,0000,6,0000,7,90,50,120,90,0,0,0,,,28EBAB40,8BFD1E80,00000000,00000000,0001,0001,0000,0000,Critical Draw,1,Punishing Draw,1
00000031,49,0000000E,0000000D,13,00000000,0,00000030,48,A2CC4AF1-C0C8-46B0-A697-D4326ECFE931,Slaughter II,506D3064-A54E-4442-BF63-723DA83E3D0F,0000003A,58,00002710,"10,000z",0000000D,6,00C8,200,0000,0,0000,0%,00000006,POISON,0000002C,44,00000000,00000000,00000003,00000002,00000001,00000000,"2, 1, 0",005A,0032,0050,0046,000A,0000,0000,0000,90,50,80,70,10,0,0,0032,5,0000,6,0000,7,0000,8,90,50,80,70,60,0,0,,,28EBAB40,8BFD1E80,00000000,00000000,0002,0001,0000,0000,Critical Draw,2,Punishing Draw,1
00000032,50,0000000E,0000000D,13,00000000,0,00000031,49,4AD00A2F-8ADF-49CF-910C-33C4CC79901B,Poison King,48BDB511-1BB7-4643-8F75-7D9DDD907C39,0000003B,59,00004E20,"20,000z",0000000B,8,00E6,230,0000,0,0000,0%,00000006,POISON,00000032,50,00000000,00000000,00000003,00000003,00000002,00000001,"3, 2, 1",005A,0032,006E,0046,001E,0000,0000,0000,90,50,110,70,30,0,0,0032,5,0000,6,0000,7,0000,8,90,50,110,70,80,0,0,,,28EBAB40,8BFD1E80,00000000,00000000,0002,0002,0000,0000,Critical Draw,2,Punishing Draw,2
00000033,51,0000000E,00000005,5,00000000,0,00000006,6,5A2DDECE-8466-4964-8284-D78C8366A580,Valkyrie Blade I,9D144802-3BC1-438B-89BC-3D0C7788098E,0000003C,60,00001388,"5,000z",0000000E,5,00A0,160,0000,0,000F,15%,00000006,POISON,00000015,21,00000000,00000000,00000003,00000002,00000001,00000000,"2, 1, 0",0032,0046,0028,0078,0014,0000,0000,0000,50,70,40,120,20,0,0,0032,5,0000,6,0000,7,0000,8,50,70,40,120,70,0,0,,,F5EE7100,9EDDD500,00000000,00000000,0002,0001,0000,0000,Critical Status,2,Poison Duration Up,1
00000034,52,0000000E,00000005,5,00000000,0,00000007,7,3B056739-E6C0-490B-B819-8F86D3193437,Valkyrie Blade II,62FB5315-15CC-4FB3-B84C-BE79C46370F4,0000003D,61,000036B0,"14,000z",0000000C,7,00BE,190,0000,0,000F,15%,00000006,POISON,0000001B,27,00000000,00000000,00000003,00000003,00000002,00000000,"3, 2, 0",0028,0050,0028,0078,0032,0014,0000,0000,40,80,40,120,50,20,0,0032,6,0000,7,0000,8,0000,9,40,80,40,120,50,70,0,,,F5EE7100,9EDDD500,00000000,00000000,0003,0001,0000,0000,Critical Status,3,Poison Duration Up,1
00000035,53,0000000E,00000005,5,00000000,0,00000008,8,1FBD6823-4F0C-4E0F-8CAD-9DABAC39DA73,Sieglinde,6E65B861-CACF-4785-8CE5-71331A963A84,0000003E,62,00004E20,"20,000z",0000000B,8,00D2,210,0000,0,000F,15%,00000006,POISON,0000001E,30,00000000,00000000,00000003,00000003,00000002,00000001,"3, 2, 1",0028,0050,001E,0078,0028,0028,0000,0000,40,80,30,120,40,40,0,0032,6,0000,7,0000,8,0000,9,40,80,30,120,40,90,0,,,F5EE7100,9EDDD500,00000000,00000000,0003,0001,0000,0000,Critical Status,3,Poison Duration Up,1
00000036,54,0000000E,000186A2,100002,00000000,0,00000038,56,D4174B03-FE5C-4C65-92AE-89C623D6B57F,Smiting Fulgur I,170BF953-4CEE-4112-9DCD-CB49C2B90A15,00000037,55,00002710,"10,000z",0000000D,6,00B4,180,0000,0,000F,15%,00000004,THUNDER,0000002C,44,00000000,00000000,00000003,00000002,00000001,00000000,"2, 1, 0",0028,0064,0082,001E,0000,0000,0000,0000,40,100,130,30,0,0,0,000A,4,0028,5,0000,6,0000,7,40,100,130,40,40,0,0,,,12B121E0,00000000,00000000,00000000,0002,0000,0000,0000,Critical Element,2,,
00000037,55,0000000E,000186A2,100002,00000000,0,00000039,57,1ED6281B-649D-486C-AFD3-467BBA93B61D,Fulgurcleaver Guardiana,28598162-90FF-4AF7-956E-E2B7C0C1C461,00000038,56,00004E20,"20,000z",0000000B,8,00D2,210,0000,0,000F,15%,00000004,THUNDER,00000032,50,00000000,00000000,00000003,00000003,00000002,00000001,"3, 2, 1",0028,005A,0078,0046,001E,0000,0000,0000,40,90,120,70,30,0,0,0000,5,0032,6,0000,7,0000,8,40,90,120,70,30,50,0,,,12B121E0,00000000,00000000,00000000,0003,0000,0000,0000,Critical Element,3,,
00000038,56,0000000E,00000008,8,00000000,0,0000001F,31,873ED672-3459-4F81-87D9-D6DA081961A1,Red Wing I,B7F1BAC8-E642-4A0C-B9D6-C574C46770C2,0000003F,63,00002710,"10,000z",0000000D,6,00B4,180,0000,0,000A,10%,00000001,FIRE,0000002C,44,00000000,00000000,00000003,00000002,00000001,00000000,"2, 1, 0",0064,0046,0032,0032,001E,0000,0000,0000,100,70,50,50,30,0,0,0032,5,0000,6,0000,7,0000,8,100,70,50,50,80,0,0,,,A02B7A00,00000000,00000000,00000000,0003,0000,0000,0000,Critical Boost,3,,
00000039,57,0000000E,00000008,8,00000000,0,00000020,32,F61A37EE-CAF5-402F-8187-3B0CC46DA396,Rathalos Firesword,B2184250-17EE-4769-91EE-2F13766565C6,00000040,64,00004E20,"20,000z",0000000B,8,00C8,200,0000,0,000A,10%,00000001,FIRE,00000032,50,00000000,00000000,00000003,00000003,00000002,00000001,"3, 2, 1",0064,0046,0032,0032,0032,001E,0000,0000,100,70,50,50,50,30,0,0032,6,0000,7,0000,8,0000,9,100,70,50,50,50,80,0,,,A02B7A00,00000000,00000000,00000000,0003,0000,0000,0000,Critical Boost,3,,
0000003A,58,0000000E,00000009,9,00000000,0,00000025,37,BA08E119-979B-4CD3-B215-6732579C1423,Schattenstolz I,39FB6DD7-ADA3-4621-8FF6-CFE127DFAEF5,00000041,65,000036B0,"14,000z",0000000C,7,00B4,180,0000,0,0014,20%,00000005,DRAGON,00000025,37,00000000,00000000,00000003,00000003,00000002,00000001,"3, 2, 1",0032,0046,0050,0046,003C,0014,0000,0000,50,70,80,70,60,20,0,0032,6,0000,7,0000,8,0000,9,50,70,80,70,60,70,0,,,12B121E0,00000000,00000000,00000000,0002,0000,0000,0000,Critical Element,2,,
0000003B,59,0000000E,00000009,9,00000000,0,00000026,38,DF427769-8259-4472-940E-CDDDCB0EB554,DÃ¼sterstolz,AFE86A7B-8908-41DB-9C31-9A483F78199E,00000042,66,00004E20,"20,000z",0000000B,8,00D2,210,0000,0,0014,20%,00000005,DRAGON,00000028,40,00000000,00000000,00000003,00000003,00000002,00000001,"3, 2, 1",0032,0032,0050,003C,003C,0032,0000,0000,50,50,80,60,60,50,0,0032,6,0000,7,0000,8,0000,9,50,50,80,60,60,100,0,,,12B121E0,00000000,00000000,00000000,0003,0000,0000,0000,Critical Element,3,,
0000003C,60,0000000E,00000018,24,00000000,0,0000003D,61,AF5A867B-D4E3-491A-81B4-42619E88A1C6,Veldian Gladius I,597E2519-A5CC-4292-A054-D44B1FE87F77,0000002F,47,000036B0,"14,000z",0000000C,7,00C8,200,0000,0,0000,0%,00000005,DRAGON,0000002F,47,00000000,00000000,00000003,00000003,00000002,00000000,"3, 2, 0",0032,0032,0032,0078,0046,000A,0000,0000,50,50,50,120,70,10,0,0032,6,0000,7,0000,8,0000,9,50,50,50,120,70,60,0,,,EF1CAA60,00000000,00000000,00000000,0003,0000,0000,0000,Focus,3,,
0000003D,61,0000000E,00000018,24,00000000,0,00000051,81,E1E7B2D4-FB00-42B0-B1FE-D6CF1A435B9C,Stalwart Lamorak,950A58B0-B9DA-48AB-882B-CAE07417AFA1,00000030,48,00004E20,"20,000z",0000000B,8,00DC,220,0000,0,0000,0%,00000005,DRAGON,00000032,50,00000000,00000000,00000003,00000003,00000002,00000001,"3, 2, 1",0032,0032,0032,005A,0050,001E,0000,0000,50,50,50,90,80,30,0,0032,6,0000,7,0000,8,0000,9,50,50,50,90,80,80,0,,,EF1CAA60,00000000,00000000,00000000,0003,0000,0000,0000,Focus,3,,
0000003E,62,0000000E,0000001B,27,00000000,0,0000003E,62,7C5F9C64-655B-4EF4-BDE3-1C17C87DBE02,Frozen Speartuna I,79A09D39-9CB0-4C34-8E7D-BA4406943DC4,00000043,67,00000A28,"2,600z",0000000F,4,0096,150,0000,0,0000,0%,00000003,ICE,00000032,50,00000000,00000000,00000003,00000000,00000000,00000000,"0, 0, 0",0032,005A,005A,0014,0000,0000,0000,0000,50,90,90,20,0,0,0,0032,4,0000,5,0000,6,0000,7,50,90,90,70,0,0,0,,,8BFD1E80,00000000,00000000,00000000,0003,0000,0000,0000,Punishing Draw,3,,
0000003F,63,0000000E,0000001B,27,00000000,0,0000003F,63,CC6D9D9A-D737-4C42-BDB5-360E19E8365B,Frozen Speartuna II,2E96091D-8B8A-4F14-AB1D-3D550D89BE53,00000044,68,00002710,"10,000z",0000000D,6,00B4,180,0000,0,0000,0%,00000003,ICE,0000003C,60,00000000,00000000,00000003,00000002,00000000,00000000,"2, 0, 0",0032,005A,006E,0032,0000,0000,0000,0000,50,90,110,50,0,0,0,0032,4,0000,5,0000,6,0000,7,50,90,110,100,0,0,0,,,8BFD1E80,CABFAFC0,00000000,00000000,0003,0001,0000,0000,Punishing Draw,3,Slugger,1
00000040,64,0000000E,0000001B,27,00000000,0,00000040,64,84E97DF7-7F6D-41BD-9FF3-B2CA092A06D5,Freezer Speartuna,1F179A47-5E75-4416-86DE-3E9E212BA100,00000045,69,00004E20,"20,000z",0000000B,8,00DC,220,0000,0,0000,0%,00000003,ICE,00000046,70,00000000,00000000,00000003,00000003,00000002,00000000,"3, 2, 0",0032,0032,005A,006E,0032,0000,0000,0000,50,50,90,110,50,0,0,0032,5,0000,6,0000,7,0000,8,50,50,90,110,100,0,0,,,8BFD1E80,CABFAFC0,00000000,00000000,0003,0002,0000,0000,Punishing Draw,3,Slugger,2
00000041,65,0000000E,00000017,23,00000000,0,00000041,65,DCBC94F3-17F6-42F6-B80F-CFC01C6E889B,Paretic Blade I,677F1F64-9265-4386-960E-D65C0A1B9855,00000014,20,000001F4,500z,00000012,1,005A,90,0000,0,0000,0%,00000007,PARALYSIS,00000019,25,00000000,00000000,00000003,00000000,00000000,00000000,"0, 0, 0",0032,0046,0050,0000,0000,0000,0000,0000,50,70,80,0,0,0,0,0032,3,0000,4,0000,5,0000,6,50,70,130,0,0,0,0,,,561FF780,00000000,00000000,00000000,0001,0000,0000,0000,Speed Sharpening,1,,
00000042,66,0000000E,00000017,23,00000000,0,00000042,66,CAA22D6C-6326-4817-AC72-7A31A3199C7C,Paretic Blade II,642B43EC-F530-43C9-8DE2-0C5D0AFE8AD6,00000015,21,000005DC,"1,500z",00000010,3,0078,120,0000,0,0000,0%,00000007,PARALYSIS,0000001F,31,00000000,00000000,00000003,00000000,00000000,00000000,"0, 0, 0",003C,0050,0064,000A,0000,0000,0000,0000,60,80,100,10,0,0,0,0032,4,0000,5,0000,6,0000,7,60,80,100,60,0,0,0,,,561FF780,00000000,00000000,00000000,0002,0000,0000,0000,Speed Sharpening,2,,
00000043,67,0000000E,00000017,23,00000000,0,00000043,67,2F100233-2294-4866-BB2B-91C95A0DB41E,Paretic Blade III,7EC7DD7D-AAE0-49BF-AEEA-9E1A3FCF3A69,00000016,22,00000FA0,"4,000z",0000000E,5,0096,150,0000,0,0000,0%,00000007,PARALYSIS,00000029,41,00000000,00000000,00000003,00000002,00000001,00000001,"2, 1, 1",0046,0050,0064,0032,0000,0000,0000,0000,70,80,100,50,0,0,0,0032,4,0000,5,0000,6,0000,7,70,80,100,100,0,0,0,,,561FF780,00000000,00000000,00000000,0002,0000,0000,0000,Speed Sharpening,2,,
00000044,68,0000000E,00000017,23,00000000,0,00000044,68,66A945F1-A40B-4AA2-8F30-EE286C3172F2,Paretic Blade IV,F9699193-87C2-46DD-A852-0075A98687BB,00000017,23,000036B0,"14,000z",0000000C,7,00B4,180,0000,0,0000,0%,00000007,PARALYSIS,0000002F,47,00000000,00000000,00000003,00000003,00000002,00000001,"3, 2, 1",0032,003C,0050,0064,000A,0000,0000,0000,50,60,80,100,10,0,0,0014,5,001E,6,0000,7,0000,8,50,60,80,100,30,30,0,,,561FF780,00000000,00000000,00000000,0002,0000,0000,0000,Speed Sharpening,2,,
00000045,69,0000000E,00000017,23,00000000,0,00000045,69,007D7B9C-6C99-4D1C-800A-3ACFD5B91E32,Destructive Torpor,6DF9A7C0-832F-4284-8F2C-553BCE90FE1A,00000018,24,00004E20,"20,000z",0000000B,8,00C8,200,0000,0,0000,0%,00000007,PARALYSIS,00000032,50,00000000,00000000,00000003,00000003,00000003,00000001,"3, 3, 1",0032,003C,0064,006E,001E,0000,0000,0000,50,60,100,110,30,0,0,0000,5,0032,6,0000,7,0000,8,50,60,100,110,30,50,0,,,561FF780,00000000,00000000,00000000,0002,0000,0000,0000,Speed Sharpening,2,,
00000046,70,0000000E,00000000,0,00000000,0,00000055,85,16B540BE-6916-4CD2-B705-85ED337733F8,Jawblade I,EF594EC7-9D88-467A-B636-98432F01AB34,00000046,70,00002710,"10,000z",0000000D,6,00C8,200,0000,0,0000,0%,00000000,-,00000000,0,00000000,00000000,00000003,00000002,00000001,00000000,"2, 1, 0",0032,005A,006E,0032,0000,0000,0000,0000,50,90,110,50,0,0,0,0028,4,000A,5,0000,6,0000,7,50,90,110,90,10,0,0,,,EF1CAA60,596A2780,00000000,00000000,0002,0002,0000,0000,Focus,2,Protective Polish,2
00000047,71,0000000E,00000000,0,00000000,0,00000056,86,FFAFA696-E051-4453-9027-F943E38C7BDA,Giant Jawblade,AED22E62-A5E6-408E-9671-B4474CE1EF00,00000047,71,00004E20,"20,000z",0000000B,8,00F0,240,0000,0,0000,0%,00000000,-,00000000,0,00000000,00000000,00000003,00000003,00000002,00000001,"3, 2, 1",0032,0064,0078,0032,001E,0000,0000,0000,50,100,120,50,30,0,0,0028,5,000A,6,0000,7,0000,8,50,100,120,50,70,10,0,,,EF1CAA60,596A2780,00000000,00000000,0002,0002,0000,0000,Focus,2,Protective Polish,2
00000048,72,0000000E,000186A3,100003,00000000,0,00000046,70,0953CF50-2F56-4183-8B90-0ECC89836A93,Artian Blade I,D1D0B2EA-AC81-469F-BCBD-8C90CD910549,00000064,100,00000028,40z,0000000D,6,00AA,170,0000,0,0005,5%,00000000,-,0000001E,30,00000000,00000000,00000003,00000002,00000002,00000002,"2, 2, 2",0050,0028,003C,0050,0028,0000,0000,0000,80,40,60,80,40,0,0,0014,5,001E,6,0000,7,0000,8,80,40,60,80,60,30,0,,,00000000,00000000,00000000,00000000,0000,0000,0000,0000,,,,
00000049,73,0000000E,000186A3,100003,00000000,0,00000047,71,818082C5-85DC-4B3A-84D2-B248036C6FCF,Artian Blade II,666E4DD4-5A0E-4617-A881-3234EFF7DDBC,00000065,101,00000064,100z,0000000C,7,00B4,180,0000,0,0005,5%,00000000,-,0000001E,30,00000000,00000000,00000003,00000002,00000002,00000002,"2, 2, 2",0050,0028,003C,0050,0046,0014,0000,0000,80,40,60,80,70,20,0,0032,6,0000,7,0000,8,0000,9,80,40,60,80,70,70,0,,,00000000,00000000,00000000,00000000,0000,0000,0000,0000,,,,
0000004A,74,0000000E,000186A3,100003,00000000,0,00000048,72,D567DB63-65ED-4F7B-A4FE-3D2F97598BBA,Varianza,471F2371-3A72-45DC-91F0-D1A5C1F2B13A,00000066,102,000000C8,200z,0000000B,8,00BE,190,0000,0,0005,5%,00000000,-,0000002D,45,00000000,00000000,00000003,00000003,00000003,00000003,"3, 3, 3",0050,0028,003C,0050,0046,0014,0000,0000,80,40,60,80,70,20,0,0032,6,0000,7,0000,8,0000,9,80,40,60,80,70,70,0,,,00000000,00000000,00000000,00000000,0000,0000,0000,0000,,,,
0000004B,75,0000000E,00000015,21,00000000,0,00000049,73,821E602E-02D4-4874-9818-1C07E76C2836,Zoh Veiah I,D6267895-8845-4755-81A5-30F69AE894E6,00000067,103,000036B0,"14,000z",0000000C,7,00D2,210,0000,0,0005,5%,00000005,DRAGON,00000019,25,00000000,00000000,00000003,00000003,00000002,00000000,"3, 2, 0",0064,0028,0064,0028,0032,0014,0000,0000,100,40,100,40,50,20,0,0032,6,0000,7,0000,8,0000,9,100,40,100,40,50,70,0,,,22580500,00000000,00000000,00000000,0001,0000,0000,0000,Whiteflame Torrent,1,,
0000004C,76,0000000E,00000015,21,00000000,0,0000005C,92,B751A6CA-3990-4577-9308-8C8ECFA47D80,Blazing Veiah,D5CB13F5-4209-45CA-9F46-B7F14F238454,00000068,104,00004E20,"20,000z",0000000B,8,00DC,220,0000,0,0005,5%,00000005,DRAGON,0000001E,30,00000000,00000000,00000003,00000003,00000002,00000001,"3, 2, 1",0064,0028,0064,0028,001E,0028,0000,0000,100,40,100,40,30,40,0,0032,6,0000,7,0000,8,0000,9,100,40,100,40,30,90,0,,,22580500,00000000,00000000,00000000,0001,0000,0000,0000,Whiteflame Torrent,1,,
0000004D,77,0000000E,00000012,18,00000000,0,0000004D,77,F9EF3052-C922-49B7-A531-BB4E61CCAAE2,Hanayako Yohino I,20E2A772-FA0F-4BE2-B742-99C2C086FAA8,0000006A,106,00002710,"10,000z",0000000D,6,00B4,180,0000,0,000F,15%,00000002,WATER,00000023,35,00000000,00000000,00000003,00000002,00000001,00000000,"2, 1, 0",0050,003C,0028,0028,0046,000A,0000,0000,80,60,40,40,70,10,0,0032,6,0000,7,0000,8,0000,9,80,60,40,40,70,60,0,,,CD7B9340,12B121E0,00000000,00000000,0002,0001,0000,0000,Slicked Blade,2,Critical Element,1
0000004E,78,0000000E,00000012,18,00000000,0,0000004E,78,A10B032D-7B96-4F2E-91B4-BA73416DE30D,Akanesasu,B4DEE922-CD9A-4920-957A-224C0B1ED48F,0000006B,107,00004E20,"20,000z",0000000B,8,00D2,210,0000,0,000F,15%,00000002,WATER,0000002D,45,00000000,00000000,00000003,00000003,00000002,00000001,"3, 2, 1",0050,003C,0028,0028,0050,0032,0000,0000,80,60,40,40,80,50,0,0032,6,0000,7,0000,8,0000,9,80,60,40,40,80,100,0,,,CD7B9340,12B121E0,00000000,00000000,0003,0001,0000,0000,Slicked Blade,3,Critical Element,1