Index Raw,Index,Type Raw,Model ID Raw,Model ID,Custom Model ID Raw,HBG ID Raw,LBG ID Raw,ID,Name Raw,Name,Description Raw,Sort ID Raw,Sort ID,Price Raw,Price,Rarity Raw,Rarity,Attack Raw,Attack,Defense Raw,Defense,Affinity Raw,Affinity,Slot 1 Raw,Slot 2 Raw,Slot 3 Raw,Slots,Main Shell Raw,Main Shell,Shell 0 Lv Raw,Shell 1 Lv Raw,Shell 2 Lv Raw,Shell 3 Lv Raw,Shell 4 Lv Raw,Shell 5 Lv Raw,Shell 6 Lv Raw,Shell 7 Lv Raw,Shell 8 Lv Raw,Shell 9 Lv Raw,Shell 10 Lv Raw,Shell 11 Lv Raw,Shell 12 Lv Raw,Shell 13 Lv Raw,Shell 14 Lv Raw,Shell 15 Lv Raw,Shell 16 Lv Raw,Shell 17 Lv Raw,Shell 18 Lv Raw,Shell 19 Lv Raw,Bowgun Shell Levels,Shell 0 Num Raw,Shell 1 Num Raw,Shell 2 Num Raw,Shell 3 Num Raw,Shell 4 Num Raw,Shell 5 Num Raw,Shell 6 Num Raw,Shell 7 Num Raw,Shell 8 Num Raw,Shell 9 Num Raw,Shell 10 Num Raw,Shell 11 Num Raw,Shell 12 Num Raw,Shell 13 Num Raw,Shell 14 Num Raw,Shell 15 Num Raw,Shell 16 Num Raw,Shell 17 Num Raw,Shell 18 Num Raw,Shell 19 Num Raw,Bowgun Shell Capacities,Customize Pattern 1 Raw,Customize Pattern 2 Raw,Energy Efficiency Raw,Energy Efficiency,Ammo Strength Raw,Ammo Strength,Energy Shell Type Normal Raw,Energy Shell Type (Normal),Energy Shell Type Power Raw,Energy Shell Type (Power),Display Barrel Raw,Display Barrel,Skill 0 Raw,Skill 1 Raw,Skill 2 Raw,Skill 3 Raw,Skill 0 Lv Raw,Skill 1 Lv Raw,Skill 2 Lv Raw,Skill 3 Lv Raw,Skill 1,Skill 1 Lv,Skill 2,Skill 2 Lv
00000000,0,00000002,00000003,3,00000000,00000001,00000000,1,B4A941B8-7F4F-4B93-A539-62BEAA70635E,Hope Cannon I,6AD6B088-453D-4BFD-BA19-0316B05C93D3,00000000,0,000000C8,200z,00000012,1,005A,90,0000,0,0000,0%,00000000,00000000,00000000,"0, 0, 0",9BE1AC80,Normal?,578C0500,FE3E4B10,FE3E4B10,FE3E4B10,C063CC00,C063CC00,C063CC00,C063CC00,C063CC00,FE3E4B10,C063CC00,C063CC00,FE3E4B10,C063CC00,C063CC00,FE3E4B10,C063CC00,FE3E4B10,C063CC00,FE3E4B10,"2, 1, 1, 1, 0, 0, 0, 0, 0, 1, 0, 0, 1, 0, 0, 1, 0, 1, 0, 1",0004,0005,0004,0002,0000,0000,0000,0000,0000,0006,0000,0000,0004,0000,0000,0002,0000,0002,0000,0004,"4, 5, 4, 2, 0, 0, 0, 0, 0, 6, 0, 0, 4, 0, 0, 2, 0, 2, 0, 4",A625F800,6AF2D080,D00B91C0,Ignition Guage Recovery Lv2,AA799900,Standard/Ignition Base Type,51D4F480,Wyvernheart Ignition,03B26BAC,Wyverncounter Ignition,00,FALSE,00000000,00000000,00000000,00000000,0000,0000,0000,0000,,,,
00000001,1,00000002,00000003,3,00000000,00000002,00000000,2,76414DD7-29B4-42A4-A285-61E1217217AD,Hope Cannon II,879367FE-D861-45AA-93FA-33F4576A9638,00000001,1,000001F4,500z,00000012,1,0064,100,0000,0,0000,0%,00000000,00000000,00000000,"0, 0, 0",9BE1AC80,Normal?,578C0500,FE3E4B10,FE3E4B10,FE3E4B10,C063CC00,C063CC00,C063CC00,C063CC00,C063CC00,FE3E4B10,C063CC00,C063CC00,FE3E4B10,C063CC00,C063CC00,FE3E4B10,C063CC00,FE3E4B10,C063CC00,FE3E4B10,"2, 1, 1, 1, 0, 0, 0, 0, 0, 1, 0, 0, 1, 0, 0, 1, 0, 1, 0, 1",0004,0005,0004,0002,0000,0000,0000,0000,0000,0006,0000,0000,0004,0000,0000,0002,0000,0002,0000,0004,"4, 5, 4, 2, 0, 0, 0, 0, 0, 6, 0, 0, 4, 0, 0, 2, 0, 2, 0, 4",A625F800,6AF2D080,D00B91C0,Ignition Guage Recovery Lv2,AA799900,Standard/Ignition Base Type,51D4F480,Wyvernheart Ignition,03B26BAC,Wyverncounter Ignition,00,FALSE,E6EE04A0,00000000,00000000,00000000,0001,0000,0000,0000,Ballistics,1,,
00000002,2,00000002,00000003,3,00000000,00000003,00000000,3,EE54EE97-4718-4DB3-B218-C10D456E1F2C,Hope Cannon III,21A058B4-1EE0-423A-AE37-580F2B9EF5D8,00000002,2,000005DC,"1,500z",00000010,3,0082,130,0000,0,0000,0%,00000000,00000000,00000000,"0, 0, 0",9BE1AC80,Normal?,578C0500,FE3E4B10,FE3E4B10,578C0500,C063CC00,C063CC00,C063CC00,C063CC00,C063CC00,FE3E4B10,C063CC00,C063CC00,FE3E4B10,C063CC00,C063CC00,FE3E4B10,C063CC00,FE3E4B10,C063CC00,FE3E4B10,"2, 1, 1, 2, 0, 0, 0, 0, 0, 1, 0, 0, 1, 0, 0, 1, 0, 1, 0, 1",0004,0005,0004,0002,0000,0000,0000,0000,0000,0006,0000,0000,0004,0000,0000,0002,0000,0002,0000,0004,"4, 5, 4, 2, 0, 0, 0, 0, 0, 6, 0, 0, 4, 0, 0, 2, 0, 2, 0, 4",A625F800,6AF2D080,D00B91C0,Ignition Guage Recovery Lv2,AA799900,Standard/Ignition Base Type,51D4F480,Wyvernheart Ignition,03B26BAC,Wyverncounter Ignition,00,FALSE,E6EE04A0,830A1C00,00000000,00000000,0001,0001,0000,0000,Ballistics,1,Critical Eye,1
00000003,3,00000002,00000003,3,00000000,00000004,00000000,4,16586FEE-DC73-4E1A-8267-FB620D14FF49,Hope Cannon IV,5F1EA78A-FD6C-46B4-B4DA-8075AC1D0A55,00000003,3,00000FA0,"4,000z",0000000E,5,00A0,160,0000,0,0000,0%,00000002,00000001,00000000,"2, 1, 0",9BE1AC80,Normal?,578C0500,FE3E4B10,FE3E4B10,578C0500,C063CC00,C063CC00,C063CC00,C063CC00,C063CC00,FE3E4B10,C063CC00,C063CC00,FE3E4B10,C063CC00,C063CC00,FE3E4B10,C063CC00,FE3E4B10,C063CC00,FE3E4B10,"2, 1, 1, 2, 0, 0, 0, 0, 0, 1, 0, 0, 1, 0, 0, 1, 0, 1, 0, 1",0004,0005,0004,0002,0000,0000,0000,0000,0000,0007,0000,0000,0004,0000,0000,0002,0000,0002,0000,0004,"4, 5, 4, 2, 0, 0, 0, 0, 0, 7, 0, 0, 4, 0, 0, 2, 0, 2, 0, 4",A625F800,6AF2D080,D00B91C0,Ignition Guage Recovery Lv2,AA799900,Standard/Ignition Base Type,51D4F480,Wyvernheart Ignition,03B26BAC,Wyverncounter Ignition,00,FALSE,E6EE04A0,830A1C00,00000000,00000000,0002,0001,0000,0000,Ballistics,2,Critical Eye,1
00000004,4,00000002,00000003,3,00000000,00000005,00000000,5,F52BA41B-9298-4B69-9330-2BDF44740FF5,Hope Cannon V,04446D68-4CEA-4928-9703-CDCF7497EBB2,00000004,4,000036B0,"14,000z",0000000C,7,00BE,190,0000,0,0000,0%,00000003,00000002,00000000,"3, 2, 0",9BE1AC80,Normal?,578C0500,FE3E4B10,FE3E4B10,578C0500,C063CC00,C063CC00,C063CC00,C063CC00,C063CC00,FE3E4B10,C063CC00,C063CC00,FE3E4B10,C063CC00,C063CC00,FE3E4B10,C063CC00,FE3E4B10,C063CC00,FE3E4B10,"2, 1, 1, 2, 0, 0, 0, 0, 0, 1, 0, 0, 1, 0, 0, 1, 0, 1, 0, 1",0004,0005,0004,0002,0000,0000,0000,0000,0000,0007,0000,0000,0004,0000,0000,0002,0000,0002,0000,0004,"4, 5, 4, 2, 0, 0, 0, 0, 0, 7, 0, 0, 4, 0, 0, 2, 0, 2, 0, 4",A625F800,6AF2D080,D00B91C0,Ignition Guage Recovery Lv2,AA799900,Standard/Ignition Base Type,51D4F480,Wyvernheart Ignition,03B26BAC,Wyverncounter Ignition,00,FALSE,E6EE04A0,830A1C00,00000000,00000000,0003,0001,0000,0000,Ballistics,3,Critical Eye,1
0000000F,15,00000002,00000000,0,00000000,00000006,00000000,6,42FA4DE7-EBCD-417C-9107-E9964218D340,Chata Sheller I,D1C37701-4F7B-45ED-BA7C-93FC20371493,00000010,16,000001F4,500z,00000012,1,006E,110,000F,15,0000,0%,00000000,00000000,00000000,"0, 0, 0",9BE1AC80,Normal?,FE3E4B10,FE3E4B10,FE3E4B10,C063CC00,C063CC00,C063CC00,FE3E4B10,C063CC00,FE3E4B10,C063CC00,C063CC00,C063CC00,C063CC00,C063CC00,C063CC00,C063CC00,FE3E4B10,C063CC00,FE3E4B10,FE3E4B10,"1, 1, 1, 0, 0, 0, 1, 0, 1, 0, 0, 0, 0, 0, 0, 0, 1, 0, 1, 1",0005,0003,0003,0000,0000,0000,0002,0000,0005,0000,0000,0000,0000,0000,0000,0000,0002,0000,0004,0004,"5, 3, 3, 0, 0, 0, 2, 0, 5, 0, 0, 0, 0, 0, 0, 0, 2, 0, 4, 4",C09B5780,73824C80,FEE52172,Ignition Guage Recovery Lv1,74CC9500,Standard Mode ST I,D950CFC0,Wyvernpiercer Ignition,E6E4B000,Wyvernblast Ignition,00,FALSE,660A4B80,00000000,00000000,00000000,0001,0000,0000,0000,Opening Shot,1,,
00000010,16,00000002,00000000,0,00000000,00000007,00000000,7,DE75F02A-FB7E-41AC-98BF-E6D69F45C919,Chata Sheller II,C1659372-97E8-4332-A58E-AFCBAF1E45A6,00000011,17,000005DC,"1,500z",00000010,3,0096,150,000F,15,0000,0%,00000000,00000000,00000000,"0, 0, 0",9BE1AC80,Normal?,FE3E4B10,FE3E4B10,FE3E4B10,C063CC00,C063CC00,C063CC00,FE3E4B10,C063CC00,FE3E4B10,C063CC00,C063CC00,C063CC00,C063CC00,C063CC00,C063CC00,C063CC00,FE3E4B10,C063CC00,FE3E4B10,FE3E4B10,"1, 1, 1, 0, 0, 0, 1, 0, 1, 0, 0, 0, 0, 0, 0, 0, 1, 0, 1, 1",0005,0003,0003,0000,0000,0000,0002,0000,0005,0000,0000,0000,0000,0000,0000,0000,0002,0000,0004,0004,"5, 3, 3, 0, 0, 0, 2, 0, 5, 0, 0, 0, 0, 0, 0, 0, 2, 0, 4, 4",C09B5780,73824C80,FEE52172,Ignition Guage Recovery Lv1,74CC9500,Standard Mode ST I,D950CFC0,Wyvernpiercer Ignition,E6E4B000,Wyvernblast Ignition,00,FALSE,660A4B80,00000000,00000000,00000000,0002,0000,0000,0000,Opening Shot,2,,
00000011,17,00000002,00000000,0,00000000,00000008,00000000,8,1015235A-73A1-4CCA-8EC1-1B6CE3858542,Chata Sheller III,256E7C56-829F-494F-A558-B0DBA25FCB25,00000012,18,00000FA0,"4,000z",0000000E,5,00B4,180,000F,15,0000,0%,00000002,00000001,00000000,"2, 1, 0",9BE1AC80,Normal?,FE3E4B10,FE3E4B10,FE3E4B10,C063CC00,C063CC00,C063CC00,FE3E4B10,C063CC00,FE3E4B10,C063CC00,C063CC00,C063CC00,C063CC00,C063CC00,C063CC00,C063CC00,FE3E4B10,C063CC00,FE3E4B10,FE3E4B10,"1, 1, 1, 0, 0, 0, 1, 0, 1, 0, 0, 0, 0, 0, 0, 0, 1, 0, 1, 1",0005,0003,0003,0000,0000,0000,0002,0000,0006,0000,0000,0000,0000,0000,0000,0000,0002,0000,0004,0004,"5, 3, 3, 0, 0, 0, 2, 0, 6, 0, 0, 0, 0, 0, 0, 0, 2, 0, 4, 4",C09B5780,73824C80,FEE52172,Ignition Guage Recovery Lv1,74CC9500,Standard Mode ST I,D950CFC0,Wyvernpiercer Ignition,E6E4B000,Wyvernblast Ignition,00,FALSE,660A4B80,00000000,00000000,00000000,0002,0000,0000,0000,Opening Shot,2,,
00000012,18,00000002,00000000,0,00000000,00000009,00000000,9,A92FDA3D-7E3E-4CCC-8C44-84E22B7F4903,Chata Sheller IV,445E70CD-513B-41E2-9E5A-FDC80C19B003,00000013,19,000036B0,"14,000z",0000000C,7,00D2,210,000F,15,0000,0%,00000003,00000002,00000000,"3, 2, 0",9BE1AC80,Normal?,FE3E4B10,FE3E4B10,FE3E4B10,C063CC00,C063CC00,C063CC00,FE3E4B10,C063CC00,FE3E4B10,C063CC00,C063CC00,C063CC00,C063CC00,C063CC00,C063CC00,C063CC00,FE3E4B10,C063CC00,FE3E4B10,FE3E4B10,"1, 1, 1, 0, 0, 0, 1, 0, 1, 0, 0, 0, 0, 0, 0, 0, 1, 0, 1, 1",0005,0003,0003,0000,0000,0000,0002,0000,0006,0000,0000,0000,0000,0000,0000,0000,0002,0000,0004,0004,"5, 3, 3, 0, 0, 0, 2, 0, 6, 0, 0, 0, 0, 0, 0, 0, 2, 0, 4, 4",C09B5780,73824C80,FEE52172,Ignition Guage Recovery Lv1,74CC9500,Standard Mode ST I,D950CFC0,Wyvernpiercer Ignition,E6E4B000,Wyvernblast Ignition,00,FALSE,660A4B80,00000000,00000000,00000000,0003,0000,0000,0000,Opening Shot,3,,
00000014,20,00000002,00000004,4,00000000,0000000A,00000000,10,5D48C6D3-7F66-40CE-8263-837118064727,Power Stinger,4E94E6E3-9466-4567-B6C6-A6C1FDDAB58B,00000027,39,00000320,800z,00000011,2,0078,120,0000,0,0005,5%,00000000,00000000,00000000,"0, 0, 0",E92D7680,Pierce?,FE3E4B10,578C0500,FE3E4B10,C063CC00,578C0500,C063CC00,C063CC00,FE3E4B10,C063CC00,C063CC00,C063CC00,C063CC00,C063CC00,578C0500,C063CC00,C063CC00,C063CC00,FE3E4B10,C063CC00,FE3E4B10,"1, 2, 1, 0, 2, 0, 0, 1, 0, 0, 0, 0, 0, 2, 0, 0, 0, 1, 0, 1",0005,0003,0004,0000,0002,0000,0000,0005,0000,0000,0000,0000,0000,0004,0000,0000,0000,0002,0000,0004,"5, 3, 4, 0, 2, 0, 0, 5, 0, 0, 0, 0, 0, 4, 0, 0, 0, 2, 0, 4",0000161E,C5E54740,FEE52172,Ignition Guage Recovery Lv1,208CBE80,Ignition Mode ST I,51D4F480,Wyvernheart Ignition,03B26BAC,Wyverncounter Ignition,00,FALSE,F66E0360,00000000,00000000,00000000,0001,0000,0000,0000,Special Ammo Boost,1,,
00000015,21,00000002,00000004,4,00000000,0000000B,00000000,11,1EFB4FD9-45BE-4B7C-B58E-41DDB4876AC6,Power Stinger II,91483E0B-9E72-4CA1-964C-E568A95C8175,00000028,40,00000FA0,"4,000z",0000000E,5,00AA,170,0000,0,0005,5%,00000002,00000001,00000000,"2, 1, 0",E92D7680,Pierce?,FE3E4B10,578C0500,FE3E4B10,C063CC00,578C0500,C063CC00,C063CC00,FE3E4B10,C063CC00,C063CC00,C063CC00,C063CC00,C063CC00,578C0500,C063CC00,C063CC00,C063CC00,FE3E4B10,C063CC00,FE3E4B10,"1, 2, 1, 0, 2, 0, 0, 1, 0, 0, 0, 0, 0, 2, 0, 0, 0, 1, 0, 1",0005,0003,0004,0000,0002,0000,0000,0005,0000,0000,0000,0000,0000,0004,0000,0000,0000,0002,0000,0004,"5, 3, 4, 0, 2, 0, 0, 5, 0, 0, 0, 0, 0, 4, 0, 0, 0, 2, 0, 4",0000161E,C5E54740,FEE52172,Ignition Guage Recovery Lv1,208CBE80,Ignition Mode ST I,51D4F480,Wyvernheart Ignition,03B26BAC,Wyverncounter Ignition,00,FALSE,F66E0360,660A4B80,00000000,00000000,0001,0001,0000,0000,Special Ammo Boost,1,Opening Shot,1
00000016,22,00000002,00000004,4,00000000,0000000C,00000000,12,0672EF82-B9EA-41E3-B82B-023F1F9C0066,Wild Stinger,164D43E4-51D9-411E-B68E-37C5367BF930,00000029,41,00004E20,"20,000z",0000000B,8,00DC,220,0000,0,0005,5%,00000003,00000003,00000001,"3, 3, 1",E92D7680,Pierce?,FE3E4B10,578C0500,FE3E4B10,C063CC00,578C0500,C063CC00,C063CC00,FE3E4B10,C063CC00,C063CC00,C063CC00,C063CC00,C063CC00,578C0500,C063CC00,C063CC00,C063CC00,FE3E4B10,C063CC00,FE3E4B10,"1, 2, 1, 0, 2, 0, 0, 1, 0, 0, 0, 0, 0, 2, 0, 0, 0, 1, 0, 1",0005,0003,0004,0000,0002,0000,0000,0005,0000,0000,0000,0000,0000,0004,0000,0000,0000,0002,0000,0004,"5, 3, 4, 0, 2, 0, 0, 5, 0, 0, 0, 0, 0, 4, 0, 0, 0, 2, 0, 4",0000161E,C5E54740,FEE52172,Ignition Guage Recovery Lv1,208CBE80,Ignition Mode ST I,51D4F480,Wyvernheart Ignition,03B26BAC,Wyverncounter Ignition,01,TRUE,F66E0360,660A4B80,00000000,00000000,0002,0001,0000,0000,Special Ammo Boost,2,Opening Shot,1
00000017,23,00000002,00000005,5,00000000,0000000D,00000000,13,A102FF15-BF36-4F10-ADE5-A53FC0609381,Uth Dalgap I,9AC239BC-2832-4E46-90D2-890B20F4D138,00000023,35,000007D0,"2,000z",00000010,3,00A0,160,0000,0,FFF1,-15%,00000000,00000000,00000000,"0, 0, 0",03831064,Spread?,FE3E4B10,FE3E4B10,6977C080,C063CC00,578C0500,C063CC00,C063CC00,C063CC00,578C0500,C063CC00,C063CC00,C063CC00,C063CC00,C063CC00,C063CC00,C063CC00,C063CC00,C063CC00,C063CC00,FE3E4B10,"1, 1, 3, 0, 2, 0, 0, 0, 2, 0, 0, 0, 0, 0, 0, 0, 0, 0, 0, 1",0006,0005,0002,0000,0002,0000,0000,0000,0006,0000,0000,0000,0000,0000,0000,0000,0000,0000,0000,0004,"6, 5, 2, 0, 2, 0, 0, 0, 6, 0, 0, 0, 0, 0, 0, 0, 0, 0, 0, 4",C4F72000,7E03BB00,D00B91C0,Ignition Guage Recovery Lv2,AA799900,Standard/Ignition Base Type,51D4F480,Wyvernheart Ignition,03B26BAC,Wyverncounter Ignition,00,FALSE,60268F80,00000000,00000000,00000000,0002,0000,0000,0000,Tetrad Shot,2,,
00000018,24,00000002,00000005,5,00000000,0000000E,00000000,14,E5FA3C8F-39B0-454F-854C-862BA2D1D23E,Uth Dalgap II,9E2DF65B-1887-40A9-B050-E969B5F549A0,00000024,36,00000FA0,"4,000z",0000000E,5,00BE,190,0000,0,FFF1,-15%,00000002,00000001,00000000,"2, 1, 0",03831064,Spread?,FE3E4B10,FE3E4B10,6977C080,C063CC00,578C0500,C063CC00,C063CC00,C063CC00,578C0500,C063CC00,C063CC00,C063CC00,C063CC00,C063CC00,C063CC00,C063CC00,C063CC00,C063CC00,C063CC00,FE3E4B10,"1, 1, 3, 0, 2, 0, 0, 0, 2, 0, 0, 0, 0, 0, 0, 0, 0, 0, 0, 1",0006,0005,0002,0000,0002,0000,0000,0000,0006,0000,0000,0000,0000,0000,0000,0000,0000,0000,0000,0004,"6, 5, 2, 0, 2, 0, 0, 0, 6, 0, 0, 0, 0, 0, 0, 0, 0, 0, 0, 4",C4F72000,7E03BB00,D00B91C0,Ignition Guage Recovery Lv2,AA799900,Standard/Ignition Base Type,51D4F480,Wyvernheart Ignition,03B26BAC,Wyverncounter Ignition,00,FALSE,60268F80,00000000,00000000,00000000,0002,0000,0000,0000,Tetrad Shot,2,,
00000019,25,00000002,00000005,5,00000000,0000000F,00000000,15,C365395C-9987-48DB-B3B6-BE5E1B95E2AE,Uth Dalgap III,2B906202-00BC-4220-BCA2-B54837D1AA0B,00000025,37,000036B0,"14,000z",0000000C,7,00DC,220,0000,0,FFF1,-15%,00000003,00000002,00000000,"3, 2, 0",03831064,Spread?,FE3E4B10,FE3E4B10,6977C080,C063CC00,578C0500,C063CC00,C063CC00,C063CC00,578C0500,C063CC00,C063CC00,C063CC00,C063CC00,C063CC00,C063CC00,C063CC00,C063CC00,C063CC00,C063CC00,FE3E4B10,"1, 1, 3, 0, 2, 0, 0, 0, 2, 0, 0, 0, 0, 0, 0, 0, 0, 0, 0, 1",0006,0005,0002,0000,0002,0000,0000,0000,0006,0000,0000,0000,0000,0000,0000,0000,0000,0000,0000,0004,"6, 5, 2, 0, 2, 0, 0, 0, 6, 0, 0, 0, 0, 0, 0, 0, 0, 0, 0, 4",C4F72000,7E03BB00,D00B91C0,Ignition Guage Recovery Lv2,AA799900,Standard/Ignition Base Type,51D4F480,Wyvernheart Ignition,03B26BAC,Wyverncounter Ignition,00,FALSE,60268F80,00000000,00000000,00000000,0003,0000,0000,0000,Tetrad Shot,3,,
0000001A,26,00000002,00000005,5,00000000,00000010,00000000,16,DD5F5EEB-0FA0-405B-A976-39E9C7E34B1C,Dalgap-of-the-Waves,7C957337-B2A7-498E-9349-9ABCDF6495E3,00000026,38,00004E20,"20,000z",0000000B,8,00F0,240,0000,0,FFF1,-15%,00000003,00000002,00000001,"3, 2, 1",03831064,Spread?,FE3E4B10,FE3E4B10,6977C080,C063CC00,578C0500,C063CC00,C063CC00,C063CC00,578C0500,C063CC00,C063CC00,C063CC00,C063CC00,C063CC00,C063CC00,C063CC00,C063CC00,C063CC00,C063CC00,FE3E4B10,"1, 1, 3, 0, 2, 0, 0, 0, 2, 0, 0, 0, 0, 0, 0, 0, 0, 0, 0, 1",0006,0005,0002,0000,0002,0000,0000,0000,0006,0000,0000,0000,0000,0000,0000,0000,0000,0000,0000,0004,"6, 5, 2, 0, 2, 0, 0, 0, 6, 0, 0, 0, 0, 0, 0, 0, 0, 0, 0, 4",C4F72000,7E03BB00,D00B91C0,Ignition Guage Recovery Lv2,AA799900,Standard/Ignition Base Type,51D4F480,Wyvernheart Ignition,03B26BAC,Wyverncounter Ignition,01,TRUE,60268F80,00000000,00000000,00000000,0003,0000,0000,0000,Tetrad Shot,3,,
0000001B,27,00000002,00000006,6,00000000,00000011,00000000,17,3464A9CB-25DE-4048-B0A0-282BF50BABDD,Rompo Sniper I,51B895C6-DFC2-4422-9D06-32E9A2CF8263,0000000C,12,000005DC,"1,500z",00000010,3,008C,140,0000,0,0000,0%,00000000,00000000,00000000,"0, 0, 0",03831064,Spread?,FE3E4B10,578C0500,FE3E4B10,578C0500,C063CC00,C063CC00,C063CC00,C063CC00,C063CC00,FE3E4B10,C063CC00,C063CC00,FE3E4B10,C063CC00,C063CC00,C063CC00,C063CC00,C063CC00,C063CC00,FE3E4B10,"1, 2, 1, 2, 0, 0, 0, 0, 0, 1, 0, 0, 1, 0, 0, 0, 0, 0, 0, 1",0004,0004,0003,0003,0000,0000,0000,0000,0000,0006,0000,0000,0007,0000,0000,0000,0000,0000,0000,0004,"4, 4, 3, 3, 0, 0, 0, 0, 0, 6, 0, 0, 7, 0, 0, 0, 0, 0, 0, 4",0000259B,000003F0,D00B91C0,Ignition Guage Recovery Lv2,AA799900,Standard/Ignition Base Type,D950CFC0,Wyvernpiercer Ignition,E6E4B000,Wyvernblast Ignition,00,FALSE,9C370B80,00000000,00000000,00000000,0002,0000,0000,0000,Guard Up,2,,
0000001C,28,00000002,00000006,6,00000000,00000012,00000000,18,F1573760-EF55-45B2-8389-A495272D8512,Rompo Sniper II,E0AEB596-64EC-451B-8A7E-788C98DF40CD,0000000D,13,00000FA0,"4,000z",0000000E,5,00AA,170,0000,0,0000,0%,00000002,00000001,00000000,"2, 1, 0",03831064,Spread?,FE3E4B10,578C0500,FE3E4B10,578C0500,C063CC00,C063CC00,C063CC00,C063CC00,C063CC00,FE3E4B10,C063CC00,C063CC00,FE3E4B10,C063CC00,C063CC00,C063CC00,C063CC00,C063CC00,C063CC00,FE3E4B10,"1, 2, 1, 2, 0, 0, 0, 0, 0, 1, 0, 0, 1, 0, 0, 0, 0, 0, 0, 1",0004,0004,0003,0003,0000,0000,0000,0000,0000,0006,0000,0000,0007,0000,0000,0000,0000,0000,0000,0004,"4, 4, 3, 3, 0, 0, 0, 0, 0, 6, 0, 0, 7, 0, 0, 0, 0, 0, 0, 4",0000259B,000003F0,D00B91C0,Ignition Guage Recovery Lv2,AA799900,Standard/Ignition Base Type,D950CFC0,Wyvernpiercer Ignition,E6E4B000,Wyvernblast Ignition,00,FALSE,9C370B80,00000000,00000000,00000000,0002,0000,0000,0000,Guard Up,2,,
0000001D,29,00000002,00000006,6,00000000,00000013,00000000,19,0DEF1B1E-0682-4E62-96BB-7677A3EBDF59,Rompo Sniper III,5C1831B0-4996-4E43-8DF5-3F58B8197EC5,0000000E,14,000036B0,"14,000z",0000000C,7,00C8,200,0000,0,0000,0%,00000003,00000002,00000000,"3, 2, 0",03831064,Spread?,FE3E4B10,578C0500,FE3E4B10,578C0500,C063CC00,C063CC00,C063CC00,C063CC00,C063CC00,FE3E4B10,C063CC00,C063CC00,FE3E4B10,C063CC00,C063CC00,C063CC00,C063CC00,C063CC00,C063CC00,FE3E4B10,"1, 2, 1, 2, 0, 0, 0, 0, 0, 1, 0, 0, 1, 0, 0, 0, 0, 0, 0, 1",0004,0004,0003,0003,0000,0000,0000,0000,0000,0006,0000,0000,0007,0000,0000,0000,0000,0000,0000,0004,"4, 4, 3, 3, 0, 0, 0, 0, 0, 6, 0, 0, 7, 0, 0, 0, 0, 0, 0, 4",0000259B,000003F0,D00B91C0,Ignition Guage Recovery Lv2,AA799900,Standard/Ignition Base Type,D950CFC0,Wyvernpiercer Ignition,E6E4B000,Wyvernblast Ignition,00,FALSE,9C370B80,00000000,00000000,00000000,0003,0000,0000,0000,Guard Up,3,,
0000001E,30,00000002,00000006,6,00000000,00000014,00000000,20,518119E6-7E0E-4ACE-86D7-55FA849FC85E,Rompo Latrotox,6D6F9C17-D042-4942-8A4A-FA3ED4E899BD,0000000F,15,00004E20,"20,000z",0000000B,8,00DC,220,0000,0,0000,0%,00000003,00000002,00000001,"3, 2, 1",03831064,Spread?,FE3E4B10,578C0500,FE3E4B10,578C0500,C063CC00,C063CC00,C063CC00,C063CC00,C063CC00,FE3E4B10,C063CC00,C063CC00,FE3E4B10,C063CC00,C063CC00,C063CC00,C063CC00,C063CC00,C063CC00,FE3E4B10,"1, 2, 1, 2, 0, 0, 0, 0, 0, 1, 0, 0, 1, 0, 0, 0, 0, 0, 0, 1",0004,0004,0003,0003,0000,0000,0000,0000,0000,0006,0000,0000,0007,0000,0000,0000,0000,0000,0000,0004,"4, 4, 3, 3, 0, 0, 0, 0, 0, 6, 0, 0, 7, 0, 0, 0, 0, 0, 0, 4",0000259B,000003F0,D00B91C0,Ignition Guage Recovery Lv2,AA799900,Standard/Ignition Base Type,D950CFC0,Wyvernpiercer Ignition,E6E4B000,Wyvernblast Ignition,01,TRUE,9C370B80,00000000,00000000,00000000,0003,0000,0000,0000,Guard Up,3,,
0000001F,31,00000002,00000009,9,00000000,00000015,00000000,21,B4C823B1-FFDB-4058-A2CC-6BA9CC67EDE2,Ner Bustergun I,3D20C6C5-052A-4040-8EFC-6693A5CECD7B,0000001F,31,000005DC,"1,500z",00000010,3,0078,120,0000,0,000A,10%,00000000,00000000,00000000,"0, 0, 0",E92D7680,Pierce?,FE3E4B10,6977C080,FE3E4B10,C063CC00,C063CC00,FE3E4B10,C063CC00,C063CC00,C063CC00,C063CC00,FE3E4B10,C063CC00,FE3E4B10,C063CC00,578C0500,C063CC00,C063CC00,C063CC00,C063CC00,FE3E4B10,"1, 3, 1, 0, 0, 1, 0, 0, 0, 0, 1, 0, 1, 0, 2, 0, 0, 0, 0, 1",0005,0002,0004,0000,0000,0002,0000,0000,0000,0000,0007,0000,0003,0000,0004,0000,0000,0000,0000,0004,"5, 2, 4, 0, 0, 2, 0, 0, 0, 0, 7, 0, 3, 0, 4, 0, 0, 0, 0, 4",0000259B,BDB4CE80,D00B91C0,Ignition Guage Recovery Lv2,AA799900,Standard/Ignition Base Type,51D4F480,Wyvernheart Ignition,03B26BAC,Wyverncounter Ignition,00,FALSE,F53436B0,EDA9B920,00000000,00000000,0001,0001,0000,0000,Offensive Guard,1,Guard,1
00000020,32,00000002,00000009,9,00000000,00000016,00000000,22,889D7CFA-3390-4D03-9CEC-9EFD98678207,Ner Bustergun II,E555DBDB-6AFD-4535-A1F7-726EAA6BBCA9,00000020,32,00001388,"5,000z",0000000E,5,0096,150,0000,0,000F,15%,00000002,00000001,00000000,"2, 1, 0",E92D7680,Pierce?,FE3E4B10,6977C080,FE3E4B10,C063CC00,C063CC00,FE3E4B10,C063CC00,C063CC00,C063CC00,C063CC00,FE3E4B10,C063CC00,FE3E4B10,C063CC00,578C0500,C063CC00,C063CC00,C063CC00,C063CC00,FE3E4B10,"1, 3, 1, 0, 0, 1, 0, 0, 0, 0, 1, 0, 1, 0, 2, 0, 0, 0, 0, 1",0005,0002,0004,0000,0000,0002,0000,0000,0000,0000,0007,0000,0003,0000,0004,0000,0000,0000,0000,0004,"5, 2, 4, 0, 0, 2, 0, 0, 0, 0, 7, 0, 3, 0, 4, 0, 0, 0, 0, 4",0000259B,BDB4CE80,D00B91C0,Ignition Guage Recovery Lv2,AA799900,Standard/Ignition Base Type,51D4F480,Wyvernheart Ignition,03B26BAC,Wyverncounter Ignition,00,FALSE,F53436B0,EDA9B920,00000000,00000000,0001,0001,0000,0000,Offensive Guard,1,Guard,1
00000021,33,00000002,00000009,9,00000000,00000017,00000000,23,4090D107-BE0B-4C59-9A03-99AAD5890733,Ner Bustergun III,0B0EDB87-46DB-4D81-9E50-406AF825C3A5,00000021,33,000036B0,"14,000z",0000000C,7,00B4,180,0000,0,000F,15%,00000003,00000002,00000000,"3, 2, 0",E92D7680,Pierce?,FE3E4B10,6977C080,FE3E4B10,C063CC00,C063CC00,FE3E4B10,C063CC00,C063CC00,C063CC00,C063CC00,FE3E4B10,C063CC00,FE3E4B10,C063CC00,578C0500,C063CC00,C063CC00,C063CC00,C063CC00,FE3E4B10,"1, 3, 1, 0, 0, 1, 0, 0, 0, 0, 1, 0, 1, 0, 2, 0, 0, 0, 0, 1",0005,0002,0004,0000,0000,0002,0000,0000,0000,0000,0007,0000,0003,0000,0004,0000,0000,0000,0000,0004,"5, 2, 4, 0, 0, 2, 0, 0, 0, 0, 7, 0, 3, 0, 4, 0, 0, 0, 0, 4",0000259B,BDB4CE80,D00B91C0,Ignition Guage Recovery Lv2,AA799900,Standard/Ignition Base Type,51D4F480,Wyvernheart Ignition,03B26BAC,Wyverncounter Ignition,00,FALSE,F53436B0,EDA9B920,00000000,00000000,0002,0001,0000,0000,Offensive Guard,2,Guard,1
00000022,34,00000002,00000009,9,00000000,00000018,00000000,24,341BD8C6-E6B5-4C22-9A59-A735544B403D,Buster Blaster,415E547A-0FCB-435E-9A44-55D78E0FD49E,00000022,34,00004E20,"20,000z",0000000B,8,00C8,200,0000,0,000F,15%,00000003,00000002,00000001,"3, 2, 1",E92D7680,Pierce?,FE3E4B10,6977C080,FE3E4B10,C063CC00,C063CC00,FE3E4B10,C063CC00,C063CC00,C063CC00,C063CC00,FE3E4B10,C063CC00,FE3E4B10,C063CC00,578C0500,C063CC00,C063CC00,C063CC00,C063CC00,FE3E4B10,"1, 3, 1, 0, 0, 1, 0, 0, 0, 0, 1, 0, 1, 0, 2, 0, 0, 0, 0, 1",0005,0002,0004,0000,0000,0002,0000,0000,0000,0000,0007,0000,0003,0000,0004,0000,0000,0000,0000,0004,"5, 2, 4, 0, 0, 2, 0, 0, 0, 0, 7, 0, 3, 0, 4, 0, 0, 0, 0, 4",0000259B,BDB4CE80,D00B91C0,Ignition Guage Recovery Lv2,AA799900,Standard/Ignition Base Type,51D4F480,Wyvernheart Ignition,03B26BAC,Wyverncounter Ignition,01,TRUE,F53436B0,EDA9B920,00000000,00000000,0002,0001,0000,0000,Offensive Guard,2,Guard,1
00000023,35,00000002,0000000A,10,00000000,00000019,00000000,25,19F6F88E-4EBB-4231-B088-01A7D69C2F88,Nu Muneo I,FE89D514-1332-4980-8553-E726CAF8FF50,0000002A,42,00000A28,"2,600z",0000000F,4,00AA,170,0000,0,FFF1,-15%,00000001,00000000,00000000,"1, 0, 0",03831064,Spread?,FE3E4B10,FE3E4B10,578C0500,C063CC00,578C0500,C063CC00,C063CC00,578C0500,C063CC00,C063CC00,C063CC00,C063CC00,C063CC00,C063CC00,C063CC00,FE3E4B10,C063CC00,C063CC00,FE3E4B10,FE3E4B10,"1, 1, 2, 0, 2, 0, 0, 2, 0, 0, 0, 0, 0, 0, 0, 1, 0, 0, 1, 1",0005,0004,0004,0000,0003,0000,0000,0006,0000,0000,0000,0000,0000,0000,0000,0002,0000,0000,0005,0004,"5, 4, 4, 0, 3, 0, 0, 6, 0, 0, 0, 0, 0, 0, 0, 2, 0, 0, 5, 4",00000DB3,0000314B,FEE52172,Ignition Guage Recovery Lv1,74CC9500,Standard Mode ST I,D950CFC0,Wyvernpiercer Ignition,E6E4B000,Wyvernblast Ignition,00,FALSE,660A4B80,00000000,00000000,00000000,0002,0000,0000,0000,Opening Shot,2,,
00000024,36,00000002,0000000A,10,00000000,0000001A,00000000,26,2E0B8FAB-56E9-4FB3-8EDF-81AD14586C24,Nu Muneo II,7768E20C-C30F-44B7-A673-1A43FB2A9062,0000002B,43,000036B0,"14,000z",0000000C,7,00D2,210,0000,0,FFF1,-15%,00000003,00000002,00000000,"3, 2, 0",03831064,Spread?,FE3E4B10,FE3E4B10,578C0500,C063CC00,578C0500,C063CC00,C063CC00,578C0500,C063CC00,C063CC00,C063CC00,C063CC00,C063CC00,C063CC00,C063CC00,FE3E4B10,C063CC00,C063CC00,FE3E4B10,FE3E4B10,"1, 1, 2, 0, 2, 0, 0, 2, 0, 0, 0, 0, 0, 0, 0, 1, 0, 0, 1, 1",0005,0004,0004,0000,0003,0000,0000,0006,0000,0000,0000,0000,0000,0000,0000,0002,0000,0000,0005,0004,"5, 4, 4, 0, 3, 0, 0, 6, 0, 0, 0, 0, 0, 0, 0, 2, 0, 0, 5, 4",00000DB3,0000314B,FEE52172,Ignition Guage Recovery Lv1,74CC9500,Standard Mode ST I,D950CFC0,Wyvernpiercer Ignition,E6E4B000,Wyvernblast Ignition,00,FALSE,660A4B80,00000000,00000000,00000000,0003,0000,0000,0000,Opening Shot,3,,
00000025,37,00000002,0000000A,10,00000000,0000001B,00000000,27,6FECE304-5C5E-4D73-9F65-3B042555C184,Abaddonian Muneo,60107E9C-B531-4172-B573-17CEB1F9B337,0000002C,44,00004E20,"20,000z",0000000B,8,00E6,230,0000,0,FFF1,-15%,00000003,00000002,00000001,"3, 2, 1",03831064,Spread?,FE3E4B10,FE3E4B10,578C0500,C063CC00,578C0500,C063CC00,C063CC00,578C0500,C063CC00,C063CC00,C063CC00,C063CC00,C063CC00,C063CC00,C063CC00,FE3E4B10,C063CC00,C063CC00,FE3E4B10,FE3E4B10,"1, 1, 2, 0, 2, 0, 0, 2, 0, 0, 0, 0, 0, 0, 0, 1, 0, 0, 1, 1",0005,0004,0004,0000,0003,0000,0000,0006,0000,0000,0000,0000,0000,0000,0000,0002,0000,0000,0005,0004,"5, 4, 4, 0, 3, 0, 0, 6, 0, 0, 0, 0, 0, 0, 0, 2, 0, 0, 5, 4",00000DB3,0000314B,FEE52172,Ignition Guage Recovery Lv1,74CC9500,Standard Mode ST I,D950CFC0,Wyvernpiercer Ignition,E6E4B000,Wyvernblast Ignition,01,TRUE,660A4B80,00000000,00000000,00000000,0003,0000,0000,0000,Opening Shot,3,,
00000026,38,00000002,00000014,20,00000000,0000001C,00000000,28,DC10D0E8-EDD3-46A8-BDC1-BDF275EF5793,Jin Dhaphal I,5C9C7A26-1D06-4BB0-BEC4-28DC2624042F,00000006,6,000036B0,"14,000z",0000000C,7,00BE,190,0000,0,0000,0%,00000003,00000002,00000000,"3, 2, 0",9BE1AC80,Normal?,578C0500,FE3E4B10,FE3E4B10,C063CC00,C063CC00,C063CC00,FE3E4B10,C063CC00,C063CC00,C063CC00,FE3E4B10,FE3E4B10,C063CC00,C063CC00,FE3E4B10,C063CC00,C063CC00,C063CC00,C063CC00,FE3E4B10,"2, 1, 1, 0, 0, 0, 1, 0, 0, 0, 1, 1, 0, 0, 1, 0, 0, 0, 0, 1",0003,0004,0003,0000,0000,0000,0002,0000,0000,0000,0007,0001,0000,0000,0003,0000,0000,0000,0000,0004,"3, 4, 3, 0, 0, 0, 2, 0, 0, 0, 7, 1, 0, 0, 3, 0, 0, 0, 0, 4",39AD2E40,7E03BB00,D00B91C0,Ignition Guage Recovery Lv2,AA799900,Standard/Ignition Base Type,D950CFC0,Wyvernpiercer Ignition,E6E4B000,Wyvernblast Ignition,00,FALSE,EDA9B920,00000000,00000000,00000000,0003,0000,0000,0000,Guard,3,,
00000027,39,00000002,00000014,20,00000000,0000001D,00000000,29,B5A18282-02ED-4EB9-B964-90E29D41FF46,Precipice Malmiam,992A65DE-4EC7-4961-B0A1-BD930A76213C,00000007,7,00004E20,"20,000z",0000000B,8,00D2,210,0000,0,0000,0%,00000003,00000002,00000001,"3, 2, 1",9BE1AC80,Normal?,578C0500,FE3E4B10,FE3E4B10,C063CC00,C063CC00,C063CC00,FE3E4B10,C063CC00,C063CC00,C063CC00,FE3E4B10,FE3E4B10,C063CC00,C063CC00,FE3E4B10,C063CC00,C063CC00,C063CC00,C063CC00,FE3E4B10,"2, 1, 1, 0, 0, 0, 1, 0, 0, 0, 1, 1, 0, 0, 1, 0, 0, 0, 0, 1",0003,0004,0003,0000,0000,0000,0002,0000,0000,0000,0007,0001,0000,0000,0003,0000,0000,0000,0000,0004,"3, 4, 3, 0, 0, 0, 2, 0, 0, 0, 7, 1, 0, 0, 3, 0, 0, 0, 0, 4",39AD2E40,7E03BB00,D00B91C0,Ignition Guage Recovery Lv2,AA799900,Standard/Ignition Base Type,D950CFC0,Wyvernpiercer Ignition,E6E4B000,Wyvernblast Ignition,01,TRUE,EDA9B920,00000000,00000000,00000000,0003,0000,0000,0000,Guard,3,,
0000000B,11,00000002,00002710,10000,00000000,0000001E,00000000,30,A0B7A192-B5DF-44C7-A7B7-EA5ACDA0C486,Iron Assault I,EE08B59A-27B0-46FA-8561-424378DE27A5,00000008,8,00000320,800z,00000011,2,0078,120,0000,0,0000,0%,00000000,00000000,00000000,"0, 0, 0",E92D7680,Pierce?,FE3E4B10,FE3E4B10,FE3E4B10,C063CC00,C063CC00,FE3E4B10,C063CC00,C063CC00,C063CC00,C063CC00,FE3E4B10,C063CC00,C063CC00,C063CC00,C063CC00,C063CC00,FE3E4B10,C063CC00,C063CC00,FE3E4B10,"1, 1, 1, 0, 0, 1, 0, 0, 0, 0, 1, 0, 0, 0, 0, 0, 1, 0, 0, 1",0004,0006,0004,0000,0000,0003,0000,0000,0000,0000,0006,0000,0000,0000,0000,0000,0002,0000,0000,0004,"4, 6, 4, 0, 0, 3, 0, 0, 0, 0, 6, 0, 0, 0, 0, 0, 2, 0, 0, 4",0000161E,6DDF2800,FEE52172,Ignition Guage Recovery Lv1,74CC9500,Standard Mode ST I,D950CFC0,Wyvernpiercer Ignition,E6E4B000,Wyvernblast Ignition,00,FALSE,60268F80,00000000,00000000,00000000,0001,0000,0000,0000,Tetrad Shot,1,,
0000000C,12,00000002,00002710,10000,00000000,0000001F,00000000,31,6DE2FBD0-F59C-45D5-BEC7-61F6375085EA,Iron Assault II,DC7E7571-84CA-405F-92FD-996AC3AD4617,00000009,9,00000A28,"2,600z",0000000F,4,00A0,160,0000,0,0000,0%,00000001,00000000,00000000,"1, 0, 0",E92D7680,Pierce?,FE3E4B10,FE3E4B10,FE3E4B10,C063CC00,C063CC00,FE3E4B10,C063CC00,C063CC00,C063CC00,C063CC00,FE3E4B10,C063CC00,C063CC00,C063CC00,C063CC00,C063CC00,FE3E4B10,C063CC00,C063CC00,FE3E4B10,"1, 1, 1, 0, 0, 1, 0, 0, 0, 0, 1, 0, 0, 0, 0, 0, 1, 0, 0, 1",0004,0006,0004,0000,0000,0003,0000,0000,0000,0000,0006,0000,0000,0000,0000,0000,0002,0000,0000,0004,"4, 6, 4, 0, 0, 3, 0, 0, 0, 0, 6, 0, 0, 0, 0, 0, 2, 0, 0, 4",0000161E,6DDF2800,FEE52172,Ignition Guage Recovery Lv1,74CC9500,Standard Mode ST I,D950CFC0,Wyvernpiercer Ignition,E6E4B000,Wyvernblast Ignition,00,FALSE,60268F80,00000000,00000000,00000000,0002,0000,0000,0000,Tetrad Shot,2,,
0000000D,13,00000002,00002710,10000,00000000,00000020,00000000,32,56BAE426-624B-4C5D-8150-22DBF05F238D,Iron Assault III,C0F487C1-2057-4D47-8F09-1B5B13CB2EE5,0000000A,10,00002710,"10,000z",0000000D,6,00BE,190,0000,0,0000,0%,00000002,00000001,00000000,"2, 1, 0",E92D7680,Pierce?,FE3E4B10,FE3E4B10,FE3E4B10,C063CC00,C063CC00,FE3E4B10,C063CC00,C063CC00,C063CC00,C063CC00,FE3E4B10,C063CC00,C063CC00,C063CC00,C063CC00,C063CC00,FE3E4B10,C063CC00,C063CC00,FE3E4B10,"1, 1, 1, 0, 0, 1, 0, 0, 0, 0, 1, 0, 0, 0, 0, 0, 1, 0, 0, 1",0004,0006,0004,0000,0000,0004,0000,0000,0000,0000,0007,0000,0000,0000,0000,0000,0002,0000,0000,0004,"4, 6, 4, 0, 0, 4, 0, 0, 0, 0, 7, 0, 0, 0, 0, 0, 2, 0, 0, 4",0000161E,6DDF2800,FEE52172,Ignition Guage Recovery Lv1,74CC9500,Standard Mode ST I,D950CFC0,Wyvernpiercer Ignition,E6E4B000,Wyvernblast Ignition,00,FALSE,60268F80,00000000,00000000,00000000,0003,0000,0000,0000,Tetrad Shot,3,,
0000000E,14,00000002,00002710,10000,00000000,00000021,00000000,33,72C976D5-9671-485D-8B0D-CBD4481D3068,Steel Assault,3A3BA94A-E1AB-4443-9883-2E7829D53407,0000000B,11,00004E20,"20,000z",0000000B,8,00DC,220,0000,0,0000,0%,00000003,00000002,00000001,"3, 2, 1",E92D7680,Pierce?,FE3E4B10,FE3E4B10,FE3E4B10,C063CC00,C063CC00,FE3E4B10,C063CC00,C063CC00,C063CC00,C063CC00,FE3E4B10,C063CC00,C063CC00,C063CC00,C063CC00,C063CC00,FE3E4B10,C063CC00,C063CC00,FE3E4B10,"1, 1, 1, 0, 0, 1, 0, 0, 0, 0, 1, 0, 0, 0, 0, 0, 1, 0, 0, 1",0004,0006,0004,0000,0000,0004,0000,0000,0000,0000,0007,0000,0000,0000,0000,0000,0002,0000,0000,0004,"4, 6, 4, 0, 0, 4, 0, 0, 0, 0, 7, 0, 0, 0, 0, 0, 2, 0, 0, 4",0000161E,6DDF2800,FEE52172,Ignition Guage Recovery Lv1,74CC9500,Standard Mode ST I,D950CFC0,Wyvernpiercer Ignition,E6E4B000,Wyvernblast Ignition,01,TRUE,60268F80,00000000,00000000,00000000,0003,0000,0000,0000,Tetrad Shot,3,,
00000006,6,00000002,00002711,10001,00000000,00000022,00000000,34,9741B455-B838-45A8-929C-EA18BEC6B120,Bone Shooter I,2D4DB064-374D-47FE-ADE2-7A71FED52364,0000001A,26,000001F4,500z,00000012,1,006E,110,0000,0,0000,0%,00000000,00000000,00000000,"0, 0, 0",03831064,Spread?,FE3E4B10,FE3E4B10,578C0500,C063CC00,FE3E4B10,C063CC00,C063CC00,FE3E4B10,C063CC00,C063CC00,C063CC00,C063CC00,C063CC00,C063CC00,C063CC00,FE3E4B10,C063CC00,C063CC00,C063CC00,FE3E4B10,"1, 1, 2, 0, 1, 0, 0, 1, 0, 0, 0, 0, 0, 0, 0, 1, 0, 0, 0, 1",0005,0004,0004,0000,0002,0000,0000,0006,0000,0000,0000,0000,0000,0000,0000,0001,0000,0000,0000,0004,"5, 4, 4, 0, 2, 0, 0, 6, 0, 0, 0, 0, 0, 0, 0, 1, 0, 0, 0, 4",00000DB3,48191C80,D00B91C0,Ignition Guage Recovery Lv2,AA799900,Standard/Ignition Base Type,51D4F480,Wyvernheart Ignition,03B26BAC,Wyverncounter Ignition,00,FALSE,EDA9B920,00000000,00000000,00000000,0001,0000,0000,0000,Guard,1,,
00000007,7,00000002,00002711,10001,00000000,00000023,00000000,35,B9AF051D-E7B1-4BFB-B63A-8D1BF2115C6D,Bone Shooter II,DC5EC231-1AE7-4C38-BABC-A758B48B737F,0000001B,27,00000320,800z,00000011,2,0082,130,0000,0,0000,0%,00000000,00000000,00000000,"0, 0, 0",03831064,Spread?,FE3E4B10,FE3E4B10,578C0500,C063CC00,FE3E4B10,C063CC00,C063CC00,FE3E4B10,C063CC00,C063CC00,C063CC00,C063CC00,C063CC00,C063CC00,C063CC00,FE3E4B10,C063CC00,C063CC00,C063CC00,FE3E4B10,"1, 1, 2, 0, 1, 0, 0, 1, 0, 0, 0, 0, 0, 0, 0, 1, 0, 0, 0, 1",0005,0004,0004,0000,0002,0000,0000,0006,0000,0000,0000,0000,0000,0000,0000,0001,0000,0000,0000,0004,"5, 4, 4, 0, 2, 0, 0, 6, 0, 0, 0, 0, 0, 0, 0, 1, 0, 0, 0, 4",00000DB3,48191C80,D00B91C0,Ignition Guage Recovery Lv2,AA799900,Standard/Ignition Base Type,51D4F480,Wyvernheart Ignition,03B26BAC,Wyverncounter Ignition,00,FALSE,EDA9B920,00000001,00000000,00000000,0001,0001,0000,0000,Guard,1,Attack Boost,1
00000008,8,00000002,00002711,10001,00000000,00000024,00000000,36,AD3BD686-C638-46C9-8EAF-7C30A1DD1A50,Bone Shooter III,ACEEFD15-B5F7-4933-8F36-634B942F6713,0000001C,28,00000A28,"2,600z",0000000F,4,00AA,170,0000,0,0000,0%,00000001,00000000,00000000,"1, 0, 0",03831064,Spread?,FE3E4B10,FE3E4B10,578C0500,C063CC00,578C0500,C063CC00,C063CC00,FE3E4B10,C063CC00,C063CC00,C063CC00,C063CC00,C063CC00,C063CC00,C063CC00,FE3E4B10,C063CC00,C063CC00,C063CC00,FE3E4B10,"1, 1, 2, 0, 2, 0, 0, 1, 0, 0, 0, 0, 0, 0, 0, 1, 0, 0, 0, 1",0005,0004,0004,0000,0002,0000,0000,0007,0000,0000,0000,0000,0000,0000,0000,0001,0000,0000,0000,0004,"5, 4, 4, 0, 2, 0, 0, 7, 0, 0, 0, 0, 0, 0, 0, 1, 0, 0, 0, 4",00000DB3,48191C80,D00B91C0,Ignition Guage Recovery Lv2,AA799900,Standard/Ignition Base Type,51D4F480,Wyvernheart Ignition,03B26BAC,Wyverncounter Ignition,00,FALSE,EDA9B920,00000001,00000000,00000000,0002,0001,0000,0000,Guard,2,Attack Boost,1
00000009,9,00000002,00002711,10001,00000000,00000025,00000000,37,D68A6236-467E-4535-A231-03CBBC0B98F7,Bone Shooter IV,8EF81C0D-2582-4ED6-B372-57C7D1DBF3B3,0000001D,29,00002710,"10,000z",0000000D,6,00C8,200,0000,0,0000,0%,00000002,00000001,00000000,"2, 1, 0",03831064,Spread?,FE3E4B10,FE3E4B10,578C0500,C063CC00,578C0500,C063CC00,C063CC00,FE3E4B10,C063CC00,C063CC00,C063CC00,C063CC00,C063CC00,C063CC00,C063CC00,FE3E4B10,C063CC00,C063CC00,C063CC00,FE3E4B10,"1, 1, 2, 0, 2, 0, 0, 1, 0, 0, 0, 0, 0, 0, 0, 1, 0, 0, 0, 1",0005,0004,0004,0000,0002,0000,0000,0007,0000,0000,0000,0000,0000,0000,0000,0002,0000,0000,0000,0004,"5, 4, 4, 0, 2, 0, 0, 7, 0, 0, 0, 0, 0, 0, 0, 2, 0, 0, 0, 4",00000DB3,48191C80,D00B91C0,Ignition Guage Recovery Lv2,AA799900,Standard/Ignition Base Type,51D4F480,Wyvernheart Ignition,03B26BAC,Wyverncounter Ignition,00,FALSE,EDA9B920,00000001,00000000,00000000,0003,0001,0000,0000,Guard,3,Attack Boost,1
0000000A,10,00000002,00002711,10001,00000000,00000026,00000000,38,06C1B36B-3F27-46FB-BBEE-4D3A839C0601,Heavy Shooter,4397736D-45DD-404B-83F3-0C22F67F7B59,0000001E,30,00004E20,"20,000z",0000000B,8,00E6,230,0000,0,0000,0%,00000003,00000002,00000001,"3, 2, 1",03831064,Spread?,FE3E4B10,FE3E4B10,578C0500,C063CC00,578C0500,C063CC00,C063CC00,FE3E4B10,C063CC00,C063CC00,C063CC00,C063CC00,C063CC00,C063CC00,C063CC00,FE3E4B10,C063CC00,C063CC00,C063CC00,FE3E4B10,"1, 1, 2, 0, 2, 0, 0, 1, 0, 0, 0, 0, 0, 0, 0, 1, 0, 0, 0, 1",0005,0004,0004,0000,0002,0000,0000,0007,0000,0000,0000,0000,0000,0000,0000,0002,0000,0000,0000,0004,"5, 4, 4, 0, 2, 0, 0, 7, 0, 0, 0, 0, 0, 0, 0, 2, 0, 0, 0, 4",00000DB3,48191C80,D00B91C0,Ignition Guage Recovery Lv2,AA799900,Standard/Ignition Base Type,51D4F480,Wyvernheart Ignition,03B26BAC,Wyverncounter Ignition,01,TRUE,EDA9B920,00000001,00000000,00000000,0003,0001,0000,0000,Guard,3,Attack Boost,1
0000002B,43,00000002,0000000C,12,00000000,00000027,00000000,39,BC6455C6-A8BC-41BA-893F-5FC410FE5E1C,Yian Kut-Ku Cannon I,0F26DAB1-72A6-4FE8-9F58-AEF0CB052CD5,0000002D,45,00000FA0,"4,000z",0000000E,5,00B4,180,0000,0,0000,0%,00000002,00000001,00000000,"2, 1, 0",9BE1AC80,Normal?,578C0500,FE3E4B10,FE3E4B10,578C0500,C063CC00,C063CC00,C063CC00,578C0500,C063CC00,C063CC00,C063CC00,C063CC00,C063CC00,FE3E4B10,C063CC00,FE3E4B10,C063CC00,C063CC00,C063CC00,FE3E4B10,"2, 1, 1, 2, 0, 0, 0, 2, 0, 0, 0, 0, 0, 1, 0, 1, 0, 0, 0, 1",0004,0006,0004,0003,0000,0000,0000,0006,0000,0000,0000,0000,0000,0003,0000,0002,0000,0000,0000,0004,"4, 6, 4, 3, 0, 0, 0, 6, 0, 0, 0, 0, 0, 3, 0, 2, 0, 0, 0, 4",C4F72000,6AF2D080,D00B91C0,Ignition Guage Recovery Lv2,AA799900,Standard/Ignition Base Type,D950CFC0,Wyvernpiercer Ignition,E6E4B000,Wyvernblast Ignition,00,FALSE,CABFAFC0,00000000,00000000,00000000,0002,0000,0000,0000,Slugger,2,,
0000002C,44,00000002,0000000C,12,00000000,00000028,00000000,40,47BDB532-C86C-482F-8109-3812BFC601E1,Yian Kut-Ku Cannon II,651C0388-CDDA-416D-A2F2-BA80192E9D4F,0000002E,46,000036B0,"14,000z",0000000C,7,00D2,210,0000,0,0000,0%,00000003,00000002,00000000,"3, 2, 0",9BE1AC80,Normal?,578C0500,FE3E4B10,FE3E4B10,578C0500,C063CC00,C063CC00,C063CC00,578C0500,C063CC00,C063CC00,C063CC00,C063CC00,C063CC00,FE3E4B10,C063CC00,FE3E4B10,C063CC00,C063CC00,C063CC00,FE3E4B10,"2, 1, 1, 2, 0, 0, 0, 2, 0, 0, 0, 0, 0, 1, 0, 1, 0, 0, 0, 1",0004,0006,0004,0003,0000,0000,0000,0006,0000,0000,0000,0000,0000,0003,0000,0002,0000,0000,0000,0004,"4, 6, 4, 3, 0, 0, 0, 6, 0, 0, 0, 0, 0, 3, 0, 2, 0, 0, 0, 4",C4F72000,6AF2D080,D00B91C0,Ignition Guage Recovery Lv2,AA799900,Standard/Ignition Base Type,D950CFC0,Wyvernpiercer Ignition,E6E4B000,Wyvernblast Ignition,00,FALSE,CABFAFC0,00000000,00000000,00000000,0003,0000,0000,0000,Slugger,3,,
0000002D,45,00000002,0000000C,12,00000000,00000029,00000000,41,DEEB1814-2315-4FB9-9750-CBC643963BC8,Super Kut-Ku Cannon,13B0A990-9B8F-4975-96F8-C493F48698E9,0000002F,47,00004E20,"20,000z",0000000B,8,00DC,220,0000,0,0000,0%,00000003,00000002,00000001,"3, 2, 1",9BE1AC80,Normal?,578C0500,FE3E4B10,FE3E4B10,578C0500,C063CC00,C063CC00,C063CC00,578C0500,C063CC00,C063CC00,C063CC00,C063CC00,C063CC00,FE3E4B10,C063CC00,FE3E4B10,C063CC00,C063CC00,C063CC00,FE3E4B10,"2, 1, 1, 2, 0, 0, 0, 2, 0, 0, 0, 0, 0, 1, 0, 1, 0, 0, 0, 1",0004,0006,0004,0003,0000,0000,0000,0006,0000,0000,0000,0000,0000,0003,0000,0002,0000,0000,0000,0004,"4, 6, 4, 3, 0, 0, 0, 6, 0, 0, 0, 0, 0, 3, 0, 2, 0, 0, 0, 4",C4F72000,6AF2D080,D00B91C0,Ignition Guage Recovery Lv2,AA799900,Standard/Ignition Base Type,D950CFC0,Wyvernpiercer Ignition,E6E4B000,Wyvernblast Ignition,01,TRUE,CABFAFC0,00000000,00000000,00000000,0003,0000,0000,0000,Slugger,3,,
0000002E,46,00000002,0000000D,13,00000000,0000002A,00000000,42,EEE16785-0A21-4252-99CC-72CF02CE2E6D,Tankmage I,5BF039E3-F79C-411D-A74C-EB6FA0F341CB,00000032,50,00000FA0,"4,000z",0000000E,5,00B4,180,0000,0,0000,0%,00000002,00000001,00000000,"2, 1, 0",9BE1AC80,Normal?,FE3E4B10,FE3E4B10,FE3E4B10,C063CC00,578C0500,C063CC00,C063CC00,C063CC00,FE3E4B10,C063CC00,C063CC00,C063CC00,578C0500,C063CC00,C063CC00,C063CC00,C063CC00,C063CC00,FE3E4B10,FE3E4B10,"1, 1, 1, 0, 2, 0, 0, 0, 1, 0, 0, 0, 2, 0, 0, 0, 0, 0, 1, 1",0004,0004,0005,0000,0002,0000,0000,0000,0005,0000,0000,0000,0005,0000,0000,0000,0000,0000,0004,0004,"4, 4, 5, 0, 2, 0, 0, 0, 5, 0, 0, 0, 5, 0, 0, 0, 0, 0, 4, 4",00002AC3,C5E54740,FEE52172,Ignition Guage Recovery Lv1,208CBE80,Ignition Mode ST I,51D4F480,Wyvernheart Ignition,03B26BAC,Wyverncounter Ignition,00,FALSE,EDA9B920,00000000,00000000,00000000,0002,0000,0000,0000,Guard,2,,
0000002F,47,00000002,0000000D,13,00000000,0000002B,00000000,43,B390CED6-F44D-4002-B27E-1ABC77EE852E,Tankmage II,4198C5E0-EC55-4BEF-BDB7-A9EA010269BC,00000033,51,00002710,"10,000z",0000000D,6,00C8,200,0000,0,0000,0%,00000002,00000001,00000000,"2, 1, 0",9BE1AC80,Normal?,FE3E4B10,FE3E4B10,FE3E4B10,C063CC00,578C0500,C063CC00,C063CC00,C063CC00,FE3E4B10,C063CC00,C063CC00,C063CC00,578C0500,C063CC00,C063CC00,C063CC00,C063CC00,C063CC00,FE3E4B10,FE3E4B10,"1, 1, 1, 0, 2, 0, 0, 0, 1, 0, 0, 0, 2, 0, 0, 0, 0, 0, 1, 1",0004,0004,0005,0000,0002,0000,0000,0000,0005,0000,0000,0000,0005,0000,0000,0000,0000,0000,0004,0004,"4, 4, 5, 0, 2, 0, 0, 0, 5, 0, 0, 0, 5, 0, 0, 0, 0, 0, 4, 4",00002AC3,C5E54740,FEE52172,Ignition Guage Recovery Lv1,208CBE80,Ignition Mode ST I,51D4F480,Wyvernheart Ignition,03B26BAC,Wyverncounter Ignition,00,FALSE,EDA9B920,00000000,00000000,00000000,0003,0000,0000,0000,Guard,3,,
00000030,48,00000002,0000000D,13,00000000,0000002C,00000000,44,FB858D35-F37A-466D-A62E-E8EAA8F6099D,Tanksorcerer,81AC18F3-8A16-4755-AD03-4418AF097E90,00000034,52,00004E20,"20,000z",0000000B,8,00E6,230,0000,0,0000,0%,00000003,00000002,00000001,"3, 2, 1",9BE1AC80,Normal?,FE3E4B10,FE3E4B10,FE3E4B10,C063CC00,578C0500,C063CC00,C063CC00,C063CC00,FE3E4B10,C063CC00,C063CC00,C063CC00,578C0500,C063CC00,C063CC00,C063CC00,C063CC00,C063CC00,FE3E4B10,FE3E4B10,"1, 1, 1, 0, 2, 0, 0, 0, 1, 0, 0, 0, 2, 0, 0, 0, 0, 0, 1, 1",0004,0004,0005,0000,0002,0000,0000,0000,0005,0000,0000,0000,0005,0000,0000,0000,0000,0000,0004,0004,"4, 4, 5, 0, 2, 0, 0, 0, 5, 0, 0, 0, 5, 0, 0, 0, 0, 0, 4, 4",00002AC3,C5E54740,FEE52172,Ignition Guage Recovery Lv1,208CBE80,Ignition Mode ST I,51D4F480,Wyvernheart Ignition,03B26BAC,Wyverncounter Ignition,01,TRUE,EDA9B920,00000000,00000000,00000000,0003,0000,0000,0000,Guard,3,,
00000031,49,00000002,00000007,7,00000000,0000002D,00000000,45,FDD5BC11-E723-4465-894F-D9FF4BBAF509,Queen's Longfire I,41DC9F26-17D5-4657-9145-41B975156F05,00000035,53,00001388,"5,000z",0000000E,5,00A0,160,0000,0,000F,15%,00000002,00000001,00000000,"2, 1, 0",E92D7680,Pierce?,FE3E4B10,FE3E4B10,FE3E4B10,C063CC00,C063CC00,C063CC00,FE3E4B10,FE3E4B10,C063CC00,C063CC00,C063CC00,C063CC00,578C0500,C063CC00,C063CC00,C063CC00,C063CC00,FE3E4B10,C063CC00,FE3E4B10,"1, 1, 1, 0, 0, 0, 1, 1, 0, 0, 0, 0, 2, 0, 0, 0, 0, 1, 0, 1",0005,0004,0003,0000,0000,0000,0002,0006,0000,0000,0000,0000,0003,0000,0000,0000,0000,0002,0000,0004,"5, 4, 3, 0, 0, 0, 2, 6, 0, 0, 0, 0, 3, 0, 0, 0, 0, 2, 0, 4",C09B5780,73824C80,FEE52172,Ignition Guage Recovery Lv1,74CC9500,Standard Mode ST I,51D4F480,Wyvernheart Ignition,03B26BAC,Wyverncounter Ignition,00,FALSE,60268F80,9EDDD500,00000000,00000000,0002,0001,0000,0000,Tetrad Shot,2,Poison Duration Up,1
00000032,50,00000002,00000007,7,00000000,0000002E,00000000,46,DA147FBB-03B8-4285-B031-FF2EFB81DC78,Queen's Longfire II,E6196A6C-C385-47C2-B8A1-75CF10EA36E1,00000036,54,000036B0,"14,000z",0000000C,7,00BE,190,0000,0,000F,15%,00000003,00000002,00000000,"3, 2, 0",E92D7680,Pierce?,FE3E4B10,FE3E4B10,FE3E4B10,C063CC00,C063CC00,C063CC00,FE3E4B10,FE3E4B10,C063CC00,C063CC00,C063CC00,C063CC00,578C0500,C063CC00,C063CC00,C063CC00,C063CC00,FE3E4B10,C063CC00,FE3E4B10,"1, 1, 1, 0, 0, 0, 1, 1, 0, 0, 0, 0, 2, 0, 0, 0, 0, 1, 0, 1",0005,0004,0003,0000,0000,0000,0002,0006,0000,0000,0000,0000,0003,0000,0000,0000,0000,0002,0000,0004,"5, 4, 3, 0, 0, 0, 2, 6, 0, 0, 0, 0, 3, 0, 0, 0, 0, 2, 0, 4",C09B5780,73824C80,FEE52172,Ignition Guage Recovery Lv1,74CC9500,Standard Mode ST I,51D4F480,Wyvernheart Ignition,03B26BAC,Wyverncounter Ignition,00,FALSE,60268F80,9EDDD500,00000000,00000000,0003,0001,0000,0000,Tetrad Shot,3,Poison Duration Up,1
00000033,51,00000002,00000007,7,00000000,0000002F,00000000,47,C8E26CC4-1B15-486F-A1D7-AF480DC0612D,Queen's Farflier,032AD1F6-D9E7-49BF-9CBA-0CE69FE118FD,00000037,55,00004E20,"20,000z",0000000B,8,00D2,210,0000,0,000F,15%,00000003,00000002,00000001,"3, 2, 1",E92D7680,Pierce?,FE3E4B10,FE3E4B10,FE3E4B10,C063CC00,C063CC00,C063CC00,FE3E4B10,FE3E4B10,C063CC00,C063CC00,C063CC00,C063CC00,578C0500,C063CC00,C063CC00,C063CC00,C063CC00,FE3E4B10,C063CC00,FE3E4B10,"1, 1, 1, 0, 0, 0, 1, 1, 0, 0, 0, 0, 2, 0, 0, 0, 0, 1, 0, 1",0005,0004,0003,0000,0000,0000,0002,0006,0000,0000,0000,0000,0003,0000,0000,0000,0000,0002,0000,0004,"5, 4, 3, 0, 0, 0, 2, 6, 0, 0, 0, 0, 3, 0, 0, 0, 0, 2, 0, 4",C09B5780,73824C80,FEE52172,Ignition Guage Recovery Lv1,74CC9500,Standard Mode ST I,51D4F480,Wyvernheart Ignition,03B26BAC,Wyverncounter Ignition,01,TRUE,60268F80,9EDDD500,00000000,00000000,0003,0001,0000,0000,Tetrad Shot,3,Poison Duration Up,1
00000034,52,00000002,000186A0,100000,00000000,00000030,00000000,48,9B64BE4F-BEF5-45AD-B8C8-3597C769759D,Grounding Fulgur I,15B94AF2-E12D-4EDE-891B-91FBDCF8A686,00000030,48,00002710,"10,000z",0000000D,6,00B4,180,0000,0,000F,15%,00000002,00000001,00000000,"2, 1, 0",9BE1AC80,Normal?,FE3E4B10,FE3E4B10,FE3E4B10,C063CC00,C063CC00,C063CC00,FE3E4B10,C063CC00,C063CC00,FE3E4B10,C063CC00,C063CC00,C063CC00,FE3E4B10,C063CC00,C063CC00,C063CC00,C063CC00,C063CC00,FE3E4B10,"1, 1, 1, 0, 0, 0, 1, 0, 0, 1, 0, 0, 0, 1, 0, 0, 0, 0, 0, 1",0005,0005,0003,0000,0000,0000,0001,0000,0000,0007,0000,0000,0000,0004,0000,0000,0000,0000,0000,0004,"5, 5, 3, 0, 0, 0, 1, 0, 0, 7, 0, 0, 0, 4, 0, 0, 0, 0, 0, 4",39AD2E40,7E03BB00,D00B91C0,Ignition Guage Recovery Lv2,AA799900,Standard/Ignition Base Type,51D4F480,Wyvernheart Ignition,03B26BAC,Wyverncounter Ignition,00,FALSE,12B121E0,00000000,00000000,00000000,0003,0000,0000,0000,Critical Element,3,,
00000035,53,00000002,000186A0,100000,00000000,00000031,00000000,49,114F8174-FBA0-4603-AD4C-5CA1DE68D0DE,Fulgurblast Guardiana,4D8FE3AA-4A37-46F0-88B6-5436B49C1FE6,00000031,49,00004E20,"20,000z",0000000B,8,00D2,210,0000,0,000F,15%,00000003,00000002,00000001,"3, 2, 1",9BE1AC80,Normal?,FE3E4B10,FE3E4B10,FE3E4B10,C063CC00,C063CC00,C063CC00,FE3E4B10,C063CC00,C063CC00,FE3E4B10,C063CC00,C063CC00,C063CC00,FE3E4B10,C063CC00,C063CC00,C063CC00,C063CC00,C063CC00,FE3E4B10,"1, 1, 1, 0, 0, 0, 1, 0, 0, 1, 0, 0, 0, 1, 0, 0, 0, 0, 0, 1",0005,0005,0003,0000,0000,0000,0001,0000,0000,0007,0000,0000,0000,0004,0000,0000,0000,0000,0000,0004,"5, 5, 3, 0, 0, 0, 1, 0, 0, 7, 0, 0, 0, 4, 0, 0, 0, 0, 0, 4",39AD2E40,7E03BB00,D00B91C0,Ignition Guage Recovery Lv2,AA799900,Standard/Ignition Base Type,51D4F480,Wyvernheart Ignition,03B26BAC,Wyverncounter Ignition,01,TRUE,12B121E0,00000000,00000000,00000000,0003,0000,0000,0000,Critical Element,3,,
00000036,54,00000002,00000010,16,00000000,00000034,00000000,52,551536C7-0CEC-4A0D-A1AE-800795D063BF,Gravios Howl I,7767858D-2832-42C9-A80D-6E7FF04F90A3,00000038,56,00002710,"10,000z",0000000D,6,00D2,210,001E,30,FFF1,-15%,00000002,00000001,00000000,"2, 1, 0",03831064,Spread?,FE3E4B10,FE3E4B10,578C0500,C063CC00,6977C080,C063CC00,C063CC00,FE3E4B10,C063CC00,C063CC00,C063CC00,C063CC00,C063CC00,C063CC00,FE3E4B10,C063CC00,FE3E4B10,C063CC00,C063CC00,FE3E4B10,"1, 1, 2, 0, 3, 0, 0, 1, 0, 0, 0, 0, 0, 0, 1, 0, 1, 0, 0, 1",0004,0004,0003,0000,0002,0000,0000,0006,0000,0000,0000,0000,0000,0000,0005,0000,0003,0000,0000,0004,"4, 4, 3, 0, 2, 0, 0, 6, 0, 0, 0, 0, 0, 0, 5, 0, 3, 0, 0, 4",00002AC3,C5E54740,FEE52172,Ignition Guage Recovery Lv1,208CBE80,Ignition Mode ST I,D950CFC0,Wyvernpiercer Ignition,E6E4B000,Wyvernblast Ignition,00,FALSE,9C370B80,00000000,00000000,00000000,0003,0000,0000,0000,Guard Up,3,,
00000037,55,00000002,00000010,16,00000000,00000035,00000000,53,F9D1B3D6-D743-4EC0-9B34-61A2923858C3,Gravios Gigahowl,2FED4BFA-51B5-4CA3-A432-080939996D00,00000039,57,00004E20,"20,000z",0000000B,8,00F0,240,001E,30,FFF1,-15%,00000003,00000002,00000001,"3, 2, 1",03831064,Spread?,FE3E4B10,FE3E4B10,578C0500,C063CC00,6977C080,C063CC00,C063CC00,FE3E4B10,C063CC00,C063CC00,C063CC00,C063CC00,C063CC00,C063CC00,FE3E4B10,C063CC00,FE3E4B10,C063CC00,C063CC00,FE3E4B10,"1, 1, 2, 0, 3, 0, 0, 1, 0, 0, 0, 0, 0, 0, 1, 0, 1, 0, 0, 1",0004,0004,0003,0000,0002,0000,0000,0006,0000,0000,0000,0000,0000,0000,0005,0000,0003,0000,0000,0004,"4, 4, 3, 0, 2, 0, 0, 6, 0, 0, 0, 0, 0, 0, 5, 0, 3, 0, 0, 4",00002AC3,C5E54740,FEE52172,Ignition Guage Recovery Lv1,208CBE80,Ignition Mode ST I,D950CFC0,Wyvernpiercer Ignition,E6E4B000,Wyvernblast Ignition,01,TRUE,9C370B80,00000000,00000000,00000000,0003,0000,0000,0000,Guard Up,3,,
00000038,56,00000002,00000008,8,00000000,00000036,00000000,54,2C53782F-082D-402A-89BC-1F8064B55482,TÃ¶dlicher Abzug I,F11B7DB8-4719-47E4-BF02-2AF724122E34,0000003A,58,000036B0,"14,000z",0000000C,7,00B4,180,0000,0,0014,20%,00000003,00000002,00000000,"3, 2, 0",E92D7680,Pierce?,FE3E4B10,6977C080,FE3E4B10,C063CC00,C063CC00,FE3E4B10,C063CC00,C063CC00,C063CC00,C063CC00,578C0500,FE3E4B10,C063CC00,C063CC00,C063CC00,C063CC00,C063CC00,C063CC00,FE3E4B10,FE3E4B10,"1, 3, 1, 0, 0, 1, 0, 0, 0, 0, 2, 1, 0, 0, 0, 0, 0, 0, 1, 1",0006,0003,0004,0000,0000,0003,0000,0000,0000,0000,0005,0003,0000,0000,0000,0000,0000,0000,0005,0004,"6, 3, 4, 0, 0, 3, 0, 0, 0, 0, 5, 3, 0, 0, 0, 0, 0, 0, 5, 4",0000259B,6DDF2800,FEE52172,Ignition Guage Recovery Lv1,74CC9500,Standard Mode ST I,51D4F480,Wyvernheart Ignition,03B26BAC,Wyverncounter Ignition,00,FALSE,12B121E0,00000000,00000000,00000000,0003,0000,0000,0000,Critical Element,3,,
00000039,57,00000002,00000008,8,00000000,00000037,00000000,55,E7C0BB72-D112-4849-B3BD-F2CCA0307ABA,Ableben Abzug,622BCF39-7E6E-4FEA-B2EE-E2C86C3800E9,0000003B,59,00004E20,"20,000z",0000000B,8,00C8,200,0000,0,0014,20%,00000003,00000002,00000001,"3, 2, 1",E92D7680,Pierce?,FE3E4B10,6977C080,FE3E4B10,C063CC00,C063CC00,FE3E4B10,C063CC00,C063CC00,C063CC00,C063CC00,578C0500,FE3E4B10,C063CC00,C063CC00,C063CC00,C063CC00,C063CC00,C063CC00,FE3E4B10,FE3E4B10,"1, 3, 1, 0, 0, 1, 0, 0, 0, 0, 2, 1, 0, 0, 0, 0, 0, 0, 1, 1",0006,0003,0004,0000,0000,0003,0000,0000,0000,0000,0005,0003,0000,0000,0000,0000,0000,0000,0005,0004,"6, 3, 4, 0, 0, 3, 0, 0, 0, 0, 5, 3, 0, 0, 0, 0, 0, 0, 5, 4",0000259B,6DDF2800,FEE52172,Ignition Guage Recovery Lv1,74CC9500,Standard Mode ST I,51D4F480,Wyvernheart Ignition,03B26BAC,Wyverncounter Ignition,01,TRUE,12B121E0,00000000,00000000,00000000,0003,0000,0000,0000,Critical Element,3,,
00000028,40,00000002,00000012,18,00000000,00000038,00000000,56,1D239E63-791C-42E7-9561-F8C0C24EE44C,G. Veldian Tormentum I,717DB81F-AED9-43E4-AA1B-2059F4AE45DD,00000015,21,00000A28,"2,600z",0000000F,4,00AA,170,0000,0,FFF6,-10%,00000001,00000001,00000000,"1, 1, 0",9BE1AC80,Normal?,6977C080,FE3E4B10,FE3E4B10,C063CC00,C063CC00,C063CC00,FE3E4B10,C063CC00,C063CC00,C063CC00,C063CC00,FE3E4B10,C063CC00,C063CC00,C063CC00,C063CC00,C063CC00,C063CC00,C063CC00,FE3E4B10,"3, 1, 1, 0, 0, 0, 1, 0, 0, 0, 0, 1, 0, 0, 0, 0, 0, 0, 0, 1",0002,0004,0006,0000,0000,0000,0002,0000,0000,0000,0000,0002,0000,0000,0000,0000,0000,0000,0000,0004,"2, 4, 6, 0, 0, 0, 2, 0, 0, 0, 0, 2, 0, 0, 0, 0, 0, 0, 0, 4",A625F800,26A84980,D00B91C0,Ignition Guage Recovery Lv2,AA799900,Standard/Ignition Base Type,D950CFC0,Wyvernpiercer Ignition,E6E4B000,Wyvernblast Ignition,00,FALSE,60268F80,00000000,00000000,00000000,0002,0000,0000,0000,Tetrad Shot,2,,
00000029,41,00000002,00000012,18,00000000,00000039,00000000,57,8D0CA76A-062D-454F-9130-24C63172DCA2,G. Veldian Tormentum II,ED9C4D47-276D-4C42-97F6-FFD89D67700D,00000016,22,00002710,"10,000z",0000000D,6,00D2,210,0000,0,FFF6,-10%,00000002,00000002,00000000,"2, 2, 0",9BE1AC80,Normal?,6977C080,FE3E4B10,FE3E4B10,C063CC00,C063CC00,C063CC00,FE3E4B10,C063CC00,C063CC00,C063CC00,C063CC00,FE3E4B10,C063CC00,C063CC00,C063CC00,C063CC00,C063CC00,C063CC00,C063CC00,FE3E4B10,"3, 1, 1, 0, 0, 0, 1, 0, 0, 0, 0, 1, 0, 0, 0, 0, 0, 0, 0, 1",0002,0004,0006,0000,0000,0000,0002,0000,0000,0000,0000,0002,0000,0000,0000,0000,0000,0000,0000,0004,"2, 4, 6, 0, 0, 0, 2, 0, 0, 0, 0, 2, 0, 0, 0, 0, 0, 0, 0, 4",A625F800,26A84980,D00B91C0,Ignition Guage Recovery Lv2,AA799900,Standard/Ignition Base Type,D950CFC0,Wyvernpiercer Ignition,E6E4B000,Wyvernblast Ignition,00,FALSE,60268F80,00000000,00000000,00000000,0002,0000,0000,0000,Tetrad Shot,2,,
0000002A,42,00000002,00000012,18,00000000,0000003A,00000000,58,193CC85E-389F-4610-BD8F-110A25C5682C,G. Aeternal Palamedes,101F5633-67E5-469B-9B52-1A931934DDC3,00000017,23,00004E20,"20,000z",0000000B,8,00F0,240,0000,0,FFF6,-10%,00000003,00000003,00000001,"3, 3, 1",9BE1AC80,Normal?,6977C080,FE3E4B10,FE3E4B10,C063CC00,C063CC00,C063CC00,FE3E4B10,C063CC00,C063CC00,C063CC00,C063CC00,FE3E4B10,C063CC00,C063CC00,C063CC00,C063CC00,C063CC00,C063CC00,C063CC00,FE3E4B10,"3, 1, 1, 0, 0, 0, 1, 0, 0, 0, 0, 1, 0, 0, 0, 0, 0, 0, 0, 1",0002,0004,0006,0000,0000,0000,0002,0000,0000,0000,0000,0002,0000,0000,0000,0000,0000,0000,0000,0004,"2, 4, 6, 0, 0, 0, 2, 0, 0, 0, 0, 2, 0, 0, 0, 0, 0, 0, 0, 4",A625F800,26A84980,D00B91C0,Ignition Guage Recovery Lv2,AA799900,Standard/Ignition Base Type,D950CFC0,Wyvernpiercer Ignition,E6E4B000,Wyvernblast Ignition,01,TRUE,60268F80,00000000,00000000,00000000,0002,0000,0000,0000,Tetrad Shot,2,,
0000003A,58,00000002,00000017,23,00000000,0000003B,00000000,59,977DE1F0-3173-40CB-894E-BF055D164D79,Veldian Tormentum I,D66A7337-C77B-45FD-8DF8-E19E230C1819,00000018,24,000036B0,"14,000z",0000000C,7,00C8,200,0000,0,0000,0%,00000003,00000002,00000000,"3, 2, 0",03831064,Spread?,FE3E4B10,FE3E4B10,6977C080,6977C080,C063CC00,C063CC00,C063CC00,C063CC00,C063CC00,578C0500,C063CC00,FE3E4B10,C063CC00,C063CC00,C063CC00,FE3E4B10,FE3E4B10,C063CC00,C063CC00,FE3E4B10,"1, 1, 3, 3, 0, 0, 0, 0, 0, 2, 0, 1, 0, 0, 0, 1, 1, 0, 0, 1",0006,0003,0003,0003,0000,0000,0000,0000,0000,0005,0000,0003,0000,0000,0000,0002,0002,0000,0000,0004,"6, 3, 3, 3, 0, 0, 0, 0, 0, 5, 0, 3, 0, 0, 0, 2, 2, 0, 0, 4",00000DB3,48191C80,D00B91C0,Ignition Guage Recovery Lv2,AA799900,Standard/Ignition Base Type,D950CFC0,Wyvernpiercer Ignition,E6E4B000,Wyvernblast Ignition,00,FALSE,60268F80,00000000,00000000,00000000,0003,0000,0000,0000,Tetrad Shot,3,,
0000003C,60,00000002,000186A1,100001,00000000,0000003C,00000000,60,D7EE86F7-0020-4307-B78E-E702FE7D1E56,Artian Sheller I,07F34F78-9546-46E3-8ECB-B4F6A18E0AF1,00000064,100,00000028,40z,0000000D,6,00AA,170,0000,0,0005,5%,00000002,00000002,00000002,"2, 2, 2",03831064,Spread?,578C0500,578C0500,578C0500,C063CC00,C063CC00,C063CC00,C063CC00,C063CC00,C063CC00,C063CC00,C063CC00,C063CC00,C063CC00,C063CC00,C063CC00,C063CC00,C063CC00,C063CC00,C063CC00,FE3E4B10,"2, 2, 2, 0, 0, 0, 0, 0, 0, 0, 0, 0, 0, 0, 0, 0, 0, 0, 0, 1",0002,0002,0003,0001,0000,0000,0000,0003,0003,0003,0003,0001,0002,0002,0002,0000,0000,0000,0000,0004,"2, 2, 3, 1, 0, 0, 0, 3, 3, 3, 3, 1, 2, 2, 2, 0, 0, 0, 0, 4",39AD2E40,48191C80,FEE52172,Ignition Guage Recovery Lv1,208CBE80,Ignition Mode ST I,D950CFC0,Wyvernpiercer Ignition,E6E4B000,Wyvernblast Ignition,00,FALSE,00000000,00000000,00000000,00000000,0000,0000,0000,0000,,,,
0000003D,61,00000002,000186A1,100001,00000000,0000003D,00000000,61,1A1927EE-B149-4A52-895B-72A4460D07E3,Artian Sheller II,021A668C-000F-40F2-A936-008B69690984,00000065,101,00000064,100z,0000000C,7,00B4,180,0000,0,0005,5%,00000002,00000002,00000002,"2, 2, 2",03831064,Spread?,578C0500,578C0500,578C0500,C063CC00,C063CC00,C063CC00,C063CC00,C063CC00,C063CC00,C063CC00,C063CC00,C063CC00,C063CC00,C063CC00,C063CC00,C063CC00,C063CC00,C063CC00,C063CC00,FE3E4B10,"2, 2, 2, 0, 0, 0, 0, 0, 0, 0, 0, 0, 0, 0, 0, 0, 0, 0, 0, 1",0002,0002,0003,0001,0000,0000,0000,0003,0003,0003,0003,0001,0002,0002,0002,0000,0000,0000,0000,0004,"2, 2, 3, 1, 0, 0, 0, 3, 3, 3, 3, 1, 2, 2, 2, 0, 0, 0, 0, 4",39AD2E40,48191C80,FEE52172,Ignition Guage Recovery Lv1,208CBE80,Ignition Mode ST I,D950CFC0,Wyvernpiercer Ignition,E6E4B000,Wyvernblast Ignition,00,FALSE,00000000,00000000,00000000,00000000,0000,0000,0000,0000,,,,
0000003E,62,00000002,000186A1,100001,00000000,0000003E,00000000,62,4B966618-306C-4495-B616-4D8200D93376,Greifen,DC7BD17B-7E3E-4FC2-80E8-86E168586C66,00000066,102,000000C8,200z,0000000B,8,00BE,190,0000,0,0005,5%,00000003,00000003,00000003,"3, 3, 3",03831064,Spread?,578C0500,578C0500,578C0500,C063CC00,C063CC00,C063CC00,C063CC00,C063CC00,C063CC00,C063CC00,C063CC00,C063CC00,C063CC00,C063CC00,C063CC00,C063CC00,C063CC00,C063CC00,C063CC00,FE3E4B10,"2, 2, 2, 0, 0, 0, 0, 0, 0, 0, 0, 0, 0, 0, 0, 0, 0, 0, 0, 1",0002,0002,0003,0001,0000,0000,0000,0003,0003,0003,0003,0001,0002,0002,0002,0000,0000,0000,0000,0004,"2, 2, 3, 1, 0, 0, 0, 3, 3, 3, 3, 1, 2, 2, 2, 0, 0, 0, 0, 4",39AD2E40,48191C80,FEE52172,Ignition Guage Recovery Lv1,208CBE80,Ignition Mode ST I,D950CFC0,Wyvernpiercer Ignition,E6E4B000,Wyvernblast Ignition,01,TRUE,00000000,00000000,00000000,00000000,0000,0000,0000,0000,,,,
00000005,5,00000002,00000003,3,00000000,00000043,00000000,67,21BC7FA4-F432-448B-8AA9-5A012419CB50,Esperanza Cannon,76B8361E-E6F0-4BCF-A0F8-7D9F7AB9D118,00000005,5,00004E20,"20,000z",0000000B,8,00D2,210,0000,0,0000,0%,00000003,00000002,00000001,"3, 2, 1",9BE1AC80,Normal?,578C0500,FE3E4B10,FE3E4B10,578C0500,C063CC00,C063CC00,C063CC00,C063CC00,C063CC00,FE3E4B10,C063CC00,C063CC00,FE3E4B10,C063CC00,C063CC00,FE3E4B10,C063CC00,FE3E4B10,C063CC00,FE3E4B10,"2, 1, 1, 2, 0, 0, 0, 0, 0, 1, 0, 0, 1, 0, 0, 1, 0, 1, 0, 1",0004,0005,0004,0002,0000,0000,0000,0000,0000,0007,0000,0000,0004,0000,0000,0002,0000,0002,0000,0004,"4, 5, 4, 2, 0, 0, 0, 0, 0, 7, 0, 0, 4, 0, 0, 2, 0, 2, 0, 4",A625F800,6AF2D080,D00B91C0,Ignition Guage Recovery Lv2,AA799900,Standard/Ignition Base Type,51D4F480,Wyvernheart Ignition,03B26BAC,Wyverncounter Ignition,01,TRUE,E6EE04A0,830A1C00,00000000,00000000,0003,0001,0000,0000,Ballistics,3,Critical Eye,1
00000013,19,00000002,00000001,1,00000000,00000044,00000000,68,43898D25-2216-4C3D-B2D6-A45101E7FD90,Shrouded Muktana,6CDFC6E7-1B4A-4CDE-9469-FDB5732665A0,00000014,20,00004E20,"20,000z",0000000B,8,00E6,230,000F,15,0000,0%,00000003,00000002,00000001,"3, 2, 1",9BE1AC80,Normal?,FE3E4B10,FE3E4B10,FE3E4B10,C063CC00,C063CC00,C063CC00,FE3E4B10,C063CC00,FE3E4B10,C063CC00,C063CC00,C063CC00,C063CC00,C063CC00,C063CC00,C063CC00,FE3E4B10,C063CC00,FE3E4B10,FE3E4B10,"1, 1, 1, 0, 0, 0, 1, 0, 1, 0, 0, 0, 0, 0, 0, 0, 1, 0, 1, 1",0005,0003,0003,0000,0000,0000,0002,0000,0006,0000,0000,0000,0000,0000,0000,0000,0002,0000,0004,0004,"5, 3, 3, 0, 0, 0, 2, 0, 6, 0, 0, 0, 0, 0, 0, 0, 2, 0, 4, 4",C09B5780,73824C80,FEE52172,Ignition Guage Recovery Lv1,74CC9500,Standard Mode ST I,D950CFC0,Wyvernpiercer Ignition,E6E4B000,Wyvernblast Ignition,01,TRUE,660A4B80,00000000,00000000,00000000,0003,0000,0000,0000,Opening Shot,3,,
0000003B,59,00000002,00000017,23,00000000,00000045,00000000,69,5AF12DDD-0A7A-4BDF-8A17-6CC6F2A61509,Aeternal Palamedes,189228E4-B170-4A23-A611-14136E4FBE53,00000019,25,00004E20,"20,000z",0000000B,8,00DC,220,0000,0,0000,0%,00000003,00000002,00000001,"3, 2, 1",03831064,Spread?,FE3E4B10,FE3E4B10,6977C080,6977C080,C063CC00,C063CC00,C063CC00,C063CC00,C063CC00,578C0500,C063CC00,FE3E4B10,C063CC00,C063CC00,C063CC00,FE3E4B10,FE3E4B10,C063CC00,C063CC00,FE3E4B10,"1, 1, 3, 3, 0, 0, 0, 0, 0, 2, 0, 1, 0, 0, 0, 1, 1, 0, 0, 1",0006,0003,0003,0003,0000,0000,0000,0000,0000,0005,0000,0003,0000,0000,0000,0002,0002,0000,0000,0004,"6, 3, 3, 3, 0, 0, 0, 0, 0, 5, 0, 3, 0, 0, 0, 2, 2, 0, 0, 4",00000DB3,48191C80,D00B91C0,Ignition Guage Recovery Lv2,AA799900,Standard/Ignition Base Type,D950CFC0,Wyvernpiercer Ignition,E6E4B000,Wyvernblast Ignition,01,TRUE,60268F80,00000000,00000000,00000000,0003,0000,0000,0000,Tetrad Shot,3,,