Index Raw,Index,Type Raw,Model ID Raw,Model ID,Custom Model ID Raw,DB ID Raw,LS ID Raw,Hammer ID Raw,HH ID Raw,Lance ID Raw,GL ID Raw,SA ID Raw,CA ID Raw,IG ID Raw,Bow ID Raw,HBG ID Raw,LBG ID Raw,ID,Name Raw,Name,Description Raw,Sort ID Raw,Sort ID,Price Raw,Price,Rarity Raw,Rarity,Attack Raw,Attack,Defense Raw,Defense,Affinity Raw,Affinity,Element 1 Raw,Attribute,Element 1 Value Raw,Attribute Value,Element 2 Raw,Element 2 Value Raw,Slot 1 Raw,Slot 2 Raw,Slot 3 Raw,Slots,Wp05 Unique Type Raw,Notes,Wp05 Music Skill High Freq Type Raw,Echo Wave Type,Wp05 Hibiki Skill Type Raw,Echo Bubble Type,Sharpness 0 Raw,Sharpness 1 Raw,Sharpness 2 Raw,Sharpness 3 Raw,Sharpness 4 Raw,Sharpness 5 Raw,Sharpness 6 Raw,Sharpness 7 Raw,Red Sharpness,Orange Sharpness,Yellow Sharpness,Green Sharpness,Blue Sharpness,White Sharpness,Purple Sharpness,Handicraft 0 Raw,Handicraft 0 Lv,Handicraft 1 Raw,Handicraft 1 Lv,Handicraft 2 Raw,Handicraft 2 Lv,Handicraft 3 Raw,Handicraft 3 Lv,Red Sharpness +1,Orange Sharpness +1,Yellow Sharpness +1,Green Sharpness +1,Blue Sharpness +1,White Sharpness +1,Purple Sharpness +1,Sharpness Bar,Sharpness Bar (Handicraft),Skill 0 Raw,Skill 1 Raw,Skill 2 Raw,Skill 3 Raw,Skill 0 Lv Raw,Skill 1 Lv Raw,Skill 2 Lv Raw,Skill 3 Lv Raw,Skill 1,Skill 1 Lv,Skill 2,Skill 2 Lv
00000000,0,00000009,00000004,4,00000000,00000000,00000000,00000000,00000001,00000000,00000000,00000000,00000000,00000000,00000000,00000000,00000000,1,88A76352-1055-4E69-8650-6DBB641795EE,Hope Horn I,56733819-8573-4CCB-8835-FBAE2E48A625,00000000,0,000000C8,200z,00000012,1,005A,90,0000,0,0000,0%,00000000,-,00000000,0,00000000,00000000,00000000,00000000,00000000,"0, 0, 0",BC0E1B00,"White, Red, Yellow",039BC4E0,Echo Wave (Blunt),7F3E5F00,Evasion & Movement Speed Up,0032,003C,0032,0028,0000,0000,0000,0000,50,60,50,40,0,0,0,0032,4,0000,5,0000,6,0000,7,50,60,50,40,0,0,0,,,00000000,00000000,00000000,00000000,0000,0000,0000,0000,,,,
00000001,1,00000009,00000004,4,00000000,00000000,00000000,00000000,00000002,00000000,00000000,00000000,00000000,00000000,00000000,00000000,00000000,2,300A4735-C0C4-4662-8C2E-A80E02B405EC,Hope Horn II,06BDA6D7-5E7D-42BE-BF7F-E17DAC875E13,00000001,1,000001F4,500z,00000012,1,0064,100,0000,0,0000,0%,00000000,-,00000000,0,00000000,00000000,00000000,00000000,00000000,"0, 0, 0",BC0E1B00,"White, Red, Yellow",039BC4E0,Echo Wave (Blunt),7F3E5F00,Evasion & Movement Speed Up,0028,0032,003C,0032,0000,0000,0000,0000,40,50,60,50,0,0,0,0032,4,0000,5,0000,6,0000,7,40,50,60,50,0,0,0,,,561FF780,00000000,00000000,00000000,0001,0000,0000,0000,Speed Sharpening,1,,
00000002,2,00000009,00000004,4,00000000,00000000,00000000,00000000,00000003,00000000,00000000,00000000,00000000,00000000,00000000,00000000,00000000,3,9A24FEA5-CCFC-4D69-9C6B-83CB3908B545,Hope Horn III,0EC26983-EC1F-4B01-AE61-50717E402130,00000002,2,000005DC,"1,500z",00000010,3,0082,130,0000,0,0000,0%,00000000,-,00000000,0,00000000,00000000,00000000,00000000,00000000,"0, 0, 0",BC0E1B00,"White, Red, Yellow",039BC4E0,Echo Wave (Blunt),7F3E5F00,Evasion & Movement Speed Up,0032,003C,0046,0046,0000,0000,0000,0000,50,60,70,70,0,0,0,0032,4,0000,5,0000,6,0000,7,50,60,70,70,0,0,0,,,561FF780,830A1C00,00000000,00000000,0001,0001,0000,0000,Speed Sharpening,1,Critical Eye,1
00000003,3,00000009,00000004,4,00000000,00000000,00000000,00000000,00000004,00000000,00000000,00000000,00000000,00000000,00000000,00000000,00000000,4,BDA74D0A-9F0C-4A6E-8022-C06703BF83F6,Hope Horn IV,EE50ECD8-D328-4983-AFD9-284E3772566A,00000003,3,00000FA0,"4,000z",0000000E,5,00A0,160,0000,0,0000,0%,00000000,-,00000000,0,00000000,00000000,00000002,00000001,00000000,"2, 1, 0",82CD0500,"Purple, Red, Yellow",039BC4E0,Echo Wave (Blunt),7F3E5F00,Evasion & Movement Speed Up,0032,003C,0050,0046,0028,0000,0000,0000,50,60,80,70,40,0,0,0032,5,0000,6,0000,7,0000,8,50,60,80,70,40,0,0,,,561FF780,830A1C00,00000000,00000000,0002,0001,0000,0000,Speed Sharpening,2,Critical Eye,1
00000004,4,00000009,00000004,4,00000000,00000000,00000000,00000000,00000005,00000000,00000000,00000000,00000000,00000000,00000000,00000000,00000000,5,E6EB8AA5-BAE5-42B5-B9AA-0FC33EA2E2B6,Hope Horn V,062F67B7-C2FF-4B1E-8A17-96F258A70B75,00000004,4,000036B0,"14,000z",0000000C,7,00BE,190,0000,0,0000,0%,00000000,-,00000000,0,00000000,00000000,00000003,00000002,00000000,"3, 2, 0",82CD0500,"Purple, Red, Yellow",039BC4E0,Echo Wave (Blunt),7F3E5F00,Evasion & Movement Speed Up,0032,003C,0046,0050,0032,0028,0000,0000,50,60,70,80,50,40,0,0032,6,0000,7,0000,8,0000,9,50,60,70,80,50,40,0,,,561FF780,830A1C00,00000000,00000000,0002,0001,0000,0000,Speed Sharpening,2,Critical Eye,1
00000006,6,00000009,00002711,10001,00000000,00000000,00000000,00000000,00000006,00000000,00000000,00000000,00000000,00000000,00000000,00000000,00000000,6,D24EDB3F-5436-48EB-B216-7FA4C03E1574,Bone Horn I,D7DCAA63-CE02-453B-A1E5-989A40512503,00000023,35,000001F4,500z,00000012,1,006E,110,0000,0,0000,0%,00000000,-,00000000,0,00000000,00000000,00000000,00000000,00000000,"0, 0, 0",AE232000,"White, Red, Blue",039BC4E0,Echo Wave (Blunt),5C06E100,"5C06E100: Defense Up, Elemental Defense Up?",0032,005A,003C,0000,0000,0000,0000,0000,50,90,60,0,0,0,0,0028,3,000A,4,0000,5,0000,6,50,90,60,0,0,0,0,,,68D30B80,00000000,00000000,00000000,0001,0000,0000,0000,Stamina Thief,1,,
00000007,7,00000009,00002711,10001,00000000,00000000,00000000,00000000,00000007,00000000,00000000,00000000,00000000,00000000,00000000,00000000,00000000,7,BADDCE09-7ADF-4706-8391-5E5E91787580,Bone Horn II,1211EBB0-8F08-4CAE-9E67-91CAB7410754,00000024,36,00000320,800z,00000011,2,0082,130,0000,0,0000,0%,00000000,-,00000000,0,00000000,00000000,00000000,00000000,00000000,"0, 0, 0",AE232000,"White, Red, Blue",039BC4E0,Echo Wave (Blunt),5C06E100,"5C06E100: Defense Up, Elemental Defense Up?",0032,003C,005A,0000,0000,0000,0000,0000,50,60,90,0,0,0,0,0014,3,001E,4,0000,5,0000,6,50,60,90,0,0,0,0,,,68D30B80,00000001,00000000,00000000,0001,0001,0000,0000,Stamina Thief,1,Attack Boost,1
00000008,8,00000009,00002711,10001,00000000,00000000,00000000,00000000,00000008,00000000,00000000,00000000,00000000,00000000,00000000,00000000,00000000,8,FDBDDA43-9BE4-4A41-A958-F08262965C56,Bone Horn III,09DC8775-7A32-45A0-BDD1-7BB49FD13AAC,00000025,37,00000A28,"2,600z",0000000F,4,00AA,170,0000,0,0000,0%,00000000,-,00000000,0,00000000,00000000,00000001,00000000,00000000,"1, 0, 0",AE232000,"White, Red, Blue",039BC4E0,Echo Wave (Blunt),5C06E100,"5C06E100: Defense Up, Elemental Defense Up?",0032,0050,0064,0014,0000,0000,0000,0000,50,80,100,20,0,0,0,0032,4,0000,5,0000,6,0000,7,50,80,100,20,0,0,0,,,68D30B80,00000001,00000000,00000000,0002,0001,0000,0000,Stamina Thief,2,Attack Boost,1
00000009,9,00000009,00002711,10001,00000000,00000000,00000000,00000000,00000009,00000000,00000000,00000000,00000000,00000000,00000000,00000000,00000000,9,3CBB4926-59E4-4D71-ABAA-0DBABBF9929F,Bone Horn IV,76ABCC6E-A1BC-4FBD-BD71-4D824C5FF4B7,00000026,38,00002710,"10,000z",0000000D,6,00BE,190,0000,0,0000,0%,00000000,-,00000000,0,00000000,00000000,00000002,00000001,00000000,"2, 1, 0",4A302900,"Purple, Red, Blue",039BC4E0,Echo Wave (Blunt),5C06E100,"5C06E100: Defense Up, Elemental Defense Up?",0032,0050,0050,005A,0000,0000,0000,0000,50,80,80,90,0,0,0,0032,4,0000,5,0000,6,0000,7,50,80,80,90,0,0,0,,,68D30B80,00000001,00000000,00000000,0003,0001,0000,0000,Stamina Thief,3,Attack Boost,1
0000000A,10,00000009,00002711,10001,00000000,00000000,00000000,00000000,0000000A,00000000,00000000,00000000,00000000,00000000,00000000,00000000,00000000,10,CF0A711F-A67B-482D-AA78-BC75AFF3FC65,Hardened Bone Horn,AF7B61CD-FBDB-4F17-91B1-6CAAF8131A9B,00000027,39,00004E20,"20,000z",0000000B,8,00DC,220,0000,0,0000,0%,00000000,-,00000000,0,00000000,00000000,00000003,00000002,00000001,"3, 2, 1",4A302900,"Purple, Red, Blue",039BC4E0,Echo Wave (Blunt),5C06E100,"5C06E100: Defense Up, Elemental Defense Up?",0032,0046,0046,0046,005A,0000,0000,0000,50,70,70,70,90,0,0,0032,5,0000,6,0000,7,0000,8,50,70,70,70,90,0,0,,,68D30B80,00000001,00000000,00000000,0003,0001,0000,0000,Stamina Thief,3,Attack Boost,1
0000000B,11,00000009,00002712,10002,00000000,00000000,00000000,00000000,0000000B,00000000,00000000,00000000,00000000,00000000,00000000,00000000,00000000,11,E65389D0-9C7D-4859-962A-BA2EB5FE58EE,Metal Bagpipe I,9D29936D-95D4-4CFE-8FE5-E65FE707375B,00000009,9,00000320,800z,00000011,2,0078,120,0000,0,0000,0%,00000000,-,00000000,0,00000000,00000000,00000000,00000000,00000000,"0, 0, 0",55E05700,"White, Red, Sky",90A30E80,Echo Wave (Slash),7F3E5F00,Evasion & Movement Speed Up,0028,0028,005A,001E,0000,0000,0000,0000,40,40,90,30,0,0,0,0032,4,0000,5,0000,6,0000,7,40,40,90,30,0,0,0,,,28EBAB40,B63E3080,00000000,00000000,0001,0001,0000,0000,Critical Draw,1,Horn Maestro,1
0000000C,12,00000009,00002712,10002,00000000,00000000,00000000,00000000,0000000C,00000000,00000000,00000000,00000000,00000000,00000000,00000000,00000000,12,7BFC6C41-AB3B-4748-B846-121278FEAC11,Metal Bagpipe II,9E889E2F-F768-4155-8225-07B20BEBDBB6,0000000A,10,00000A28,"2,600z",0000000F,4,00A0,160,0000,0,0000,0%,00000000,-,00000000,0,00000000,00000000,00000001,00000000,00000000,"1, 0, 0",55E05700,"White, Red, Sky",90A30E80,Echo Wave (Slash),7F3E5F00,Evasion & Movement Speed Up,0028,003C,005A,003C,0000,0000,0000,0000,40,60,90,60,0,0,0,0032,4,0000,5,0000,6,0000,7,40,60,90,60,0,0,0,,,28EBAB40,B63E3080,00000000,00000000,0002,0001,0000,0000,Critical Draw,2,Horn Maestro,1
0000000D,13,00000009,00002712,10002,00000000,00000000,00000000,00000000,0000000D,00000000,00000000,00000000,00000000,00000000,00000000,00000000,00000000,13,178B8B77-C17D-4826-907A-04F9C77090DC,Metal Bagpipe III,7FF662B0-D790-4371-8019-851AAA5DABA3,0000000B,11,00002710,"10,000z",0000000D,6,00B4,180,0000,0,0000,0%,00000000,-,00000000,0,00000000,00000000,00000002,00000001,00000000,"2, 1, 0",F2B24090,"Purple, Red, Sky",90A30E80,Echo Wave (Slash),7F3E5F00,Evasion & Movement Speed Up,0028,0046,005A,003C,0028,0000,0000,0000,40,70,90,60,40,0,0,0032,5,0000,6,0000,7,0000,8,40,70,90,60,40,0,0,,,28EBAB40,B63E3080,00000000,00000000,0003,0001,0000,0000,Critical Draw,3,Horn Maestro,1
0000000E,14,00000009,00002712,10002,00000000,00000000,00000000,00000000,0000000E,00000000,00000000,00000000,00000000,00000000,00000000,00000000,00000000,14,19B40829-97D5-4228-B97A-46F55C5CD970,Great Bagpipe,5EEA424E-7843-4B29-ADFA-0E21251EE2C4,0000000C,12,00004E20,"20,000z",0000000B,8,00D2,210,0000,0,0000,0%,00000000,-,00000000,0,00000000,00000000,00000003,00000002,00000001,"3, 2, 1",F2B24090,"Purple, Red, Sky",90A30E80,Echo Wave (Slash),7F3E5F00,Evasion & Movement Speed Up,0028,003C,005A,0046,0032,0028,0000,0000,40,60,90,70,50,40,0,0032,6,0000,7,0000,8,0000,9,40,60,90,70,50,40,0,,,28EBAB40,B63E3080,00000000,00000000,0003,0001,0000,0000,Critical Draw,3,Horn Maestro,1
0000000F,15,00000009,00000005,5,00000000,00000000,00000000,00000000,0000000F,00000000,00000000,00000000,00000000,00000000,00000000,00000000,00000000,15,E68C3D72-F6F1-4A3C-A486-4CBBADC9ADC6,War Bongo I,331F3E67-3BB8-40D7-B7E7-A092EF9F8F79,00000034,52,00000320,800z,00000011,2,006E,110,0000,0,0005,5%,00000000,-,00000000,0,00000000,00000000,00000000,00000000,00000000,"0, 0, 0",E7BF27E0,"White, Blue, Green",039BC4E0,Echo Wave (Blunt),6150B580,"6150B580: Attack Up, Crit Up?",0032,0050,0032,0014,0000,0000,0000,0000,50,80,50,20,0,0,0,0032,4,0000,5,0000,6,0000,7,50,80,50,20,0,0,0,,,B63E3080,00000000,00000000,00000000,0001,0000,0000,0000,Horn Maestro,1,,
00000010,16,00000009,00000005,5,00000000,00000000,00000000,00000000,00000010,00000000,00000000,00000000,00000000,00000000,00000000,00000000,00000000,16,52031727-DDD4-4BA1-89C8-C8C5E82F9259,War Bongo II,1FF898CE-D42A-491C-8927-E8F34B303682,00000035,53,00000FA0,"4,000z",0000000E,5,00A0,160,0000,0,0005,5%,00000000,-,00000000,0,00000000,00000000,00000002,00000001,00000001,"2, 1, 1",F23BA790,"Purple, Blue, Green",039BC4E0,Echo Wave (Blunt),6150B580,"6150B580: Attack Up, Crit Up?",0046,0064,003C,003C,000A,0000,0000,0000,70,100,60,60,10,0,0,0032,5,0000,6,0000,7,0000,8,70,100,60,60,10,0,0,,,B63E3080,561FF780,00000000,00000000,0001,0001,0000,0000,Horn Maestro,1,Speed Sharpening,1
00000011,17,00000009,00000005,5,00000000,00000000,00000000,00000000,00000011,00000000,00000000,00000000,00000000,00000000,00000000,00000000,00000000,17,7FCC09F2-F6AD-4B7D-AB26-732A60DE49EB,War Conga,BC88EEE8-EAB4-4767-9DF1-92FE24A96C8C,00000036,54,00004E20,"20,000z",0000000B,8,00D2,210,0000,0,0005,5%,00000000,-,00000000,0,00000000,00000000,00000003,00000003,00000001,"3, 3, 1",F23BA790,"Purple, Blue, Green",039BC4E0,Echo Wave (Blunt),6150B580,"6150B580: Attack Up, Crit Up?",003C,005A,003C,003C,0032,001E,0000,0000,60,90,60,60,50,30,0,0032,6,0000,7,0000,8,0000,9,60,90,60,60,50,30,0,,,B63E3080,561FF780,00000000,00000000,0002,0001,0000,0000,Horn Maestro,2,Speed Sharpening,1
00000012,18,00000009,00000000,0,00000000,00000000,00000000,00000000,00000012,00000000,00000000,00000000,00000000,00000000,00000000,00000000,00000000,18,2ED48FCF-FB90-45F4-8F23-4C24AAA91965,Balahara Horn I,D8660523-4169-4A35-899A-09CB8238BCE5,00000015,21,00000320,800z,00000011,2,006E,110,0000,0,000A,10%,00000002,WATER,00000010,16,00000000,00000000,00000000,00000000,00000000,"0, 0, 0",F96AB490,"White, Green, Yellow",9A00CE00,Echo Wave (Water),7F3E5F00,Evasion & Movement Speed Up,0032,001E,005A,001E,0000,0000,0000,0000,50,30,90,30,0,0,0,0032,4,0000,5,0000,6,0000,7,50,30,90,30,0,0,0,,,CABFAFC0,00000000,00000000,00000000,0001,0000,0000,0000,Slugger,1,,
00000013,19,00000009,00000000,0,00000000,00000000,00000000,00000000,00000013,00000000,00000000,00000000,00000000,00000000,00000000,00000000,00000000,19,4FA54247-85B6-4B10-A087-EB59667459AB,Balahara Horn II,B9E4BC18-462B-4622-B935-1FA9DA2C426F,00000016,22,00000A28,"2,600z",0000000F,4,0096,150,0000,0,000A,10%,00000002,WATER,00000014,20,00000000,00000000,00000001,00000000,00000000,"1, 0, 0",F96AB490,"White, Green, Yellow",9A00CE00,Echo Wave (Water),7F3E5F00,Evasion & Movement Speed Up,003C,001E,0064,003C,0000,0000,0000,0000,60,30,100,60,0,0,0,0032,4,0000,5,0000,6,0000,7,60,30,100,60,0,0,0,,,CABFAFC0,00000000,00000000,00000000,0002,0000,0000,0000,Slugger,2,,
00000014,20,00000009,00000000,0,00000000,00000000,00000000,00000000,00000014,00000000,00000000,00000000,00000000,00000000,00000000,00000000,00000000,20,D89DC89D-9DC8-4131-9747-2E7C6970EAAD,Balahara Horn III,2D833923-9CDF-4DA3-892B-DA47246FA99A,00000017,23,00001388,"5,000z",0000000E,5,00A0,160,0000,0,000A,10%,00000002,WATER,00000017,23,00000000,00000000,00000002,00000001,00000000,"2, 1, 0",2560D4C0,"Purple, Green, Yellow",9A00CE00,Echo Wave (Water),7F3E5F00,Evasion & Movement Speed Up,0032,001E,006E,005A,0014,0000,0000,0000,50,30,110,90,20,0,0,0032,5,0000,6,0000,7,0000,8,50,30,110,90,20,0,0,,,CABFAFC0,00000000,00000000,00000000,0002,0000,0000,0000,Slugger,2,,
00000015,21,00000009,00000000,0,00000000,00000000,00000000,00000000,00000015,00000000,00000000,00000000,00000000,00000000,00000000,00000000,00000000,21,64FB0F7D-70DB-48A0-BB21-2FDE18B6C134,Balahara Horn IV,D1AE8315-2DA2-4631-BB77-00C38410B1E5,00000018,24,000036B0,"14,000z",0000000C,7,00BE,190,0000,0,000A,10%,00000002,WATER,0000001B,27,00000000,00000000,00000003,00000002,00000000,"3, 2, 0",2560D4C0,"Purple, Green, Yellow",9A00CE00,Echo Wave (Water),7F3E5F00,Evasion & Movement Speed Up,0028,001E,006E,005A,0046,000A,0000,0000,40,30,110,90,70,10,0,0032,6,0000,7,0000,8,0000,9,40,30,110,90,70,10,0,,,CABFAFC0,00000000,00000000,00000000,0003,0000,0000,0000,Slugger,3,,
00000016,22,00000009,00000001,1,00000000,00000000,00000000,00000000,00000016,00000000,00000000,00000000,00000000,00000000,00000000,00000000,00000000,22,B96A3373-B8BD-489E-AB26-E1616E45C05B,Sandsea Ghantisil,704C1142-245A-4D60-87B2-D98A6437D2F6,00000019,25,00004E20,"20,000z",0000000B,8,00D2,210,0000,0,000A,10%,00000002,WATER,0000001E,30,00000000,00000000,00000003,00000002,00000001,"3, 2, 1",2560D4C0,"Purple, Green, Yellow",9A00CE00,Echo Wave (Water),7F3E5F00,Evasion & Movement Speed Up,0028,001E,0064,005A,0046,0014,0000,0000,40,30,100,90,70,20,0,0032,6,0000,7,0000,8,0000,9,40,30,100,90,70,20,0,,,CABFAFC0,00000000,00000000,00000000,0003,0000,0000,0000,Slugger,3,,
00000017,23,00000009,00000002,2,00000000,00000000,00000000,00000000,00000017,00000000,00000000,00000000,00000000,00000000,00000000,00000000,00000000,23,A700E897-A744-4B3C-8ABF-60CF8BEB4041,Dosha Farsounder I,457AF618-0EA1-4B03-89DB-8F9E7736A1C1,00000028,40,00000320,800z,00000011,2,008C,140,0014,20,FFFB,-5%,00000000,-,00000000,0,00000000,00000000,00000000,00000000,00000000,"0, 0, 0",70192100,"White, Blue, Sky",039BC4E0,Echo Wave (Blunt),F101B070,F101B070: Stamina?,0028,005A,0046,0000,0000,0000,0000,0000,40,90,70,0,0,0,0,0014,3,001E,4,0000,5,0000,6,40,90,70,0,0,0,0,,,CABFAFC0,00000000,00000000,00000000,0001,0000,0000,0000,Slugger,1,,
00000018,24,00000009,00000002,2,00000000,00000000,00000000,00000000,00000018,00000000,00000000,00000000,00000000,00000000,00000000,00000000,00000000,24,9068C34A-F64D-4AB5-90B3-6AC3D59C424E,Dosha Farsounder II,168A3700-7122-4534-B762-D5EFDEE0A15A,00000029,41,00000A28,"2,600z",0000000F,4,00B4,180,0014,20,FFFB,-5%,00000000,-,00000000,0,00000000,00000000,00000001,00000000,00000000,"1, 0, 0",70192100,"White, Blue, Sky",039BC4E0,Echo Wave (Blunt),F101B070,F101B070: Stamina?,0032,005A,005A,0014,0000,0000,0000,0000,50,90,90,20,0,0,0,0032,4,0000,5,0000,6,0000,7,50,90,90,20,0,0,0,,,CABFAFC0,B63E3080,00000000,00000000,0001,0001,0000,0000,Slugger,1,Horn Maestro,1
00000019,25,00000009,00000002,2,00000000,00000000,00000000,00000000,00000019,00000000,00000000,00000000,00000000,00000000,00000000,00000000,00000000,25,7F97631A-640A-4421-8DD2-AF88C9A0EA4D,Dosha Farsounder III,9C9DFEF3-B1A4-4B26-A753-95EB1CD0BD30,0000002A,42,00002710,"10,000z",0000000D,6,00D2,210,0014,20,FFFB,-5%,00000000,-,00000000,0,00000000,00000000,00000002,00000001,00000000,"2, 1, 0",9E46F700,"Purple, Blue, Sky",039BC4E0,Echo Wave (Blunt),F101B070,F101B070: Stamina?,003C,005A,005A,0032,000A,0000,0000,0000,60,90,90,50,10,0,0,0032,5,0000,6,0000,7,0000,8,60,90,90,50,10,0,0,,,CABFAFC0,B63E3080,00000000,00000000,0002,0001,0000,0000,Slugger,2,Horn Maestro,1
0000001B,27,00000009,00000008,8,00000000,00000000,00000000,00000000,0000001A,00000000,00000000,00000000,00000000,00000000,00000000,00000000,00000000,26,CE4FE143-6F77-4A04-AC84-304DD332CF86,Rey Perun I,723CB438-CCA0-4B70-9004-2852390E8B05,0000001A,26,000007D0,"2,000z",00000010,3,008C,140,0000,0,0000,0%,00000004,THUNDER,00000012,18,00000000,00000000,00000000,00000000,00000000,"0, 0, 0",BC0E1B00,"White, Red, Yellow",73230E80,Echo Wave (Thunder),DEE86300,DEE86300: Regen?,000A,000A,00A0,0046,0000,0000,0000,0000,10,10,160,70,0,0,0,0032,4,0000,5,0000,6,0000,7,10,10,160,70,0,0,0,,,68D30B80,B63E3080,00000000,00000000,0002,0001,0000,0000,Stamina Thief,2,Horn Maestro,1
0000001C,28,00000009,00000008,8,00000000,00000000,00000000,00000000,0000001B,00000000,00000000,00000000,00000000,00000000,00000000,00000000,00000000,27,48520357-767D-4E6A-9B41-C1CAAE16FC9B,Rey Perun II,F23710E4-CA22-42DB-BF7B-24D43E295C26,0000001B,27,00000FA0,"4,000z",0000000E,5,00AA,170,0000,0,0000,0%,00000004,THUNDER,00000017,23,00000000,00000000,00000002,00000001,00000000,"2, 1, 0",82CD0500,"Purple, Red, Yellow",73230E80,Echo Wave (Thunder),DEE86300,DEE86300: Regen?,000A,000A,008C,0064,0028,0000,0000,0000,10,10,140,100,40,0,0,0032,5,0000,6,0000,7,0000,8,10,10,140,100,40,0,0,,,68D30B80,B63E3080,00000000,00000000,0002,0001,0000,0000,Stamina Thief,2,Horn Maestro,1
0000001D,29,00000009,00000008,8,00000000,00000000,00000000,00000000,0000001C,00000000,00000000,00000000,00000000,00000000,00000000,00000000,00000000,28,5C624B95-0774-4B6A-8FDC-4171EB632EF4,Rey Perun III,CAA061B7-ABD6-4764-9880-C63D001940CA,0000001C,28,000036B0,"14,000z",0000000C,7,00C8,200,0000,0,0000,0%,00000004,THUNDER,0000001B,27,00000000,00000000,00000003,00000002,00000000,"3, 2, 0",82CD0500,"Purple, Red, Yellow",73230E80,Echo Wave (Thunder),DEE86300,DEE86300: Regen?,000A,000A,0082,0050,0050,0028,0000,0000,10,10,130,80,80,40,0,0032,6,0000,7,0000,8,0000,9,10,10,130,80,80,40,0,,,68D30B80,B63E3080,00000000,00000000,0003,0001,0000,0000,Stamina Thief,3,Horn Maestro,1
0000001E,30,00000009,00000008,8,00000000,00000000,00000000,00000000,0000001D,00000000,00000000,00000000,00000000,00000000,00000000,00000000,00000000,29,EBBF455C-9710-4171-964C-B67F7DF0D4EA,Perun Clairhorn,FD6E48B5-E0E8-423F-A48F-3CCB57C1DD54,0000001D,29,00004E20,"20,000z",0000000B,8,00DC,220,0000,0,0000,0%,00000004,THUNDER,0000001E,30,00000000,00000000,00000003,00000002,00000001,"3, 2, 1",82CD0500,"Purple, Red, Yellow",73230E80,Echo Wave (Thunder),DEE86300,DEE86300: Regen?,000A,000A,0078,0046,0046,0046,0000,0000,10,10,120,70,70,70,0,0032,6,0000,7,0000,8,0000,9,10,10,120,70,70,70,0,,,68D30B80,B63E3080,00000000,00000000,0003,0001,0000,0000,Stamina Thief,3,Horn Maestro,1
0000001F,31,00000009,0000000C,12,00000000,00000000,00000000,00000000,0000001E,00000000,00000000,00000000,00000000,00000000,00000000,00000000,00000000,30,4B704CEF-5E59-4997-B354-79CD878A8A2F,Ajara Reverberator I,D462D264-2B5E-4E4A-9EDC-F79271698377,0000000F,15,000005DC,"1,500z",00000010,3,0082,130,0000,0,000A,10%,00000009,BLAST,0000000E,14,00000000,00000000,00000000,00000000,00000000,"0, 0, 0",55E05700,"White, Red, Sky",98C1B300,Echo Wave (Blast),7F3E5F00,Evasion & Movement Speed Up,0032,0050,0046,0032,0000,0000,0000,0000,50,80,70,50,0,0,0,0032,4,0000,5,0000,6,0000,7,50,80,70,50,0,0,0,,,CABFAFC0,00000000,00000000,00000000,0002,0000,0000,0000,Slugger,2,,
00000020,32,00000009,0000000C,12,00000000,00000000,00000000,00000000,0000001F,00000000,00000000,00000000,00000000,00000000,00000000,00000000,00000000,31,09E65104-C730-4A52-B39B-CCF6A5D664C3,Ajara Reverberator II,61C2348F-2FEB-4530-84CF-66254FBB5B31,00000010,16,00002710,"10,000z",0000000D,6,00B4,180,0000,0,000A,10%,00000009,BLAST,00000013,19,00000000,00000000,00000002,00000001,00000000,"2, 1, 0",F2B24090,"Purple, Red, Sky",98C1B300,Echo Wave (Blast),7F3E5F00,Evasion & Movement Speed Up,0032,0050,005A,0028,0028,0000,0000,0000,50,80,90,40,40,0,0,0032,5,0000,6,0000,7,0000,8,50,80,90,40,40,0,0,,,CABFAFC0,00000000,00000000,00000000,0003,0000,0000,0000,Slugger,3,,
00000021,33,00000009,0000000C,12,00000000,00000000,00000000,00000000,00000020,00000000,00000000,00000000,00000000,00000000,00000000,00000000,00000000,32,E9A55432-DD77-4AB1-88D0-45531E685755,Ajara-Jivaka,19184AAF-2778-427A-9989-044FC38A6665,00000011,17,00004E20,"20,000z",0000000B,8,00D2,210,0000,0,000A,10%,00000009,BLAST,00000019,25,00000000,00000000,00000003,00000002,00000001,"3, 2, 1",F2B24090,"Purple, Red, Sky",98C1B300,Echo Wave (Blast),7F3E5F00,Evasion & Movement Speed Up,0032,0050,0032,005A,0028,0028,0000,0000,50,80,50,90,40,40,0,0032,6,0000,7,0000,8,0000,9,50,80,50,90,40,40,0,,,CABFAFC0,00000000,00000000,00000000,0003,0000,0000,0000,Slugger,3,,
00000022,34,00000009,000186A1,100001,00000000,00000000,00000000,00000000,00000021,00000000,00000000,00000000,00000000,00000000,00000000,00000000,00000000,33,A0AEE85E-D72A-41B0-8D66-F1E04CDA6D37,Dosha Grudgesounder I,2991996D-4ED3-40BA-9369-C4E12770E9C4,00000031,49,00000A28,"2,600z",0000000F,4,00B4,180,0000,0,FFF1,-15%,00000000,-,00000000,0,00000000,00000000,00000001,00000000,00000000,"1, 0, 0",AE4A6D80,"White, Green, Sky",039BC4E0,Echo Wave (Blunt),DEE86300,DEE86300: Regen?,0028,0046,0078,0014,0000,0000,0000,0000,40,70,120,20,0,0,0,0032,4,0000,5,0000,6,0000,7,40,70,120,20,0,0,0,,,68D30B80,B63E3080,00000000,00000000,0002,0001,0000,0000,Stamina Thief,2,Horn Maestro,1
00000023,35,00000009,000186A1,100001,00000000,00000000,00000000,00000000,00000022,00000000,00000000,00000000,00000000,00000000,00000000,00000000,00000000,34,709BAC62-8EFC-4BC7-891D-4DA6A7207BC7,Dosha Grudgesounder II,9E9316F4-D060-41F1-A703-5C46F22FBE6D,00000032,50,00002710,"10,000z",0000000D,6,00DC,220,0000,0,FFF1,-15%,00000000,-,00000000,0,00000000,00000000,00000002,00000001,00000000,"2, 1, 0",E2393020,"Purple, Green, Sky",039BC4E0,Echo Wave (Blunt),DEE86300,DEE86300: Regen?,003C,005A,006E,0028,0000,0000,0000,0000,60,90,110,40,0,0,0,0032,4,0000,5,0000,6,0000,7,60,90,110,40,0,0,0,,,68D30B80,B63E3080,00000000,00000000,0003,0001,0000,0000,Stamina Thief,3,Horn Maestro,1
00000024,36,00000009,000186A1,100001,00000000,00000000,00000000,00000000,00000023,00000000,00000000,00000000,00000000,00000000,00000000,00000000,00000000,35,11757169-0056-4EDF-809C-4EAAA21AB782,Grudgesounder Urga,EC7FCD36-245E-472A-8DB8-792C105F2FBA,00000033,51,00004E20,"20,000z",0000000B,8,00FA,250,0000,0,FFF1,-15%,00000000,-,00000000,0,00000000,00000000,00000003,00000002,00000001,"3, 2, 1",E2393020,"Purple, Green, Sky",039BC4E0,Echo Wave (Blunt),DEE86300,DEE86300: Regen?,003C,0050,0064,0046,0028,0000,0000,0000,60,80,100,70,40,0,0,000A,5,0028,6,0000,7,0000,8,60,80,100,70,40,0,0,,,68D30B80,B63E3080,00000000,00000000,0003,0001,0000,0000,Stamina Thief,3,Horn Maestro,1
00000025,37,00000009,000186A0,100000,00000000,00000000,00000000,00000000,00000024,00000000,00000000,00000000,00000000,00000000,00000000,00000000,00000000,36,7A34A8ED-4F17-412D-907B-16CB8A57DAB6,Albirath Feroce I,DE8B5B11-897F-4A53-9E4F-197C872D14EA,00000006,6,00000A28,"2,600z",0000000F,4,00A0,160,0000,0,000F,15%,00000001,FIRE,00000015,21,00000000,00000000,00000001,00000000,00000000,"1, 0, 0",AE232000,"White, Red, Blue",039BC4E0,Echo Wave (Blunt),F101B070,F101B070: Stamina?,0032,0064,0046,001E,0000,0000,0000,0000,50,100,70,30,0,0,0,0032,4,0000,5,0000,6,0000,7,50,100,70,30,0,0,0,,,52D79300,12B121E0,00000000,00000000,0001,0001,0000,0000,Master's Touch,1,Critical Element,1
00000026,38,00000009,000186A0,100000,00000000,00000000,00000000,00000000,00000025,00000000,00000000,00000000,00000000,00000000,00000000,00000000,00000000,37,69672D68-DA5C-4FBB-8C11-A4B615C38A4E,Albirath Feroce II,346A9DC2-36A9-4821-AC45-694CACF1B6B1,00000007,7,00002710,"10,000z",0000000D,6,00AA,170,0000,0,000F,15%,00000001,FIRE,0000001A,26,00000000,00000000,00000002,00000001,00000000,"2, 1, 0",4A302900,"Purple, Red, Blue",039BC4E0,Echo Wave (Blunt),F101B070,F101B070: Stamina?,0032,0078,0032,0032,001E,0000,0000,0000,50,120,50,50,30,0,0,0014,5,001E,6,0000,7,0000,8,50,120,50,50,30,0,0,,,52D79300,12B121E0,00000000,00000000,0001,0001,0000,0000,Master's Touch,1,Critical Element,1
00000027,39,00000009,000186A0,100000,00000000,00000000,00000000,00000000,00000026,00000000,00000000,00000000,00000000,00000000,00000000,00000000,00000000,38,63C593BE-CFA8-48BB-8092-6C1D84243EE7,G. Rathalos Feroce,6E9CCADD-1BCD-4AF6-9F95-960EFF34AB52,00000008,8,00004E20,"20,000z",0000000B,8,00C8,200,0000,0,000F,15%,00000001,FIRE,0000001E,30,00000000,00000000,00000003,00000002,00000001,"3, 2, 1",4A302900,"Purple, Red, Blue",039BC4E0,Echo Wave (Blunt),F101B070,F101B070: Stamina?,0032,0096,0032,0028,0028,0014,0000,0000,50,150,50,40,40,20,0,0032,6,0000,7,0000,8,0000,9,50,150,50,40,40,20,0,,,52D79300,12B121E0,00000000,00000000,0001,0001,0000,0000,Master's Touch,1,Critical Element,1
00000028,40,00000009,00000013,19,00000000,00000000,00000000,00000000,00000027,00000000,00000000,00000000,00000000,00000000,00000000,00000000,00000000,39,0AAF15CB-CD26-4693-8C85-E4583BB7BA51,Jin Dhaang I,08ED2A1D-70D8-489F-9B7F-E5D0D1BA9A37,0000000D,13,000036B0,"14,000z",0000000C,7,00BE,190,0000,0,0000,0%,00000003,ICE,0000002F,47,00000000,00000000,00000003,00000002,00000000,"3, 2, 0",2560D4C0,"Purple, Green, Yellow",C0515E00,Echo Wave (Ice),26BEF740,26BEF740: Status Immunity?,0028,0028,0032,0064,006E,000A,0000,0000,40,40,50,100,110,10,0,0032,6,0000,7,0000,8,0000,9,40,40,50,100,110,10,0,,,CABFAFC0,00000000,00000000,00000000,0003,0000,0000,0000,Slugger,3,,
00000029,41,00000009,00000013,19,00000000,00000000,00000000,00000000,00000028,00000000,00000000,00000000,00000000,00000000,00000000,00000000,00000000,40,26CCBD45-36B2-49B6-9299-FD0504465172,Precipice Kovira,FFC2B0D8-B334-4B83-A849-27304B039851,0000000E,14,00004E20,"20,000z",0000000B,8,00D2,210,0000,0,0000,0%,00000003,ICE,00000032,50,00000000,00000000,00000003,00000002,00000001,"3, 2, 1",2560D4C0,"Purple, Green, Yellow",C0515E00,Echo Wave (Ice),26BEF740,26BEF740: Status Immunity?,0028,0028,0028,0050,0078,001E,0000,0000,40,40,40,80,120,30,0,0032,6,0000,7,0000,8,0000,9,40,40,40,80,120,30,0,,,CABFAFC0,00000000,00000000,00000000,0003,0000,0000,0000,Slugger,3,,
0000002A,42,00000009,00000014,20,00000000,00000000,00000000,00000000,00000029,00000000,00000000,00000000,00000000,00000000,00000000,00000000,00000000,41,BD09DF61-F916-44EF-B0AD-9336AC94A02A,Nihil Chord I,1BA1A2D7-9AF2-4325-BD4F-F2C974FB11E2,00000012,18,00000A28,"2,600z",0000000F,4,00A0,160,0000,0,0000,0%,00000002,WATER,00000010,16,00000000,00000000,00000001,00000000,00000000,"1, 0, 0",E7BF27E0,"White, Blue, Green",039BC4E0,Echo Wave (Blunt),F101B070,F101B070: Stamina?,0014,006E,003C,003C,0000,0000,0000,0000,20,110,60,60,0,0,0,0032,4,0000,5,0000,6,0000,7,20,110,60,60,0,0,0,,,68D30B80,B63E3080,00000000,00000000,0002,0001,0000,0000,Stamina Thief,2,Horn Maestro,1
0000002B,43,00000009,00000014,20,00000000,00000000,00000000,00000000,0000002A,00000000,00000000,00000000,00000000,00000000,00000000,00000000,00000000,42,DF1D5AE7-B956-4CA6-9BEC-7C53D25DB6D4,Nihil Chord II,5DED1BD6-A3BE-4171-B5B4-0B3B070564DB,00000013,19,00002710,"10,000z",0000000D,6,00BE,190,0000,0,0000,0%,00000002,WATER,00000015,21,00000000,00000000,00000002,00000001,00000000,"2, 1, 0",F23BA790,"Purple, Blue, Green",039BC4E0,Echo Wave (Blunt),F101B070,F101B070: Stamina?,0014,006E,0046,003C,0028,0000,0000,0000,20,110,70,60,40,0,0,0032,5,0000,6,0000,7,0000,8,20,110,70,60,40,0,0,,,68D30B80,B63E3080,00000000,00000000,0003,0001,0000,0000,Stamina Thief,3,Horn Maestro,1
0000002C,44,00000009,00000014,20,00000000,00000000,00000000,00000000,0000002B,00000000,00000000,00000000,00000000,00000000,00000000,00000000,00000000,43,3B266963-ECC6-42CE-A8A7-B9A01CFA2B99,Kae-Jin's Lament,084AE0A9-F228-49F9-AF3F-8516BD62C012,00000014,20,00004E20,"20,000z",0000000B,8,00DC,220,0000,0,0000,0%,00000002,WATER,00000019,25,00000000,00000000,00000003,00000002,00000001,"3, 2, 1",F23BA790,"Purple, Blue, Green",039BC4E0,Echo Wave (Blunt),F101B070,F101B070: Stamina?,0014,006E,0032,0032,003C,003C,0000,0000,20,110,50,50,60,60,0,0032,6,0000,7,0000,8,0000,9,20,110,50,50,60,60,0,,,68D30B80,B63E3080,00000000,00000000,0003,0001,0000,0000,Stamina Thief,3,Horn Maestro,1
0000002D,45,00000009,00000012,18,00000000,00000000,00000000,00000000,0000002C,00000000,00000000,00000000,00000000,00000000,00000000,00000000,00000000,44,8F98CAA2-E5B1-48E8-A8E0-B4E4A930C991,G. Veldian Sibilus I,83E34191-A67F-48B1-A7CD-702749EB6066,0000002C,44,00000A28,"2,600z",0000000F,4,00AA,170,0000,0,FFF6,-10%,00000005,DRAGON,00000010,16,00000000,00000000,00000001,00000001,00000000,"1, 1, 0",AE232000,"White, Red, Blue",90A30E80,Echo Wave (Slash),26BEF740,26BEF740: Status Immunity?,0064,0028,005A,0014,0000,0000,0000,0000,100,40,90,20,0,0,0,0032,4,0000,5,0000,6,0000,7,100,40,90,20,0,0,0,,,B63E3080,00000000,00000000,00000000,0002,0000,0000,0000,Horn Maestro,2,,
0000002E,46,00000009,00000012,18,00000000,00000000,00000000,00000000,0000002D,00000000,00000000,00000000,00000000,00000000,00000000,00000000,00000000,45,20747B9B-325F-47FD-8D04-1363177A8AA8,G. Veldian Sibilus II,AF41E414-56AC-4148-8946-83DC0DA3DFA3,0000002D,45,00002710,"10,000z",0000000D,6,00C8,200,0000,0,FFF6,-10%,00000005,DRAGON,00000015,21,00000000,00000000,00000002,00000002,00000000,"2, 2, 0",4A302900,"Purple, Red, Blue",90A30E80,Echo Wave (Slash),26BEF740,26BEF740: Status Immunity?,0064,0046,005A,0028,0000,0000,0000,0000,100,70,90,40,0,0,0,000A,4,0028,5,0000,6,0000,7,100,70,90,40,0,0,0,,,B63E3080,00000000,00000000,00000000,0002,0000,0000,0000,Horn Maestro,2,,
0000002F,47,00000009,00000012,18,00000000,00000000,00000000,00000000,0000002E,00000000,00000000,00000000,00000000,00000000,00000000,00000000,00000000,46,68A43EEF-D471-4021-982D-9DF63E3E8037,G. Resounding Galahad,859B07B8-C26A-4C09-975D-17E5EEF48BA6,0000002E,46,00004E20,"20,000z",0000000B,8,00E6,230,0000,0,FFF6,-10%,00000005,DRAGON,00000019,25,00000000,00000000,00000003,00000003,00000001,"3, 3, 1",4A302900,"Purple, Red, Blue",90A30E80,Echo Wave (Slash),26BEF740,26BEF740: Status Immunity?,0064,0050,0032,0050,0028,0000,0000,0000,100,80,50,80,40,0,0,000A,5,0028,6,0000,7,0000,8,100,80,50,80,40,0,0,,,B63E3080,00000000,00000000,00000000,0002,0000,0000,0000,Horn Maestro,2,,
00000030,48,00000009,0000000F,15,00000000,00000000,00000000,00000000,0000002F,00000000,00000000,00000000,00000000,00000000,00000000,00000000,00000000,47,6BA652B0-D308-43A4-9D11-6674D630526C,Kut-Ku's Song I,6BD05F3A-82E1-4F90-B777-ED1BFEA88855,00000037,55,00000FA0,"4,000z",0000000E,5,00BE,190,0000,0,0000,0%,00000001,FIRE,00000029,41,00000000,00000000,00000002,00000001,00000000,"2, 1, 0",F7396AA0,"Purple, Sky, Yellow",CA2BE900,-,DEE86300,DEE86300: Regen?,0064,0064,003C,0028,0000,0000,0000,0000,100,100,60,40,0,0,0,0014,4,001E,5,0000,6,0000,7,100,100,60,40,0,0,0,,,68D30B80,B63E3080,00000000,00000000,0002,0001,0000,0000,Stamina Thief,2,Horn Maestro,1
00000031,49,00000009,0000000F,15,00000000,00000000,00000000,00000000,00000030,00000000,00000000,00000000,00000000,00000000,00000000,00000000,00000000,48,EFBD6CFC-BB41-4157-9BE2-DADD06FD94FF,Kut-Ku's Song II,5DD35FF9-87DB-480A-A63E-5589E6E0A575,00000038,56,000036B0,"14,000z",0000000C,7,00DC,220,0000,0,0000,0%,00000001,FIRE,0000002F,47,00000000,00000000,00000003,00000002,00000000,"3, 2, 0",F7396AA0,"Purple, Sky, Yellow",CA2BE900,-,DEE86300,DEE86300: Regen?,0064,0078,0028,0046,0014,0000,0000,0000,100,120,40,70,20,0,0,0014,5,001E,6,0000,7,0000,8,100,120,40,70,20,0,0,,,68D30B80,B63E3080,00000000,00000000,0003,0001,0000,0000,Stamina Thief,3,Horn Maestro,1
00000032,50,00000009,0000000F,15,00000000,00000000,00000000,00000000,00000031,00000000,00000000,00000000,00000000,00000000,00000000,00000000,00000000,49,2085175F-D51A-45CA-99A3-956602ABE908,Kut-Ku Cantabile,6BCF2200-D038-41BD-9CB6-4613306FC12B,00000039,57,00004E20,"20,000z",0000000B,8,00E6,230,0000,0,0000,0%,00000001,FIRE,00000032,50,00000000,00000000,00000003,00000002,00000001,"3, 2, 1",F7396AA0,"Purple, Sky, Yellow",CA2BE900,-,DEE86300,DEE86300: Regen?,006E,0078,001E,003C,001E,0000,0000,0000,110,120,30,60,30,0,0,0000,5,0032,6,0000,7,0000,8,110,120,30,60,30,0,0,,,68D30B80,B63E3080,00000000,00000000,0003,0001,0000,0000,Stamina Thief,3,Horn Maestro,1
00000033,51,00000009,00000006,6,00000000,00000000,00000000,00000000,00000032,00000000,00000000,00000000,00000000,00000000,00000000,00000000,00000000,50,5BFB8472-ECB8-4B25-A6AB-8A4E1A1F9ECE,Poisoned Capri I,068B1CA8-ACF0-4172-AA99-39DAAF4B614C,0000003C,60,00000FA0,"4,000z",0000000E,5,00B4,180,0000,0,0000,0%,00000006,POISON,0000001F,31,00000000,00000000,00000002,00000001,00000000,"2, 1, 0",00F95D25,"Purple, Sky, Orange",5583AB00,Echo Wave (Poison),F101B070,F101B070: Stamina?,005A,0032,006E,0032,0000,0000,0000,0000,90,50,110,50,0,0,0,0032,4,0000,5,0000,6,0000,7,90,50,110,50,0,0,0,,,28EBAB40,B63E3080,00000000,00000000,0002,0001,0000,0000,Critical Draw,2,Horn Maestro,1
00000034,52,00000009,00000006,6,00000000,00000000,00000000,00000000,00000033,00000000,00000000,00000000,00000000,00000000,00000000,00000000,00000000,51,B62503DA-9798-4B55-A29D-4FBD91624E0F,Poisoned Capri II,C474C847-C7F8-484D-A809-28A01F80D95C,0000003D,61,00002710,"10,000z",0000000D,6,00C8,200,0000,0,0000,0%,00000006,POISON,00000022,34,00000000,00000000,00000002,00000001,00000000,"2, 1, 0",00F95D25,"Purple, Sky, Orange",5583AB00,Echo Wave (Poison),F101B070,F101B070: Stamina?,005A,0032,0050,003C,0014,0000,0000,0000,90,50,80,60,20,0,0,0032,5,0000,6,0000,7,0000,8,90,50,80,60,20,0,0,,,28EBAB40,B63E3080,00000000,00000000,0003,0001,0000,0000,Critical Draw,3,Horn Maestro,1
00000035,53,00000009,00000006,6,00000000,00000000,00000000,00000000,00000034,00000000,00000000,00000000,00000000,00000000,00000000,00000000,00000000,52,60AACD5C-0000-4D58-8018-4F7B848C7D80,Crazed Melody,9AD0D43E-4E64-465F-92F5-519A68198FE3,0000003E,62,00004E20,"20,000z",0000000B,8,00E6,230,0000,0,0000,0%,00000006,POISON,00000028,40,00000000,00000000,00000003,00000002,00000001,"3, 2, 1",00F95D25,"Purple, Sky, Orange",5583AB00,Echo Wave (Poison),F101B070,F101B070: Stamina?,005A,0032,006E,003C,0028,0000,0000,0000,90,50,110,60,40,0,0,0032,5,0000,6,0000,7,0000,8,90,50,110,60,40,0,0,,,28EBAB40,B63E3080,00000000,00000000,0003,0001,0000,0000,Critical Draw,3,Horn Maestro,1
00000036,54,00000009,00000009,9,00000000,00000000,00000000,00000000,00000035,00000000,00000000,00000000,00000000,00000000,00000000,00000000,00000000,53,A8ACA086-ADB3-46D2-9565-1A45DF0D1FB4,Valkyrie Chordmaker I,1CF1B264-CE8B-46B5-A576-8001FD1940C2,0000003F,63,00001388,"5,000z",0000000E,5,0096,150,0000,0,000F,15%,00000006,POISON,00000013,19,00000000,00000000,00000002,00000001,00000000,"2, 1, 0",97A9F800,"Purple, Red, Green",039BC4E0,Echo Wave (Blunt),DEE86300,DEE86300: Regen?,0032,0046,0028,006E,001E,0000,0000,0000,50,70,40,110,30,0,0,0032,5,0000,6,0000,7,0000,8,50,70,40,110,30,0,0,,,F5EE7100,9EDDD500,00000000,00000000,0002,0001,0000,0000,Critical Status,2,Poison Duration Up,1
00000037,55,00000009,00000009,9,00000000,00000000,00000000,00000000,00000036,00000000,00000000,00000000,00000000,00000000,00000000,00000000,00000000,54,54E0F8B7-0852-40E5-9662-637A28725BC6,Valkyrie Chordmaker II,6E29662F-0B22-4EEF-B271-4890A514BD73,00000040,64,000036B0,"14,000z",0000000C,7,00B4,180,0000,0,000F,15%,00000006,POISON,00000016,22,00000000,00000000,00000003,00000002,00000000,"3, 2, 0",97A9F800,"Purple, Red, Green",039BC4E0,Echo Wave (Blunt),DEE86300,DEE86300: Regen?,0028,0050,0028,0078,0028,001E,0000,0000,40,80,40,120,40,30,0,0032,6,0000,7,0000,8,0000,9,40,80,40,120,40,30,0,,,F5EE7100,9EDDD500,00000000,00000000,0003,0001,0000,0000,Critical Status,3,Poison Duration Up,1
00000038,56,00000009,00000009,9,00000000,00000000,00000000,00000000,00000037,00000000,00000000,00000000,00000000,00000000,00000000,00000000,00000000,55,D3F843A9-BCB5-43CF-A49C-284753F00652,Queen Chordmaker,A17299B9-0818-4B0F-91F6-CE0047AC208A,00000041,65,00004E20,"20,000z",0000000B,8,00C8,200,0000,0,000F,15%,00000006,POISON,00000019,25,00000000,00000000,00000003,00000002,00000001,"3, 2, 1",97A9F800,"Purple, Red, Green",039BC4E0,Echo Wave (Blunt),DEE86300,DEE86300: Regen?,0028,0050,001E,0078,001E,0032,0000,0000,40,80,30,120,30,50,0,0032,6,0000,7,0000,8,0000,9,40,80,30,120,30,50,0,,,F5EE7100,9EDDD500,00000000,00000000,0003,0001,0000,0000,Critical Status,3,Poison Duration Up,1
00000039,57,00000009,000186A2,100002,00000000,00000000,00000000,00000000,00000038,00000000,00000000,00000000,00000000,00000000,00000000,00000000,00000000,56,737D5DAD-1CEE-4B5D-BD32-78368A11F1A3,Deafening Fulgur I,9C48F59D-08B8-424E-A5A6-C6B4EF9033EF,0000003A,58,00002710,"10,000z",0000000D,6,00B4,180,0000,0,000F,15%,00000004,THUNDER,00000022,34,00000000,00000000,00000002,00000001,00000000,"2, 1, 0",F7396AA0,"Purple, Sky, Yellow",CA2BE900,-,7F3E5F00,Evasion & Movement Speed Up,0028,0064,0078,0028,0000,0000,0000,0000,40,100,120,40,0,0,0,000A,4,0028,5,0000,6,0000,7,40,100,120,40,0,0,0,,,12B121E0,00000000,00000000,00000000,0003,0000,0000,0000,Critical Element,3,,
0000003A,58,00000009,000186A2,100002,00000000,00000000,00000000,00000000,00000039,00000000,00000000,00000000,00000000,00000000,00000000,00000000,00000000,57,191A6087-9F41-43AA-B9C4-D7380B53EE2A,Fulgurhowl Guardiana,FC4FE4B9-E0EC-4181-AA97-00D7D3B4DEA1,0000003B,59,00004E20,"20,000z",0000000B,8,00D2,210,0000,0,000F,15%,00000004,THUNDER,00000028,40,00000000,00000000,00000003,00000002,00000001,"3, 2, 1",F7396AA0,"Purple, Sky, Yellow",CA2BE900,-,7F3E5F00,Evasion & Movement Speed Up,0028,005A,0078,003C,0028,0000,0000,0000,40,90,120,60,40,0,0,0000,5,0032,6,0000,7,0000,8,40,90,120,60,40,0,0,,,12B121E0,00000000,00000000,00000000,0003,0000,0000,0000,Critical Element,3,,
0000003B,59,00000009,0000000A,10,00000000,00000000,00000000,00000000,0000003C,00000000,00000000,00000000,00000000,00000000,00000000,00000000,00000000,60,682F9216-A4F4-44D6-974A-F669CF329EFD,Flame Feroce I,629F84C8-E928-4FDD-85D8-627EBDC64B65,00000042,66,00002710,"10,000z",0000000D,6,00B4,180,0000,0,000A,10%,00000001,FIRE,00000022,34,00000000,00000000,00000002,00000001,00000000,"2, 1, 0",45DFE180,"Purple, Blue, Orange",70FB0E00,Echo Wave (Fire),7F3E5F00,Evasion & Movement Speed Up,0064,0046,0032,0028,0028,0000,0000,0000,100,70,50,40,40,0,0,0032,5,0000,6,0000,7,0000,8,100,70,50,40,40,0,0,,,A02B7A00,00000000,00000000,00000000,0003,0000,0000,0000,Critical Boost,3,,
0000003C,60,00000009,0000000A,10,00000000,00000000,00000000,00000000,0000003D,00000000,00000000,00000000,00000000,00000000,00000000,00000000,00000000,61,491EB4B7-B649-41B8-B9A2-9B9B798EB2AF,Rathalos Feroce,93CDB16F-0EDE-44F5-A63F-B1DC4AD47DE2,00000043,67,00004E20,"20,000z",0000000B,8,00C8,200,0000,0,000A,10%,00000001,FIRE,00000028,40,00000000,00000000,00000003,00000002,00000001,"3, 2, 1",45DFE180,"Purple, Blue, Orange",70FB0E00,Echo Wave (Fire),7F3E5F00,Evasion & Movement Speed Up,0064,0046,0032,0028,003C,001E,0000,0000,100,70,50,40,60,30,0,0032,6,0000,7,0000,8,0000,9,100,70,50,40,60,30,0,,,A02B7A00,00000000,00000000,00000000,0003,0000,0000,0000,Critical Boost,3,,
0000003D,61,00000009,0000000B,11,00000000,00000000,00000000,00000000,0000003E,00000000,00000000,00000000,00000000,00000000,00000000,00000000,00000000,62,B0E8FE67-1D49-4D5E-9364-7862C7310B72,Kummerklang I,9C70ACBD-D55F-4DD1-B9EB-B77F7BAB7630,00000044,68,000036B0,"14,000z",0000000C,7,00AA,170,0000,0,0014,20%,00000005,DRAGON,0000001B,27,00000000,00000000,00000003,00000002,00000000,"3, 2, 0",6766B000,"Purple, Green, Orange",039BC4E0,Echo Wave (Blunt),7F3E5F00,Evasion & Movement Speed Up,0032,0046,0050,0046,0032,001E,0000,0000,50,70,80,70,50,30,0,0032,6,0000,7,0000,8,0000,9,50,70,80,70,50,30,0,,,12B121E0,00000000,00000000,00000000,0003,0000,0000,0000,Critical Element,3,,
0000003E,62,00000009,0000000B,11,00000000,00000000,00000000,00000000,0000003F,00000000,00000000,00000000,00000000,00000000,00000000,00000000,00000000,63,6D72FB3D-55BB-40B8-8DE0-2CDF228FE651,Gramklang,3CEB69E8-6CF7-4CE8-83DD-02E35BBD4017,00000045,69,00004E20,"20,000z",0000000B,8,00C8,200,0000,0,0014,20%,00000005,DRAGON,0000001E,30,00000000,00000000,00000003,00000002,00000001,"3, 2, 1",6766B000,"Purple, Green, Orange",039BC4E0,Echo Wave (Blunt),7F3E5F00,Evasion & Movement Speed Up,0032,0032,0050,003C,0032,003C,0000,0000,50,50,80,60,50,60,0,0032,6,0000,7,0000,8,0000,9,50,50,80,60,50,60,0,,,12B121E0,00000000,00000000,00000000,0003,0000,0000,0000,Critical Element,3,,
0000003F,63,00000009,00000018,24,00000000,00000000,00000000,00000000,00000040,00000000,00000000,00000000,00000000,00000000,00000000,00000000,00000000,64,9C3F5DB8-A976-47F1-A840-1BCC874D4C3A,Veldian Sibilus I,8A7D9FA2-E471-41D7-B423-B1F88CAFBFB0,0000002F,47,000036B0,"14,000z",0000000C,7,00BE,190,0000,0,0000,0%,00000005,DRAGON,00000025,37,00000000,00000000,00000003,00000002,00000000,"3, 2, 0",D748A440,"Purple, Red, Orange",7CEF0700,Echo Wave (Dragon),5C06E100,"5C06E100: Defense Up, Elemental Defense Up?",0032,0032,0032,0050,0064,0014,0000,0000,50,50,50,80,100,20,0,0032,6,0000,7,0000,8,0000,9,50,50,50,80,100,20,0,,,CABFAFC0,B63E3080,00000000,00000000,0002,0002,0000,0000,Slugger,2,Horn Maestro,2
00000041,65,00000009,00002714,10004,00000000,00000000,00000000,00000000,00000041,00000000,00000000,00000000,00000000,00000000,00000000,00000000,00000000,65,DCBE4BD3-710D-488E-930E-09FFC1A7AD9E,Sonic Horn I,EFA007EC-627B-4A30-90AE-A9C1AF379AEB,0000001E,30,000001F4,500z,00000012,1,005A,90,0000,0,0000,0%,00000007,PARALYSIS,0000000F,15,00000000,00000000,00000000,00000000,00000000,"0, 0, 0",28C06CC0,"White, Blue, Yellow",84183980,Echo Wave (Paralysis),7F3E5F00,Evasion & Movement Speed Up,0032,003C,005A,0000,0000,0000,0000,0000,50,60,90,0,0,0,0,000A,3,0028,4,0000,5,0000,6,50,60,90,0,0,0,0,,,596A2780,00000000,00000000,00000000,0001,0000,0000,0000,Protective Polish,1,,
00000042,66,00000009,00002714,10004,00000000,00000000,00000000,00000000,00000042,00000000,00000000,00000000,00000000,00000000,00000000,00000000,00000000,66,F8689B38-8D55-44C4-A946-790B9097A38B,Sonic Horn II,2CD3ABBA-743C-409B-99BC-421F125AD767,0000001F,31,000005DC,"1,500z",00000010,3,0078,120,0000,0,0000,0%,00000007,PARALYSIS,00000015,21,00000000,00000000,00000000,00000000,00000000,"0, 0, 0",28C06CC0,"White, Blue, Yellow",84183980,Echo Wave (Paralysis),7F3E5F00,Evasion & Movement Speed Up,0032,005A,005A,0014,0000,0000,0000,0000,50,90,90,20,0,0,0,0032,4,0000,5,0000,6,0000,7,50,90,90,20,0,0,0,,,596A2780,561FF780,00000000,00000000,0002,0001,0000,0000,Protective Polish,2,Speed Sharpening,1
00000043,67,00000009,00002714,10004,00000000,00000000,00000000,00000000,00000043,00000000,00000000,00000000,00000000,00000000,00000000,00000000,00000000,67,CBF6E790-F271-4FE6-9AD6-3752186F8115,Sonic Horn III,11176C4C-DF75-4BD6-A823-DC48E7F66573,00000020,32,00000FA0,"4,000z",0000000E,5,0096,150,0000,0,0000,0%,00000007,PARALYSIS,0000001F,31,00000000,00000000,00000002,00000001,00000000,"2, 1, 0",8E8B2000,"Purple, Blue, Yellow",84183980,Echo Wave (Paralysis),7F3E5F00,Evasion & Movement Speed Up,0032,0050,0050,005A,0000,0000,0000,0000,50,80,80,90,0,0,0,0032,4,0000,5,0000,6,0000,7,50,80,80,90,0,0,0,,,596A2780,561FF780,00000000,00000000,0002,0001,0000,0000,Protective Polish,2,Speed Sharpening,1
00000044,68,00000009,00002714,10004,00000000,00000000,00000000,00000000,00000044,00000000,00000000,00000000,00000000,00000000,00000000,00000000,00000000,68,974771F0-0FA8-466A-B023-EECED5D0A159,Sonic Horn IV,9A4412DC-7703-4153-BA3E-F0273EA36B99,00000021,33,000036B0,"14,000z",0000000C,7,00B4,180,0000,0,0000,0%,00000007,PARALYSIS,00000025,37,00000000,00000000,00000003,00000002,00000000,"3, 2, 0",8E8B2000,"Purple, Blue, Yellow",84183980,Echo Wave (Paralysis),7F3E5F00,Evasion & Movement Speed Up,0032,0046,005A,005A,0032,0000,0000,0000,50,70,90,90,50,0,0,001E,5,0014,6,0000,7,0000,8,50,70,90,90,50,0,0,,,596A2780,561FF780,00000000,00000000,0003,0001,0000,0000,Protective Polish,3,Speed Sharpening,1
00000045,69,00000009,0000001B,27,00000000,00000000,00000000,00000000,00000045,00000000,00000000,00000000,00000000,00000000,00000000,00000000,00000000,69,D144F0FF-C37B-4BBE-81EA-DFE27146799B,Glass Royale,7DBF48F3-66DE-4A82-A7E8-8A0AC3317CE3,00000022,34,00004E20,"20,000z",0000000B,8,00C8,200,0000,0,0000,0%,00000007,PARALYSIS,00000028,40,00000000,00000000,00000003,00000002,00000001,"3, 2, 1",8E8B2000,"Purple, Blue, Yellow",84183980,Echo Wave (Paralysis),7F3E5F00,Evasion & Movement Speed Up,0032,0032,0050,0050,005A,0000,0000,0000,50,50,80,80,90,0,0,0000,5,0032,6,0000,7,0000,8,50,50,80,80,90,0,0,,,596A2780,561FF780,00000000,00000000,0003,0002,0000,0000,Protective Polish,3,Speed Sharpening,2
00000046,70,00000009,000186A3,100003,00000000,00000000,00000000,00000000,00000046,00000000,00000000,00000000,00000000,00000000,00000000,00000000,00000000,70,A1896210-DC76-44E4-AC09-AE1CC1773A82,Artian Sounder I,5BE08123-8386-46A6-B243-3D26699B5172,00000064,100,00000028,40z,0000000D,6,00AA,170,0000,0,0005,5%,00000000,-,0000001B,27,00000000,00000000,00000002,00000002,00000002,"2, 2, 2",45DFE180,"Purple, Blue, Orange",90A30E80,Echo Wave (Slash),26BEF740,26BEF740: Status Immunity?,0050,0028,003C,0050,0028,0000,0000,0000,80,40,60,80,40,0,0,0014,5,001E,6,0000,7,0000,8,80,40,60,80,40,0,0,,,00000000,00000000,00000000,00000000,0000,0000,0000,0000,,,,
00000047,71,00000009,000186A3,100003,00000000,00000000,00000000,00000000,00000047,00000000,00000000,00000000,00000000,00000000,00000000,00000000,00000000,71,78E09CC5-D5FE-4C2B-8FDE-069E2F3C476C,Artian Sounder II,6F456922-B0BD-4083-AF6A-DCE4FA27A824,00000065,101,00000064,100z,0000000C,7,00B4,180,0000,0,0005,5%,00000000,-,0000001B,27,00000000,00000000,00000002,00000002,00000002,"2, 2, 2",45DFE180,"Purple, Blue, Orange",90A30E80,Echo Wave (Slash),26BEF740,26BEF740: Status Immunity?,0050,0028,003C,0050,0046,0014,0000,0000,80,40,60,80,70,20,0,0032,6,0000,7,0000,8,0000,9,80,40,60,80,70,20,0,,,00000000,00000000,00000000,00000000,0000,0000,0000,0000,,,,
00000048,72,00000009,000186A3,100003,00000000,00000000,00000000,00000000,00000048,00000000,00000000,00000000,00000000,00000000,00000000,00000000,00000000,72,30065D93-0A5B-4D65-8793-8C097BFF0B1B,Omiltika,1A2CCADE-4CD8-484C-A5BC-63DFDC077357,00000066,102,000000C8,200z,0000000B,8,00BE,190,0000,0,0005,5%,00000000,-,00000020,32,00000000,00000000,00000003,00000003,00000003,"3, 3, 3",45DFE180,"Purple, Blue, Orange",90A30E80,Echo Wave (Slash),26BEF740,26BEF740: Status Immunity?,0050,0028,003C,0050,0046,0014,0000,0000,80,40,60,80,70,20,0,0032,6,0000,7,0000,8,0000,9,80,40,60,80,70,20,0,,,00000000,00000000,00000000,00000000,0000,0000,0000,0000,,,,
00000005,5,00000009,00000004,4,00000000,00000000,00000000,00000000,00000049,00000000,00000000,00000000,00000000,00000000,00000000,00000000,00000000,73,DB65CED7-64C7-44D2-B581-1206E148F5A6,Esperanza Horn,D5CC1CCB-525C-462F-82B5-3617992C44E2,00000005,5,00004E20,"20,000z",0000000B,8,00D2,210,0000,0,0000,0%,00000000,-,00000000,0,00000000,00000000,00000003,00000002,00000001,"3, 2, 1",82CD0500,"Purple, Red, Yellow",039BC4E0,Echo Wave (Blunt),7F3E5F00,Evasion & Movement Speed Up,0032,003C,0046,003C,0028,0046,0000,0000,50,60,70,60,40,70,0,0032,6,0000,7,0000,8,0000,9,50,60,70,60,40,70,0,,,561FF780,830A1C00,00000000,00000000,0002,0002,0000,0000,Speed Sharpening,2,Critical Eye,2
0000001A,26,00000009,00000003,3,00000000,00000000,00000000,00000000,0000004A,00000000,00000000,00000000,00000000,00000000,00000000,00000000,00000000,74,5787DBF7-B7B8-48F3-B31D-1FE925A8968A,Farsounder Honga,805CA8B2-89AA-4C26-973A-43C9452E2F54,0000002B,43,00004E20,"20,000z",0000000B,8,00F0,240,0014,20,FFFB,-5%,00000000,-,00000000,0,00000000,00000000,00000003,00000002,00000001,"3, 2, 1",9E46F700,"Purple, Blue, Sky",039BC4E0,Echo Wave (Blunt),F101B070,F101B070: Stamina?,0032,0064,0078,0032,001E,0000,0000,0000,50,100,120,50,30,0,0,0000,5,0032,6,0000,7,0000,8,50,100,120,50,30,0,0,,,CABFAFC0,B63E3080,00000000,00000000,0002,0001,0000,0000,Slugger,2,Horn Maestro,1
00000040,64,00000009,00000018,24,00000000,00000000,00000000,00000000,0000004B,00000000,00000000,00000000,00000000,00000000,00000000,00000000,00000000,75,628CF7ED-2B6F-4A67-8344-392C52F15499,Resounding Galahad,E98E7FCD-395F-41F4-BA96-B4EC20F3C87B,00000030,48,00004E20,"20,000z",0000000B,8,00D2,210,0000,0,0000,0%,00000005,DRAGON,00000028,40,00000000,00000000,00000003,00000002,00000001,"3, 2, 1",D748A440,"Purple, Red, Orange",7CEF0700,Echo Wave (Dragon),5C06E100,"5C06E100: Defense Up, Elemental Defense Up?",0032,0032,0032,0046,005A,0028,0000,0000,50,50,50,70,90,40,0,0032,6,0000,7,0000,8,0000,9,50,50,50,70,90,40,0,,,CABFAFC0,B63E3080,00000000,00000000,0002,0002,0000,0000,Slugger,2,Horn Maestro,2