Index Raw,Index,Type Raw,Model ID Raw,Model ID,Custom Model ID Raw,DB ID Raw,LS ID Raw,Hammer ID Raw,HH ID Raw,Lance ID Raw,GL ID Raw,SA ID Raw,CA ID Raw,IG ID Raw,Bow ID Raw,HBG ID Raw,LBG ID Raw,ID,Name Raw,Name,Description Raw,Sort ID Raw,Sort ID,Price Raw,Price,Rarity Raw,Rarity,Attack Raw,Attack,Defense Raw,Defense,Affinity Raw,Affinity,Element 1 Raw,Attribute,Element 1 Value Raw,Attribute Value,Element 2 Raw,Element 2 Value Raw,Slot 1 Raw,Slot 2 Raw,Slot 3 Raw,Slots,Sharpness 0 Raw,Sharpness 1 Raw,Sharpness 2 Raw,Sharpness 3 Raw,Sharpness 4 Raw,Sharpness 5 Raw,Sharpness 6 Raw,Sharpness 7 Raw,Red Sharpness,Orange Sharpness,Yellow Sharpness,Green Sharpness,Blue Sharpness,White Sharpness,Purple Sharpness,Handicraft 0 Raw,Handicraft 0 Lv,Handicraft 1 Raw,Handicraft 1 Lv,Handicraft 2 Raw,Handicraft 2 Lv,Handicraft 3 Raw,Handicraft 3 Lv,Red Sharpness +1,Orange Sharpness +1,Yellow Sharpness +1,Green Sharpness +1,Blue Sharpness +1,White Sharpness +1,Purple Sharpness +1,Sharpness Bar,Sharpness Bar (Handicraft),Skill 0 Raw,Skill 1 Raw,Skill 2 Raw,Skill 3 Raw,Skill 0 Lv Raw,Skill 1 Lv Raw,Skill 2 Lv Raw,Skill 3 Lv Raw,Skill 1,Skill 1 Lv,Skill 2,Skill 2 Lv
00000000,0,0000000B,00000003,3,00000000,00000000,00000001,00000000,00000000,00000000,00000000,00000000,00000000,00000000,00000000,00000000,00000000,1,2B4D2EB1-9E8C-45D5-BB1D-58F131A85CAA,Hope Edge I,D4EE96C9-74AB-4B1E-96FC-52FDC364D435,00000000,0,000000C8,200z,00000012,1,005A,90,0000,0,0000,0%,00000000,-,00000000,0,00000000,00000000,00000000,00000000,00000000,"0, 0, 0",0032,003C,0028,0032,0000,0000,0000,0000,50,60,40,50,0,0,0,0032,4,0000,5,0000,6,0000,7,50,60,40,50,0,0,0,,,00000000,00000000,00000000,00000000,0000,0000,0000,0000,,,,
00000001,1,0000000B,00000003,3,00000000,00000000,00000002,00000000,00000000,00000000,00000000,00000000,00000000,00000000,00000000,00000000,00000000,2,E6638D16-93AA-4D98-A7C5-FCF431F1A529,Hope Edge II,42E628EE-090A-4E40-B027-4AF97A5CC98F,00000001,1,000001F4,500z,00000012,1,0064,100,0000,0,0000,0%,00000000,-,00000000,0,00000000,00000000,00000000,00000000,00000000,"0, 0, 0",0028,0032,0032,003C,0000,0000,0000,0000,40,50,50,60,0,0,0,0032,4,0000,5,0000,6,0000,7,40,50,50,60,0,0,0,,,561FF780,00000000,00000000,00000000,0001,0000,0000,0000,Speed Sharpening,1,,
00000002,2,0000000B,00000003,3,00000000,00000000,00000003,00000000,00000000,00000000,00000000,00000000,00000000,00000000,00000000,00000000,00000000,3,8B35B08B-ABBB-41BE-9C44-F75D68F8A764,Hope Edge III,2035782B-40CD-4F3E-8061-F28EBA2E3BD1,00000002,2,000005DC,"1,500z",00000010,3,0082,130,0000,0,0000,0%,00000000,-,00000000,0,00000000,00000000,00000000,00000000,00000000,"0, 0, 0",0032,003C,003C,0050,0000,0000,0000,0000,50,60,60,80,0,0,0,0032,4,0000,5,0000,6,0000,7,50,60,60,80,0,0,0,,,561FF780,830A1C00,00000000,00000000,0001,0001,0000,0000,Speed Sharpening,1,Critical Eye,1
00000003,3,0000000B,00000003,3,00000000,00000000,00000004,00000000,00000000,00000000,00000000,00000000,00000000,00000000,00000000,00000000,00000000,4,3172E272-9B3F-42F3-A10D-9B2EDC189CBF,Hope Edge IV,6AB0E22C-4463-45F5-93CF-7103AED848CC,00000003,3,00000FA0,"4,000z",0000000E,5,00A0,160,0000,0,0000,0%,00000000,-,00000000,0,00000000,00000000,00000002,00000001,00000000,"2, 1, 0",0032,003C,0046,0046,0032,0000,0000,0000,50,60,70,70,50,0,0,0032,5,0000,6,0000,7,0000,8,50,60,70,70,50,0,0,,,561FF780,830A1C00,00000000,00000000,0002,0001,0000,0000,Speed Sharpening,2,Critical Eye,1
00000004,4,0000000B,00000003,3,00000000,00000000,00000005,00000000,00000000,00000000,00000000,00000000,00000000,00000000,00000000,00000000,00000000,5,9849AF9A-C21B-4758-92C6-14909DD1B2B3,Hope Edge V,F1A85636-0F93-4524-AF66-26B52FF5C03D,00000004,4,000036B0,"14,000z",0000000C,7,00BE,190,0000,0,0000,0%,00000000,-,00000000,0,00000000,00000000,00000003,00000002,00000000,"3, 2, 0",0032,003C,003C,0050,0032,0032,0000,0000,50,60,60,80,50,50,0,0032,6,0000,7,0000,8,0000,9,50,60,60,80,50,50,0,,,561FF780,830A1C00,00000000,00000000,0002,0001,0000,0000,Speed Sharpening,2,Critical Eye,1
00000025,37,0000000B,0000000A,10,00000000,00000000,00000006,00000000,00000000,00000000,00000000,00000000,00000000,00000000,00000000,00000000,00000000,6,F1DFEC3C-7B8A-4106-B617-A16C54B59989,Rey Tonitrus I,48347729-2602-47E8-BC38-C2BD1EE50FED,0000001A,26,000007D0,"2,000z",00000010,3,008C,140,0000,0,0000,0%,00000004,THUNDER,0000000F,15,00000000,00000000,00000000,00000000,00000000,"0, 0, 0",000A,000A,0096,0050,0000,0000,0000,0000,10,10,150,80,0,0,0,0032,4,0000,5,0000,6,0000,7,10,10,150,80,0,0,0,,,EF1CAA60,8BFD1E80,00000000,00000000,0001,0001,0000,0000,Focus,1,Punishing Draw,1
00000026,38,0000000B,0000000A,10,00000000,00000000,00000007,00000000,00000000,00000000,00000000,00000000,00000000,00000000,00000000,00000000,00000000,7,39035724-A667-413E-A998-DA0791B0ED78,Rey Tonitrus II,4AAB8E27-918C-4AE9-9854-14758BCF41E2,0000001B,27,00000FA0,"4,000z",0000000E,5,00AA,170,0000,0,0000,0%,00000004,THUNDER,00000013,19,00000000,00000000,00000002,00000001,00000000,"2, 1, 0",000A,000A,0082,0064,0032,0000,0000,0000,10,10,130,100,50,0,0,0032,5,0000,6,0000,7,0000,8,10,10,130,100,50,0,0,,,EF1CAA60,8BFD1E80,00000000,00000000,0001,0001,0000,0000,Focus,1,Punishing Draw,1
00000027,39,0000000B,0000000A,10,00000000,00000000,00000008,00000000,00000000,00000000,00000000,00000000,00000000,00000000,00000000,00000000,00000000,8,498EA505-528B-4866-8A60-A2EF256E96FE,Rey Tonitrus III,B1C68AF2-6F90-4794-85D6-EC467366E144,0000001C,28,000036B0,"14,000z",0000000C,7,00C8,200,0000,0,0000,0%,00000004,THUNDER,00000016,22,00000000,00000000,00000003,00000002,00000000,"3, 2, 0",000A,000A,0078,0050,0050,0032,0000,0000,10,10,120,80,80,50,0,0032,6,0000,7,0000,8,0000,9,10,10,120,80,80,50,0,,,EF1CAA60,8BFD1E80,00000000,00000000,0002,0001,0000,0000,Focus,2,Punishing Draw,1
00000028,40,0000000B,0000000A,10,00000000,00000000,00000009,00000000,00000000,00000000,00000000,00000000,00000000,00000000,00000000,00000000,00000000,9,B209437A-7836-4D70-8AE9-A599575EB338,Tonitrus Clairblade,16B04355-6C8C-401C-93B5-4949C678F18F,0000001D,29,00004E20,"20,000z",0000000B,8,00DC,220,0000,0,0000,0%,00000004,THUNDER,00000019,25,00000000,00000000,00000003,00000002,00000001,"3, 2, 1",000A,000A,006E,0046,0046,0050,0000,0000,10,10,110,70,70,80,0,0032,6,0000,7,0000,8,0000,9,10,10,110,70,70,80,0,,,EF1CAA60,8BFD1E80,00000000,00000000,0002,0001,0000,0000,Focus,2,Punishing Draw,1
00000043,67,0000000B,0000000D,13,00000000,00000000,0000000C,00000000,00000000,00000000,00000000,00000000,00000000,00000000,00000000,00000000,00000000,12,641EEBFF-0BEA-45BD-AFD6-53AC7FA0BABB,Stahlfakt I,E6248FD1-DF87-4EEC-8334-93196E8A205D,00000041,65,000036B0,"14,000z",0000000C,7,00B4,180,0000,0,0014,20%,00000005,DRAGON,0000001B,27,00000000,00000000,00000003,00000002,00000000,"3, 2, 0",0032,0046,0050,0046,0028,0028,0000,0000,50,70,80,70,40,40,0,0032,6,0000,7,0000,8,0000,9,50,70,80,70,40,40,0,,,12B121E0,00000000,00000000,00000000,0003,0000,0000,0000,Critical Element,3,,
00000044,68,0000000B,0000000D,13,00000000,00000000,0000000D,00000000,00000000,00000000,00000000,00000000,00000000,00000000,00000000,00000000,00000000,13,ED7326E2-BF94-4905-904A-3379789C5828,Stahlrecht,2BEC765D-A0D7-445B-993B-7944B8FBFFC7,00000042,66,00004E20,"20,000z",0000000B,8,00D2,210,0000,0,0014,20%,00000005,DRAGON,0000001E,30,00000000,00000000,00000003,00000002,00000001,"3, 2, 1",0032,0032,0050,003C,0028,0046,0000,0000,50,50,80,60,40,70,0,0032,6,0000,7,0000,8,0000,9,50,50,80,60,40,70,0,,,12B121E0,00000000,00000000,00000000,0003,0000,0000,0000,Critical Element,3,,
0000001D,29,0000000B,00000008,8,00000000,00000000,0000000E,00000000,00000000,00000000,00000000,00000000,00000000,00000000,00000000,00000000,00000000,14,CB0B077D-5B85-453E-A14B-93CEAD192D73,Uth Khlunda I,2778F762-9510-4A3C-8E3D-31FBF8187E03,00000023,35,000007D0,"2,000z",00000010,3,00A0,160,0000,0,FFF1,-15%,00000002,WATER,00000014,20,00000000,00000000,00000000,00000000,00000000,"0, 0, 0",0032,0046,0064,001E,0000,0000,0000,0000,50,70,100,30,0,0,0,0032,4,0000,5,0000,6,0000,7,50,70,100,30,0,0,0,,,2932DD00,00000000,00000000,00000000,0002,0000,0000,0000,Power Prolonger,2,,
0000001E,30,0000000B,00000008,8,00000000,00000000,0000000F,00000000,00000000,00000000,00000000,00000000,00000000,00000000,00000000,00000000,00000000,15,87D7C973-E334-418F-BA9B-51D198CF3A4E,Uth Khlunda II,9EF107AE-B455-4BA7-90E5-A55B1D2FD5D7,00000024,36,00000FA0,"4,000z",0000000E,5,00BE,190,0000,0,FFF1,-15%,00000002,WATER,0000001A,26,00000000,00000000,00000002,00000001,00000000,"2, 1, 0",003C,0046,0078,0032,0000,0000,0000,0000,60,70,120,50,0,0,0,0032,4,0000,5,0000,6,0000,7,60,70,120,50,0,0,0,,,2932DD00,00000000,00000000,00000000,0002,0000,0000,0000,Power Prolonger,2,,
0000001F,31,0000000B,00000008,8,00000000,00000000,00000010,00000000,00000000,00000000,00000000,00000000,00000000,00000000,00000000,00000000,00000000,16,597EB3F5-3DB2-4CA0-979E-F044B27ACCCA,Uth Khlunda III,5267D9FD-D8BA-48D7-B44A-F3D1EF62D9F1,00000025,37,000036B0,"14,000z",0000000C,7,00DC,220,0000,0,FFF1,-15%,00000002,WATER,00000020,32,00000000,00000000,00000003,00000002,00000000,"3, 2, 0",003C,0046,0078,0050,0014,0000,0000,0000,60,70,120,80,20,0,0,0032,5,0000,6,0000,7,0000,8,60,70,120,80,20,0,0,,,2932DD00,00000000,00000000,00000000,0003,0000,0000,0000,Power Prolonger,3,,
00000020,32,0000000B,00000008,8,00000000,00000000,00000011,00000000,00000000,00000000,00000000,00000000,00000000,00000000,00000000,00000000,00000000,17,4F0B348F-68EB-4BE1-B11D-0C1F960F888B,Khlunda-of-the-Waves,51E1C97C-59A2-4DFC-9F5A-93DE14254AEC,00000026,38,00004E20,"20,000z",0000000B,8,00F0,240,0000,0,FFF1,-15%,00000002,WATER,00000023,35,00000000,00000000,00000003,00000002,00000001,"3, 2, 1",003C,003C,0064,0050,0032,0000,0000,0000,60,60,100,80,50,0,0,000A,5,0028,6,0000,7,0000,8,60,60,100,80,50,0,0,,,2932DD00,00000000,00000000,00000000,0003,0000,0000,0000,Power Prolonger,3,,
0000002D,45,0000000B,0000000F,15,00000000,00000000,00000012,00000000,00000000,00000000,00000000,00000000,00000000,00000000,00000000,00000000,00000000,18,0E272512-9C54-4315-8D01-D44FEB2DABE2,Windclaw Blade I,7198B67F-A19F-432F-915E-B7C83E6BDF89,00000011,17,000005DC,"1,500z",00000010,3,008C,140,0000,0,0000,0%,00000003,ICE,00000012,18,00000000,00000000,00000000,00000000,00000000,"0, 0, 0",0032,003C,0050,003C,0000,0000,0000,0000,50,60,80,60,0,0,0,0032,4,0000,5,0000,6,0000,7,50,60,80,60,0,0,0,,,EF1CAA60,17F9A780,00000000,00000000,0002,0001,0000,0000,Focus,2,Airborne,1
0000002E,46,0000000B,0000000F,15,00000000,00000000,00000013,00000000,00000000,00000000,00000000,00000000,00000000,00000000,00000000,00000000,00000000,19,C676F1A7-9AD5-4BA0-AD8C-EC0F19CA3827,Windclaw Blade II,74FB02B2-89B4-4FF4-A74A-F3D1AF186A27,00000012,18,00001388,"5,000z",0000000E,5,00AA,170,0000,0,0000,0%,00000003,ICE,00000017,23,00000000,00000000,00000002,00000001,00000000,"2, 1, 0",0032,0032,0046,0064,001E,0000,0000,0000,50,50,70,100,30,0,0,0032,5,0000,6,0000,7,0000,8,50,50,70,100,30,0,0,,,EF1CAA60,17F9A780,00000000,00000000,0002,0001,0000,0000,Focus,2,Airborne,1
0000002F,47,0000000B,0000000F,15,00000000,00000000,00000014,00000000,00000000,00000000,00000000,00000000,00000000,00000000,00000000,00000000,00000000,20,A9FF461E-4ADC-46D1-B118-524A17F6D728,Windclaw Blade III,F652BB29-20F6-489B-B06F-1282F5F52691,00000013,19,000036B0,"14,000z",0000000C,7,00C8,200,0000,0,0000,0%,00000003,ICE,0000001B,27,00000000,00000000,00000003,00000002,00000000,"3, 2, 0",0032,0032,0032,001E,008C,001E,0000,0000,50,50,50,30,140,30,0,0032,6,0000,7,0000,8,0000,9,50,50,50,30,140,30,0,,,EF1CAA60,17F9A780,00000000,00000000,0003,0001,0000,0000,Focus,3,Airborne,1
00000030,48,0000000B,0000000F,15,00000000,00000000,00000015,00000000,00000000,00000000,00000000,00000000,00000000,00000000,00000000,00000000,00000000,21,34DF94AF-7F12-409F-BF96-A2654967EEE1,Windclaw Kiribami,353098D1-6990-4513-9BB5-2AB30062A91B,00000014,20,00004E20,"20,000z",0000000B,8,00DC,220,0000,0,0000,0%,00000003,ICE,0000001E,30,00000000,00000000,00000003,00000002,00000001,"3, 2, 1",0032,0032,0032,001E,0078,0032,0000,0000,50,50,50,30,120,50,0,0032,6,0000,7,0000,8,0000,9,50,50,50,30,120,50,0,,,EF1CAA60,17F9A780,00000000,00000000,0003,0001,0000,0000,Focus,3,Airborne,1
0000000F,15,0000000B,00000004,4,00000000,00000000,00000016,00000000,00000000,00000000,00000000,00000000,00000000,00000000,00000000,00000000,00000000,22,DF692F71-EBBB-43A2-8E0E-118635567ED5,Quematrice Lima I,FEB9241D-0E69-4F01-849D-0637BD25E4DD,00000015,21,000001F4,500z,00000012,1,0064,100,0000,0,0005,5%,00000001,FIRE,0000000A,10,00000000,00000000,00000000,00000000,00000000,"0, 0, 0",0032,0046,0032,001E,0000,0000,0000,0000,50,70,50,30,0,0,0,0032,4,0000,5,0000,6,0000,7,50,70,50,30,0,0,0,,,8BFD1E80,00000000,00000000,00000000,0001,0000,0000,0000,Punishing Draw,1,,
00000010,16,0000000B,00000004,4,00000000,00000000,00000017,00000000,00000000,00000000,00000000,00000000,00000000,00000000,00000000,00000000,00000000,23,392C33A2-4B38-412E-8112-3A2ECABC888F,Quematrice Lima II,8DEAB438-DB6D-4E76-BC33-CCAAA446081A,00000016,22,000005DC,"1,500z",00000010,3,008C,140,0000,0,0005,5%,00000001,FIRE,0000000C,12,00000000,00000000,00000000,00000000,00000000,"0, 0, 0",0032,0050,003C,003C,0000,0000,0000,0000,50,80,60,60,0,0,0,0032,4,0000,5,0000,6,0000,7,50,80,60,60,0,0,0,,,8BFD1E80,00000000,00000000,00000000,0002,0000,0000,0000,Punishing Draw,2,,
00000011,17,0000000B,00000004,4,00000000,00000000,00000018,00000000,00000000,00000000,00000000,00000000,00000000,00000000,00000000,00000000,00000000,24,B5D4C7ED-3485-465B-8614-B92EB02C1413,Quematrice Lima III,E6C5951C-D038-4A99-A2BB-AF47ABE52212,00000017,23,00000FA0,"4,000z",0000000E,5,00AA,170,0000,0,0005,5%,00000001,FIRE,0000000F,15,00000000,00000000,00000002,00000001,00000000,"2, 1, 0",0046,0050,0050,0032,0014,0000,0000,0000,70,80,80,50,20,0,0,0032,5,0000,6,0000,7,0000,8,70,80,80,50,20,0,0,,,8BFD1E80,00000000,00000000,00000000,0002,0000,0000,0000,Punishing Draw,2,,
00000012,18,0000000B,00000004,4,00000000,00000000,00000019,00000000,00000000,00000000,00000000,00000000,00000000,00000000,00000000,00000000,00000000,25,1D41E271-D1F9-492A-935C-377E47DBF714,Quematrice Lima IV,9AB38549-F316-49B4-8516-0093001ECBB7,00000018,24,000036B0,"14,000z",0000000C,7,00D2,210,0000,0,0005,5%,00000001,FIRE,00000011,17,00000000,00000000,00000003,00000002,00000000,"3, 2, 0",0046,0050,0050,0050,0028,0000,0000,0000,70,80,80,80,40,0,0,0032,5,0000,6,0000,7,0000,8,70,80,80,80,40,0,0,,,8BFD1E80,00000000,00000000,00000000,0003,0000,0000,0000,Punishing Draw,3,,
00000013,19,0000000B,00000005,5,00000000,00000000,0000001A,00000000,00000000,00000000,00000000,00000000,00000000,00000000,00000000,00000000,00000000,26,CD8B4576-9EA9-42E1-B709-1982A359E9B4,Firetrail Ferrocere,19652982-2895-4FD8-BB8B-E201FEC6FD99,00000019,25,00004E20,"20,000z",0000000B,8,00E6,230,0000,0,0005,5%,00000001,FIRE,00000014,20,00000000,00000000,00000003,00000002,00000001,"3, 2, 1",003C,0046,0050,0050,003C,0000,0000,0000,60,70,80,80,60,0,0,0032,5,0000,6,0000,7,0000,8,60,70,80,80,60,0,0,,,8BFD1E80,00000000,00000000,00000000,0003,0000,0000,0000,Punishing Draw,3,,
0000000B,11,0000000B,00002710,10000,00000000,00000000,0000001B,00000000,00000000,00000000,00000000,00000000,00000000,00000000,00000000,00000000,00000000,27,64034A7A-80D0-4DD5-A1D8-7457DD2FC7C5,Iron Katana I,7E613BF7-B579-44FD-9DAA-02A4CFC3ABDB,00000009,9,00000320,800z,00000011,2,0078,120,0000,0,0000,0%,00000000,-,00000000,0,00000000,00000000,00000000,00000000,00000000,"0, 0, 0",001E,0028,005A,0028,0000,0000,0000,0000,30,40,90,40,0,0,0,0032,4,0000,5,0000,6,0000,7,30,40,90,40,0,0,0,,,28EBAB40,00000000,00000000,00000000,0001,0000,0000,0000,Critical Draw,1,,
0000000C,12,0000000B,00002710,10000,00000000,00000000,0000001C,00000000,00000000,00000000,00000000,00000000,00000000,00000000,00000000,00000000,00000000,28,CF58821B-F0EE-4DC4-9EC7-700487DEDB1A,Iron Katana II,E5C6D129-376B-4141-9C59-B1D3D6378B33,0000000A,10,00000A28,"2,600z",0000000F,4,00A0,160,0000,0,0000,0%,00000000,-,00000000,0,00000000,00000000,00000001,00000000,00000000,"1, 0, 0",001E,003C,005A,0046,0000,0000,0000,0000,30,60,90,70,0,0,0,0032,4,0000,5,0000,6,0000,7,30,60,90,70,0,0,0,,,28EBAB40,00000000,00000000,00000000,0002,0000,0000,0000,Critical Draw,2,,
0000000D,13,0000000B,00002710,10000,00000000,00000000,0000001D,00000000,00000000,00000000,00000000,00000000,00000000,00000000,00000000,00000000,00000000,29,994BBB3A-EFDC-40AA-AA9D-35A01D527D3E,Iron Katana III,A9944FD0-5017-484E-B23F-FE798619E263,0000000B,11,00002710,"10,000z",0000000D,6,00BE,190,0000,0,0000,0%,00000000,-,00000000,0,00000000,00000000,00000002,00000001,00000000,"2, 1, 0",001E,0046,005A,003C,0032,0000,0000,0000,30,70,90,60,50,0,0,0032,5,0000,6,0000,7,0000,8,30,70,90,60,50,0,0,,,28EBAB40,00000000,00000000,00000000,0003,0000,0000,0000,Critical Draw,3,,
0000000E,14,0000000B,00002712,10002,00000000,00000000,0000001E,00000000,00000000,00000000,00000000,00000000,00000000,00000000,00000000,00000000,00000000,30,72F9681A-8337-4870-B3C7-09DBA0FEF3D4,Keen Edge,9DD436AE-D08C-4D2F-AA7E-A86A2F36C496,0000000C,12,00004E20,"20,000z",0000000B,8,00DC,220,0000,0,0000,0%,00000000,-,00000000,0,00000000,00000000,00000003,00000002,00000001,"3, 2, 1",001E,003C,005A,0046,0032,0032,0000,0000,30,60,90,70,50,50,0,0032,6,0000,7,0000,8,0000,9,30,60,90,70,50,50,0,,,28EBAB40,00000000,00000000,00000000,0003,0000,0000,0000,Critical Draw,3,,
00000034,52,0000000B,000186A0,100000,00000000,00000000,0000001F,00000000,00000000,00000000,00000000,00000000,00000000,00000000,00000000,00000000,00000000,31,A809DA83-3C2F-4F73-AFE1-520C3B92F679,"Wyvern Blade ""Ash"" I",E289AC6A-5ED5-4DA7-B816-1DE7C70B38A7,00000006,6,00000A28,"2,600z",0000000F,4,00A0,160,0000,0,000F,15%,00000001,FIRE,00000015,21,00000000,00000000,00000001,00000000,00000000,"1, 0, 0",0032,0064,003C,0028,0000,0000,0000,0000,50,100,60,40,0,0,0,0032,4,0000,5,0000,6,0000,7,50,100,60,40,0,0,0,,,52D79300,12B121E0,00000000,00000000,0001,0001,0000,0000,Master's Touch,1,Critical Element,1
00000035,53,0000000B,000186A0,100000,00000000,00000000,00000020,00000000,00000000,00000000,00000000,00000000,00000000,00000000,00000000,00000000,00000000,32,0E258572-0F6C-474F-8703-95725938E40E,"Wyvern Blade ""Ash"" II",0F2BDE1E-C476-4E50-98DE-6D314CA407EE,00000007,7,00002710,"10,000z",0000000D,6,00B4,180,0000,0,000F,15%,00000001,FIRE,0000001A,26,00000000,00000000,00000002,00000001,00000000,"2, 1, 0",0032,0078,0032,0028,0028,0000,0000,0000,50,120,50,40,40,0,0,0014,5,001E,6,0000,7,0000,8,50,120,50,40,40,0,0,,,52D79300,12B121E0,00000000,00000000,0001,0001,0000,0000,Master's Touch,1,Critical Element,1
00000036,54,0000000B,000186A0,100000,00000000,00000000,00000021,00000000,00000000,00000000,00000000,00000000,00000000,00000000,00000000,00000000,00000000,33,636330E0-43ED-48B4-ADA7-2E63EAFCEF8F,"Wyvern Blade ""Lily""",B8CE3981-0AE0-4E99-9696-0B03ACCFB0BE,00000008,8,00004E20,"20,000z",0000000B,8,00D2,210,0000,0,000F,15%,00000001,FIRE,0000001E,30,00000000,00000000,00000003,00000002,00000001,"3, 2, 1",0032,0096,0032,0028,0028,0014,0000,0000,50,150,50,40,40,20,0,0032,6,0000,7,0000,8,0000,9,50,150,50,40,40,20,0,,,52D79300,12B121E0,00000000,00000000,0001,0001,0000,0000,Master's Touch,1,Critical Element,1
00000041,65,0000000B,0000000C,12,00000000,00000000,00000022,00000000,00000000,00000000,00000000,00000000,00000000,00000000,00000000,00000000,00000000,34,5E28B678-5858-4BB2-8076-CE2755808378,"Wyvern Blade ""Blood"" I",A948E65F-8331-4C2E-8F27-564ECBFA9F1C,0000003F,63,00002710,"10,000z",0000000D,6,00B4,180,0000,0,000A,10%,00000001,FIRE,0000001D,29,00000000,00000000,00000002,00000001,00000000,"2, 1, 0",0064,0046,0032,001E,0032,0000,0000,0000,100,70,50,30,50,0,0,0032,5,0000,6,0000,7,0000,8,100,70,50,30,50,0,0,,,A02B7A00,00000000,00000000,00000000,0003,0000,0000,0000,Critical Boost,3,,
00000042,66,0000000B,0000000C,12,00000000,00000000,00000023,00000000,00000000,00000000,00000000,00000000,00000000,00000000,00000000,00000000,00000000,35,3E85C9BC-9B24-4D3D-B911-B37BE516D8AD,"Wyvern Blade ""Maple""",1F46E584-2DE7-473B-A8CB-0BC4A8C04EFD,00000040,64,00004E20,"20,000z",0000000B,8,00C8,200,0000,0,000A,10%,00000001,FIRE,00000023,35,00000000,00000000,00000003,00000002,00000001,"3, 2, 1",0064,0046,0032,0028,0032,0028,0000,0000,100,70,50,40,50,40,0,0032,6,0000,7,0000,8,0000,9,100,70,50,40,50,40,0,,,A02B7A00,00000000,00000000,00000000,0003,0000,0000,0000,Critical Boost,3,,
0000003A,58,0000000B,0000000B,11,00000000,00000000,00000024,00000000,00000000,00000000,00000000,00000000,00000000,00000000,00000000,00000000,00000000,36,23A63CE7-BAF2-4E7C-86D5-2105E7AE5CE8,"Wyvern Blade ""Verde"" I",DFDC9262-B260-4AD9-A30D-9F08133847FF,0000003C,60,00001388,"5,000z",0000000E,5,00A0,160,0000,0,000F,15%,00000006,POISON,0000000E,14,00000000,00000000,00000002,00000001,00000000,"2, 1, 0",0032,0046,0028,0064,0028,0000,0000,0000,50,70,40,100,40,0,0,0032,5,0000,6,0000,7,0000,8,50,70,40,100,40,0,0,,,F5EE7100,9EDDD500,00000000,00000000,0002,0001,0000,0000,Critical Status,2,Poison Duration Up,1
0000003B,59,0000000B,0000000B,11,00000000,00000000,00000025,00000000,00000000,00000000,00000000,00000000,00000000,00000000,00000000,00000000,00000000,37,E8EDD32E-EB8B-4BCF-8919-683019B41BBB,"Wyvern Blade ""Verde"" II",98A3473A-42F4-44A0-A615-743743756438,0000003D,61,000036B0,"14,000z",0000000C,7,00BE,190,0000,0,000F,15%,00000006,POISON,00000011,17,00000000,00000000,00000003,00000002,00000000,"3, 2, 0",0028,0050,0028,0078,001E,0028,0000,0000,40,80,40,120,30,40,0,0032,6,0000,7,0000,8,0000,9,40,80,40,120,30,40,0,,,F5EE7100,9EDDD500,00000000,00000000,0003,0001,0000,0000,Critical Status,3,Poison Duration Up,1
0000003C,60,0000000B,0000000B,11,00000000,00000000,00000026,00000000,00000000,00000000,00000000,00000000,00000000,00000000,00000000,00000000,00000000,38,BA54F686-3AAC-4BD9-BCDF-1BDDC7E05C0D,"Wyvern Blade ""Holly""",6EBFE557-7BE1-418C-9888-598C7FFB8221,0000003E,62,00004E20,"20,000z",0000000B,8,00D2,210,0000,0,000F,15%,00000006,POISON,00000014,20,00000000,00000000,00000003,00000002,00000001,"3, 2, 1",0028,0050,001E,006E,001E,003C,0000,0000,40,80,30,110,30,60,0,0032,6,0000,7,0000,8,0000,9,40,80,30,110,30,60,0,,,F5EE7100,9EDDD500,00000000,00000000,0003,0001,0000,0000,Critical Status,3,Poison Duration Up,1
00000014,20,0000000B,00000006,6,00000000,00000000,00000027,00000000,00000000,00000000,00000000,00000000,00000000,00000000,00000000,00000000,00000000,39,1EE8252A-8599-4732-8B08-5EEAE68433B2,Barina Flamberge I,16EB6ECE-3B42-42E0-9B8F-F7FA0D34EE16,00000033,51,000001F4,500z,00000012,1,0064,100,0000,0,000A,10%,00000007,PARALYSIS,0000000A,10,00000000,00000000,00000000,00000000,00000000,"0, 0, 0",0032,0032,0028,003C,0000,0000,0000,0000,50,50,40,60,0,0,0,0032,4,0000,5,0000,6,0000,7,50,50,40,60,0,0,0,,,28EBAB40,00000000,00000000,00000000,0001,0000,0000,0000,Critical Draw,1,,
00000015,21,0000000B,00000006,6,00000000,00000000,00000028,00000000,00000000,00000000,00000000,00000000,00000000,00000000,00000000,00000000,00000000,40,A10E6325-4BDB-48C3-B944-4F12AC1657D8,Barina Flamberge II,77E6EE91-ECB4-4274-9D90-CE31C3B2344F,00000034,52,000005DC,"1,500z",00000010,3,0078,120,0000,0,000A,10%,00000007,PARALYSIS,0000000D,13,00000000,00000000,00000000,00000000,00000000,"0, 0, 0",0046,0032,001E,0064,0000,0000,0000,0000,70,50,30,100,0,0,0,0032,4,0000,5,0000,6,0000,7,70,50,30,100,0,0,0,,,28EBAB40,F5EE7100,00000000,00000000,0001,0001,0000,0000,Critical Draw,1,Critical Status,1
00000016,22,0000000B,00000006,6,00000000,00000000,00000029,00000000,00000000,00000000,00000000,00000000,00000000,00000000,00000000,00000000,00000000,41,861EFC5A-EDA8-4DD3-BCCB-E5DB52BB0872,Barina Flamberge III,4EC7C7E9-8C81-4396-B92E-0311C2FA2627,00000035,53,00000FA0,"4,000z",0000000E,5,0096,150,0000,0,000F,15%,00000007,PARALYSIS,00000012,18,00000000,00000000,00000002,00000001,00000000,"2, 1, 0",0046,0032,001E,0064,0032,0000,0000,0000,70,50,30,100,50,0,0,0032,5,0000,6,0000,7,0000,8,70,50,30,100,50,0,0,,,28EBAB40,F5EE7100,00000000,00000000,0001,0001,0000,0000,Critical Draw,1,Critical Status,1
00000017,23,0000000B,00000006,6,00000000,00000000,0000002A,00000000,00000000,00000000,00000000,00000000,00000000,00000000,00000000,00000000,00000000,42,A165BA1C-35A4-4EE3-B15E-6B20B611EA32,Barina Flamberge IV,37213082-DBE7-49B1-B8F0-4CEDCD617CBD,00000036,54,000036B0,"14,000z",0000000C,7,00B4,180,0000,0,000F,15%,00000007,PARALYSIS,00000015,21,00000000,00000000,00000003,00000002,00000000,"3, 2, 0",0046,0032,001E,005A,003C,0032,0000,0000,70,50,30,90,60,50,0,0032,6,0000,7,0000,8,0000,9,70,50,30,90,60,50,0,,,28EBAB40,F5EE7100,00000000,00000000,0002,0001,0000,0000,Critical Draw,2,Critical Status,1
00000018,24,0000000B,00000007,7,00000000,00000000,0000002B,00000000,00000000,00000000,00000000,00000000,00000000,00000000,00000000,00000000,00000000,43,528EF9F3-D174-4BB1-AE11-B68263B829C0,Lala Ornithocton,AED89E0E-A4E7-4D97-844D-9F4C52F5B173,00000037,55,00004E20,"20,000z",0000000B,8,00C8,200,0000,0,000F,15%,00000007,PARALYSIS,00000019,25,00000000,00000000,00000003,00000002,00000001,"3, 2, 1",0046,0032,001E,003C,0028,0064,0000,0000,70,50,30,60,40,100,0,0032,6,0000,7,0000,8,0000,9,70,50,30,60,40,100,0,,,28EBAB40,F5EE7100,00000000,00000000,0002,0001,0000,0000,Critical Draw,2,Critical Status,1
00000029,41,0000000B,0000000E,14,00000000,00000000,0000002C,00000000,00000000,00000000,00000000,00000000,00000000,00000000,00000000,00000000,00000000,44,81574391-57A7-45FB-9B6B-04DB50C194BA,Blood Cry I,D495C93B-2F5F-416D-8B59-72F795EF057A,00000038,56,000005DC,"1,500z",00000010,3,0078,120,0000,0,000A,10%,00000008,SLEEP,0000000D,13,00000000,00000000,00000000,00000000,00000000,"0, 0, 0",0046,0032,001E,0064,0000,0000,0000,0000,70,50,30,100,0,0,0,0032,4,0000,5,0000,6,0000,7,70,50,30,100,0,0,0,,,2932DD00,00000000,00000000,00000000,0002,0000,0000,0000,Power Prolonger,2,,
0000002A,42,0000000B,0000000E,14,00000000,00000000,0000002D,00000000,00000000,00000000,00000000,00000000,00000000,00000000,00000000,00000000,00000000,45,2C9F3CB5-7012-41F2-880B-4FF965A5AE17,Blood Cry II,CDE480BD-541C-4DA5-B745-3F7D72A10E5C,00000039,57,00001388,"5,000z",0000000E,5,0096,150,0000,0,000F,15%,00000008,SLEEP,00000012,18,00000000,00000000,00000002,00000001,00000000,"2, 1, 0",0046,0032,001E,0064,0032,0000,0000,0000,70,50,30,100,50,0,0,0032,5,0000,6,0000,7,0000,8,70,50,30,100,50,0,0,,,2932DD00,00000000,00000000,00000000,0002,0000,0000,0000,Power Prolonger,2,,
0000002B,43,0000000B,0000000E,14,00000000,00000000,0000002E,00000000,00000000,00000000,00000000,00000000,00000000,00000000,00000000,00000000,00000000,46,EAEC2983-90D4-40BB-B2FF-F8537EF82BD3,Blood Cry III,4AA7829A-9483-467D-A5DB-FFB2FC5F9A5F,0000003A,58,000036B0,"14,000z",0000000C,7,00B4,180,0000,0,000F,15%,00000008,SLEEP,00000016,22,00000000,00000000,00000003,00000002,00000000,"3, 2, 0",0046,0032,001E,005A,003C,0032,0000,0000,70,50,30,90,60,50,0,0032,6,0000,7,0000,8,0000,9,70,50,30,90,60,50,0,,,2932DD00,00000000,00000000,00000000,0003,0000,0000,0000,Power Prolonger,3,,
0000002C,44,0000000B,0000000E,14,00000000,00000000,0000002F,00000000,00000000,00000000,00000000,00000000,00000000,00000000,00000000,00000000,00000000,47,7C76A183-6B43-43F0-839E-B790E55A280B,Blood Scream,627039D6-D891-4A63-AC43-52D118F5A8A3,0000003B,59,00004E20,"20,000z",0000000B,8,00C8,200,0000,0,000F,15%,00000008,SLEEP,00000019,25,00000000,00000000,00000003,00000002,00000001,"3, 2, 1",0046,0032,001E,003C,0028,0064,0000,0000,70,50,30,60,40,100,0,0032,6,0000,7,0000,8,0000,9,70,50,30,60,40,100,0,,,2932DD00,00000000,00000000,00000000,0003,0000,0000,0000,Power Prolonger,3,,
00000006,6,0000000B,00002714,10004,00000000,00000000,00000030,00000000,00000000,00000000,00000000,00000000,00000000,00000000,00000000,00000000,00000000,48,23132199-6E22-4925-9825-BC209D1ADAF8,Bone Shotel I,A864DFF9-E622-411E-9567-2079316690F2,0000001E,30,000001F4,500z,00000012,1,006E,110,0000,0,0000,0%,00000000,-,00000000,0,00000000,00000000,00000000,00000000,00000000,"0, 0, 0",0032,0050,0046,0000,0000,0000,0000,0000,50,80,70,0,0,0,0,0028,3,000A,4,0000,5,0000,6,50,80,70,0,0,0,0,,,EF1CAA60,00000000,00000000,00000000,0001,0000,0000,0000,Focus,1,,
00000007,7,0000000B,00002714,10004,00000000,00000000,00000031,00000000,00000000,00000000,00000000,00000000,00000000,00000000,00000000,00000000,00000000,49,ACDCD3A6-6AF2-4FD9-BAC0-2DC7B4BA2359,Bone Shotel II,2BFD8B18-3310-43FE-B885-D8BFC62A0D0E,0000001F,31,00000320,800z,00000011,2,0082,130,0000,0,0000,0%,00000000,-,00000000,0,00000000,00000000,00000000,00000000,00000000,"0, 0, 0",0032,0032,0064,0000,0000,0000,0000,0000,50,50,100,0,0,0,0,0014,3,001E,4,0000,5,0000,6,50,50,100,0,0,0,0,,,EF1CAA60,00000001,00000000,00000000,0001,0001,0000,0000,Focus,1,Attack Boost,1
00000008,8,0000000B,00002714,10004,00000000,00000000,00000032,00000000,00000000,00000000,00000000,00000000,00000000,00000000,00000000,00000000,00000000,50,B1AA7EE9-350F-4409-A603-54379330F6ED,Bone Shotel III,1B4D9308-7BD8-4985-A25B-F1A5CFED7A99,00000020,32,00000A28,"2,600z",0000000F,4,00AA,170,0000,0,0000,0%,00000000,-,00000000,0,00000000,00000000,00000001,00000000,00000000,"1, 0, 0",0032,0046,0064,001E,0000,0000,0000,0000,50,70,100,30,0,0,0,0032,4,0000,5,0000,6,0000,7,50,70,100,30,0,0,0,,,EF1CAA60,00000001,00000000,00000000,0002,0001,0000,0000,Focus,2,Attack Boost,1
00000009,9,0000000B,00002714,10004,00000000,00000000,00000033,00000000,00000000,00000000,00000000,00000000,00000000,00000000,00000000,00000000,00000000,51,D403A2F2-B0B7-498A-9715-412991ABF38F,Bone Shotel IV,607F65B8-0356-4719-AB23-F34FFA9EF190,00000021,33,00002710,"10,000z",0000000D,6,00C8,200,0000,0,0000,0%,00000000,-,00000000,0,00000000,00000000,00000002,00000001,00000000,"2, 1, 0",0032,0046,0050,0064,0000,0000,0000,0000,50,70,80,100,0,0,0,0032,4,0000,5,0000,6,0000,7,50,70,80,100,0,0,0,,,EF1CAA60,00000001,00000000,00000000,0003,0001,0000,0000,Focus,3,Attack Boost,1
0000000A,10,0000000B,00002714,10004,00000000,00000000,00000034,00000000,00000000,00000000,00000000,00000000,00000000,00000000,00000000,00000000,00000000,52,773B398D-FAD1-45A9-A247-A82A6665567D,Hard Bone Shotel,276C8A3B-4DDE-4EF7-9DC2-3FF65BEE4F51,00000022,34,00004E20,"20,000z",0000000B,8,00E6,230,0000,0,0000,0%,00000000,-,00000000,0,00000000,00000000,00000003,00000002,00000001,"3, 2, 1",0032,003C,0046,0046,0064,0000,0000,0000,50,60,70,70,100,0,0,0032,5,0000,6,0000,7,0000,8,50,60,70,70,100,0,0,,,EF1CAA60,00000001,00000000,00000000,0003,0001,0000,0000,Focus,3,Attack Boost,1
0000003D,61,0000000B,000186A2,100002,00000000,00000000,00000035,00000000,00000000,00000000,00000000,00000000,00000000,00000000,00000000,00000000,00000000,53,275EAC4F-C35D-4EB1-A933-31ECD716804B,Gnashing Fulgur I,FAD3C8E8-67DD-4711-90AE-0DA637535F2A,00000043,67,00002710,"10,000z",0000000D,6,00B4,180,0000,0,0014,20%,00000004,THUNDER,0000001D,29,00000000,00000000,00000002,00000001,00000000,"2, 1, 0",0028,0064,006E,0032,0000,0000,0000,0000,40,100,110,50,0,0,0,000A,4,0028,5,0000,6,0000,7,40,100,110,50,0,0,0,,,12B121E0,00000000,00000000,00000000,0003,0000,0000,0000,Critical Element,3,,
0000003E,62,0000000B,000186A2,100002,00000000,00000000,00000036,00000000,00000000,00000000,00000000,00000000,00000000,00000000,00000000,00000000,00000000,54,4F284886-0A4F-485B-8C4A-77B6CCB8C4CF,Fulgurblade Guardiana,9E17002C-2582-4FC1-B907-4E735B679426,00000044,68,00004E20,"20,000z",0000000B,8,00D2,210,0000,0,0014,20%,00000004,THUNDER,00000023,35,00000000,00000000,00000003,00000002,00000001,"3, 2, 1",0028,005A,0078,0032,0032,0000,0000,0000,40,90,120,50,50,0,0,0000,5,0032,6,0000,7,0000,8,40,90,120,50,50,0,0,,,12B121E0,00000000,00000000,00000000,0003,0000,0000,0000,Critical Element,3,,
00000021,33,0000000B,00000009,9,00000000,00000000,00000037,00000000,00000000,00000000,00000000,00000000,00000000,00000000,00000000,00000000,00000000,55,024AC967-E577-4EA5-80C1-A2115B1E8F5A,Rompo Hacker I,F489706D-8739-4541-A12E-1AB900EC73E8,0000000D,13,000005DC,"1,500z",00000010,3,008C,140,0000,0,0000,0%,00000006,POISON,0000000F,15,00000000,00000000,00000000,00000000,00000000,"0, 0, 0",0032,003C,0064,0028,0000,0000,0000,0000,50,60,100,40,0,0,0,0032,4,0000,5,0000,6,0000,7,50,60,100,40,0,0,0,,,2932DD00,00000000,00000000,00000000,0002,0000,0000,0000,Power Prolonger,2,,
00000022,34,0000000B,00000009,9,00000000,00000000,00000038,00000000,00000000,00000000,00000000,00000000,00000000,00000000,00000000,00000000,00000000,56,483D015F-1E08-424D-B809-F6C2C01E4423,Rompo Hacker II,5FC4A9DA-97C1-4E0D-A3F9-B02E05F587A3,0000000E,14,00000FA0,"4,000z",0000000E,5,00AA,170,0000,0,0000,0%,00000006,POISON,00000013,19,00000000,00000000,00000002,00000001,00000000,"2, 1, 0",0032,0032,0064,005A,000A,0000,0000,0000,50,50,100,90,10,0,0,0032,5,0000,6,0000,7,0000,8,50,50,100,90,10,0,0,,,2932DD00,00000000,00000000,00000000,0002,0000,0000,0000,Power Prolonger,2,,
00000023,35,0000000B,00000009,9,00000000,00000000,00000039,00000000,00000000,00000000,00000000,00000000,00000000,00000000,00000000,00000000,00000000,57,F82292E0-91BA-4987-A8EC-6E7B4002B1CA,Rompo Hacker III,0E02D2DB-2B1E-4DA4-A09E-25F8A8EC227A,0000000F,15,000036B0,"14,000z",0000000C,7,00C8,200,0000,0,0000,0%,00000006,POISON,00000016,22,00000000,00000000,00000003,00000002,00000000,"3, 2, 0",003C,0032,0064,001E,0064,000A,0000,0000,60,50,100,30,100,10,0,0032,6,0000,7,0000,8,0000,9,60,50,100,30,100,10,0,,,2932DD00,00000000,00000000,00000000,0003,0000,0000,0000,Power Prolonger,3,,
00000024,36,0000000B,00000009,9,00000000,00000000,0000003A,00000000,00000000,00000000,00000000,00000000,00000000,00000000,00000000,00000000,00000000,58,ED5EDCBC-14AA-4FCB-B0BD-87FBF4DC0F4A,Rompo Mytoxin,F2DC1332-83AB-4976-A459-A977D60F24D9,00000010,16,00004E20,"20,000z",0000000B,8,00DC,220,0000,0,0000,0%,00000006,POISON,00000019,25,00000000,00000000,00000003,00000002,00000001,"3, 2, 1",0028,0032,0064,001E,0064,001E,0000,0000,40,50,100,30,100,30,0,0032,6,0000,7,0000,8,0000,9,40,50,100,30,100,30,0,,,2932DD00,00000000,00000000,00000000,0003,0000,0000,0000,Power Prolonger,3,,
00000019,25,0000000B,00000000,0,00000000,00000000,0000003B,00000000,00000000,00000000,00000000,00000000,00000000,00000000,00000000,00000000,00000000,59,FB802C86-7C6A-488B-A075-E9A06A73FAF0,Dosha Fatecleaver I,9721264C-9557-48FA-9375-7D20BA23C993,00000027,39,00000320,800z,00000011,2,008C,140,0014,20,FFFB,-5%,00000000,-,00000000,0,00000000,00000000,00000000,00000000,00000000,"0, 0, 0",001E,005A,0050,0000,0000,0000,0000,0000,30,90,80,0,0,0,0,0014,3,001E,4,0000,5,0000,6,30,90,80,0,0,0,0,,,8BFD1E80,00000000,00000000,00000000,0001,0000,0000,0000,Punishing Draw,1,,
0000001A,26,0000000B,00000000,0,00000000,00000000,0000003C,00000000,00000000,00000000,00000000,00000000,00000000,00000000,00000000,00000000,00000000,60,1DEEF88E-8149-4016-9847-7923FEFDB644,Dosha Fatecleaver II,EFD910CB-3EE5-42F6-9A5B-AAEF9D63BAF8,00000028,40,00000A28,"2,600z",0000000F,4,00B4,180,0014,20,FFFB,-5%,00000000,-,00000000,0,00000000,00000000,00000001,00000000,00000000,"1, 0, 0",0028,005A,005A,001E,0000,0000,0000,0000,40,90,90,30,0,0,0,0032,4,0000,5,0000,6,0000,7,40,90,90,30,0,0,0,,,8BFD1E80,00000000,00000000,00000000,0002,0000,0000,0000,Punishing Draw,2,,
0000001B,27,0000000B,00000000,0,00000000,00000000,0000003D,00000000,00000000,00000000,00000000,00000000,00000000,00000000,00000000,00000000,00000000,61,A8BA02E6-585F-413A-A2E0-63BA7CC28B2F,Dosha Fatecleaver III,D3F33568-25A7-4F8F-A1B0-1BBCF1086A5C,00000029,41,00002710,"10,000z",0000000D,6,00D2,210,0014,20,FFFB,-5%,00000000,-,00000000,0,00000000,00000000,00000002,00000001,00000000,"2, 1, 0",0032,0050,005A,003C,0014,0000,0000,0000,50,80,90,60,20,0,0,0032,5,0000,6,0000,7,0000,8,50,80,90,60,20,0,0,,,8BFD1E80,00000000,00000000,00000000,0003,0000,0000,0000,Punishing Draw,3,,
0000003F,63,0000000B,00000013,19,00000000,00000000,0000003E,00000000,00000000,00000000,00000000,00000000,00000000,00000000,00000000,00000000,00000000,62,9B0D5A43-68B5-4D9C-9D60-450B822687ED,Blanberge I,6183EDF9-A320-4D73-93E6-A2A05ECFB61A,00000045,69,00002710,"10,000z",0000000D,6,00C8,200,0000,0,FFF6,-10%,00000003,ICE,00000010,16,00000000,00000000,00000002,00000001,00000000,"2, 1, 0",0032,001E,0064,0050,0028,0000,0000,0000,50,30,100,80,40,0,0,0032,5,0000,6,0000,7,0000,8,50,30,100,80,40,0,0,,,28EBAB40,00000000,00000000,00000000,0003,0000,0000,0000,Critical Draw,3,,
00000040,64,0000000B,00000013,19,00000000,00000000,0000003F,00000000,00000000,00000000,00000000,00000000,00000000,00000000,00000000,00000000,00000000,63,85B48C22-AAB1-4508-80D1-DDDA8B4DE1DA,Blangongaberge,38A25134-4934-4A5E-A7CE-373A72DD26F4,00000046,70,00004E20,"20,000z",0000000B,8,00E6,230,0000,0,FFF6,-10%,00000003,ICE,00000014,20,00000000,00000000,00000003,00000002,00000001,"3, 2, 1",0032,001E,0064,0050,0032,0028,0000,0000,50,30,100,80,50,40,0,0032,6,0000,7,0000,8,0000,9,50,30,100,80,50,40,0,,,28EBAB40,00000000,00000000,00000000,0003,0000,0000,0000,Critical Draw,3,,
00000031,49,0000000B,000186A1,100001,00000000,00000000,00000040,00000000,00000000,00000000,00000000,00000000,00000000,00000000,00000000,00000000,00000000,64,FA362A9D-1E49-4B5A-B8FC-C7B7601513E3,Dosha Gravecleaver I,66D3535E-66BD-41F2-896E-0F0047CDF785,00000030,48,00000A28,"2,600z",0000000F,4,00B4,180,0000,0,FFF1,-15%,00000000,-,00000000,0,00000000,00000000,00000001,00000000,00000000,"1, 0, 0",001E,0046,0078,001E,0000,0000,0000,0000,30,70,120,30,0,0,0,0032,4,0000,5,0000,6,0000,7,30,70,120,30,0,0,0,,,2932DD00,00000000,00000000,00000000,0002,0000,0000,0000,Power Prolonger,2,,
00000032,50,0000000B,000186A1,100001,00000000,00000000,00000041,00000000,00000000,00000000,00000000,00000000,00000000,00000000,00000000,00000000,00000000,65,5BB3BAD3-76DD-474F-BDF5-1D27E00B3ED1,Dosha Gravecleaver II,D86DAD40-7AED-4DD1-9E66-4F0F50158EAD,00000031,49,00002710,"10,000z",0000000D,6,00DC,220,0000,0,FFF1,-15%,00000000,-,00000000,0,00000000,00000000,00000002,00000001,00000000,"2, 1, 0",0032,0064,0064,0032,0000,0000,0000,0000,50,100,100,50,0,0,0,0032,4,0000,5,0000,6,0000,7,50,100,100,50,0,0,0,,,2932DD00,00000000,00000000,00000000,0003,0000,0000,0000,Power Prolonger,3,,
00000033,51,0000000B,000186A1,100001,00000000,00000000,00000042,00000000,00000000,00000000,00000000,00000000,00000000,00000000,00000000,00000000,00000000,66,92B6B6B8-344A-4DDB-B4FE-EA3D7A6F3E8A,Gravecleaver Urkemush,D069E65E-F4F6-4D7B-A0DA-354BF3359632,00000032,50,00004E20,"20,000z",0000000B,8,00FA,250,0000,0,FFF1,-15%,00000000,-,00000000,0,00000000,00000000,00000003,00000002,00000001,"3, 2, 1",0032,0046,005A,005A,0032,0000,0000,0000,50,70,90,90,50,0,0,0014,5,001E,6,0000,7,0000,8,50,70,90,90,50,0,0,,,2932DD00,00000000,00000000,00000000,0003,0000,0000,0000,Power Prolonger,3,,
00000037,55,0000000B,00000015,21,00000000,00000000,00000043,00000000,00000000,00000000,00000000,00000000,00000000,00000000,00000000,00000000,00000000,67,B6A5FB8D-92BD-4A64-9271-B9A02DBE181E,G. Veldian Ensis I,AE4D20D9-FD6C-4A24-B7CB-54D84D499633,0000002B,43,00000A28,"2,600z",0000000F,4,00AA,170,0000,0,FFF6,-10%,00000005,DRAGON,0000000E,14,00000000,00000000,00000001,00000001,00000000,"1, 1, 0",0064,001E,005A,001E,0000,0000,0000,0000,100,30,90,30,0,0,0,0032,4,0000,5,0000,6,0000,7,100,30,90,30,0,0,0,,,EF1CAA60,00000000,00000000,00000000,0002,0000,0000,0000,Focus,2,,
00000038,56,0000000B,00000015,21,00000000,00000000,00000044,00000000,00000000,00000000,00000000,00000000,00000000,00000000,00000000,00000000,00000000,68,1A759BF6-9389-4688-B5A3-B5A4F1D7CF28,G. Veldian Ensis II,9D955524-1F76-462C-AACC-70F0A64549C1,0000002C,44,00002710,"10,000z",0000000D,6,00D2,210,0000,0,FFF6,-10%,00000005,DRAGON,00000011,17,00000000,00000000,00000002,00000002,00000000,"2, 2, 0",0064,003C,005A,0032,0000,0000,0000,0000,100,60,90,50,0,0,0,000A,4,0028,5,0000,6,0000,7,100,60,90,50,0,0,0,,,EF1CAA60,00000000,00000000,00000000,0002,0000,0000,0000,Focus,2,,
00000039,57,0000000B,00000015,21,00000000,00000000,00000045,00000000,00000000,00000000,00000000,00000000,00000000,00000000,00000000,00000000,00000000,69,DCAC486B-5AD5-4FFC-B429-30BC19114C3C,G. Righteous Lancelot,5DBB347F-4CE4-4E1E-80EB-A97CD568A436,0000002D,45,00004E20,"20,000z",0000000B,8,00F0,240,0000,0,FFF6,-10%,00000005,DRAGON,00000014,20,00000000,00000000,00000003,00000003,00000001,"3, 3, 1",0064,0046,0032,0050,0032,0000,0000,0000,100,70,50,80,50,0,0,000A,5,0028,6,0000,7,0000,8,100,70,50,80,50,0,0,,,EF1CAA60,00000000,00000000,00000000,0002,0000,0000,0000,Focus,2,,
00000045,69,0000000B,00000018,24,00000000,00000000,00000046,00000000,00000000,00000000,00000000,00000000,00000000,00000000,00000000,00000000,00000000,70,81CCABBE-B1F5-4A17-AC8C-3A913D212F84,Veldian Ensis I,83449D19-9B7E-4B40-AF22-FC281BD85C7E,0000002E,46,000036B0,"14,000z",0000000C,7,00C8,200,0000,0,0000,0%,00000005,DRAGON,00000020,32,00000000,00000000,00000003,00000002,00000000,"3, 2, 0",0032,0032,0032,0050,005A,001E,0000,0000,50,50,50,80,90,30,0,0032,6,0000,7,0000,8,0000,9,50,50,50,80,90,30,0,,,EF1CAA60,00000000,00000000,00000000,0003,0000,0000,0000,Focus,3,,
00000047,71,0000000B,000186A3,100003,00000000,00000000,00000047,00000000,00000000,00000000,00000000,00000000,00000000,00000000,00000000,00000000,00000000,71,0FAC2A2C-E1A9-41FC-8D8F-3D5BE0774FA7,Artian Saber I,DC750FB7-7DED-497F-8CCE-21079DB38691,00000064,100,00000028,40z,0000000D,6,00AA,170,0000,0,0005,5%,00000000,-,00000017,23,00000000,00000000,00000002,00000002,00000002,"2, 2, 2",0050,0028,003C,0050,0028,0000,0000,0000,80,40,60,80,40,0,0,0014,5,001E,6,0000,7,0000,8,80,40,60,80,40,0,0,,,00000000,00000000,00000000,00000000,0000,0000,0000,0000,,,,
00000048,72,0000000B,000186A3,100003,00000000,00000000,00000048,00000000,00000000,00000000,00000000,00000000,00000000,00000000,00000000,00000000,00000000,72,6265FF9E-99B9-4681-B770-7E23556FC8A9,Artian Saber II,F7E39BD7-C145-454E-86F3-75C2DFC92CD0,00000065,101,00000064,100z,0000000C,7,00B4,180,0000,0,0005,5%,00000000,-,00000017,23,00000000,00000000,00000002,00000002,00000002,"2, 2, 2",0050,0028,003C,0050,0046,0014,0000,0000,80,40,60,80,70,20,0,0032,6,0000,7,0000,8,0000,9,80,40,60,80,70,20,0,,,00000000,00000000,00000000,00000000,0000,0000,0000,0000,,,,
00000049,73,0000000B,000186A3,100003,00000000,00000000,00000049,00000000,00000000,00000000,00000000,00000000,00000000,00000000,00000000,00000000,00000000,73,DDE31D43-A973-4EBB-9C43-221BEE37ED16,Dimensius,A479A883-67ED-4CDC-9E80-E7137C3942CB,00000066,102,000000C8,200z,0000000B,8,00BE,190,0000,0,0005,5%,00000000,-,0000001B,27,00000000,00000000,00000003,00000003,00000003,"3, 3, 3",0050,0028,003C,0050,0046,0014,0000,0000,80,40,60,80,70,20,0,0032,6,0000,7,0000,8,0000,9,80,40,60,80,70,20,0,,,00000000,00000000,00000000,00000000,0000,0000,0000,0000,,,,
00000005,5,0000000B,00000003,3,00000000,00000000,0000004E,00000000,00000000,00000000,00000000,00000000,00000000,00000000,00000000,00000000,00000000,78,356175A8-587D-46B5-B9EA-04046BA45BDB,Esperanza Edge,A944AE31-8880-4252-8A63-222D3F3C3C4D,00000005,5,00004E20,"20,000z",0000000B,8,00D2,210,0000,0,0000,0%,00000000,-,00000000,0,00000000,00000000,00000003,00000002,00000001,"3, 2, 1",0032,003C,003C,003C,0028,0050,0000,0000,50,60,60,60,40,80,0,0032,6,0000,7,0000,8,0000,9,50,60,60,60,40,80,0,,,561FF780,830A1C00,00000000,00000000,0002,0002,0000,0000,Speed Sharpening,2,Critical Eye,2
0000001C,28,0000000B,00000001,1,00000000,00000000,0000004F,00000000,00000000,00000000,00000000,00000000,00000000,00000000,00000000,00000000,00000000,79,04C88ABF-9536-40CF-84E4-822819A369EA,Fatecleaver Kimkemush,5C39DB97-A623-4561-9DBC-5D3E63F47B99,0000002A,42,00004E20,"20,000z",0000000B,8,00F0,240,0014,20,FFFB,-5%,00000000,-,00000000,0,00000000,00000000,00000003,00000002,00000001,"3, 2, 1",0032,0064,006E,0032,0028,0000,0000,0000,50,100,110,50,40,0,0,0000,5,0032,6,0000,7,0000,8,50,100,110,50,40,0,0,,,8BFD1E80,00000000,00000000,00000000,0003,0000,0000,0000,Punishing Draw,3,,
00000046,70,0000000B,00000018,24,00000000,00000000,00000050,00000000,00000000,00000000,00000000,00000000,00000000,00000000,00000000,00000000,00000000,80,F25BA34D-68FE-46ED-A402-758D64721CD5,Righteous Lancelot,97CD4E92-63D3-49A0-AD6F-EC343CF9D4EE,0000002F,47,00004E20,"20,000z",0000000B,8,00DC,220,0000,0,0000,0%,00000005,DRAGON,00000023,35,00000000,00000000,00000003,00000002,00000001,"3, 2, 1",0032,0032,0032,0046,0050,0032,0000,0000,50,50,50,70,80,50,0,0032,6,0000,7,0000,8,0000,9,50,50,50,70,80,50,0,,,EF1CAA60,00000000,00000000,00000000,0003,0000,0000,0000,Focus,3,,