Index Raw,Index,Type Raw,Model ID Raw,Model ID,Custom Model ID Raw,DB ID Raw,LS ID Raw,Hammer ID Raw,HH ID Raw,Lance ID Raw,GL ID Raw,SA ID Raw,CA ID Raw,IG ID Raw,Bow ID Raw,HBG ID Raw,LBG ID Raw,ID,Name Raw,Name,Description Raw,Sort ID Raw,Sort ID,Price Raw,Price,Rarity Raw,Rarity,Attack Raw,Attack,Defense Raw,Defense,Affinity Raw,Affinity,Element 1 Raw,Attribute,Element 1 Value Raw,Attribute Value,Element 2 Raw,Element 2 Value Raw,Slot 1 Raw,Slot 2 Raw,Slot 3 Raw,Slots,Wp08 Bin Type Raw,Switch Axe Phial Type,Wp08 Bin Value Raw,Switch Axe Phial Value,Sharpness 0 Raw,Sharpness 1 Raw,Sharpness 2 Raw,Sharpness 3 Raw,Sharpness 4 Raw,Sharpness 5 Raw,Sharpness 6 Raw,Sharpness 7 Raw,Red Sharpness,Orange Sharpness,Yellow Sharpness,Green Sharpness,Blue Sharpness,White Sharpness,Purple Sharpness,Handicraft 0 Raw,Handicraft 0 Lv,Handicraft 1 Raw,Handicraft 1 Lv,Handicraft 2 Raw,Handicraft 2 Lv,Handicraft 3 Raw,Handicraft 3 Lv,Red Sharpness +1,Orange Sharpness +1,Yellow Sharpness +1,Green Sharpness +1,Blue Sharpness +1,White Sharpness +1,Purple Sharpness +1,Sharpness Bar,Sharpness Bar (Handicraft),Skill 0 Raw,Skill 1 Raw,Skill 2 Raw,Skill 3 Raw,Skill 0 Lv Raw,Skill 1 Lv Raw,Skill 2 Lv Raw,Skill 3 Lv Raw,Skill 1,Skill 1 Lv,Skill 2,Skill 2 Lv
00000000,0,00000006,00000000,0,00000000,00000000,00000000,00000000,00000000,00000000,00000000,00000001,00000000,00000000,00000000,00000000,00000000,1,DC09ABA8-3B8E-4836-9D81-55B9A65CA3F9,Hope Axe I,1AB922D6-1D68-40AF-A4FF-A9663A08700C,00000000,0,000000C8,200z,00000012,1,005A,90,0000,0,0000,0%,00000000,-,00000000,0,00000000,00000000,00000000,00000000,00000000,"0, 0, 0",00000000,Power Phial,00000000,0,0032,0032,0028,003C,0000,0000,0000,0000,50,50,40,60,0,0,0,0032,4,0000,5,0000,6,0000,7,50,50,40,60,0,0,0,,,00000000,00000000,00000000,00000000,0000,0000,0000,0000,,,,
00000001,1,00000006,00000000,0,00000000,00000000,00000000,00000000,00000000,00000000,00000000,00000002,00000000,00000000,00000000,00000000,00000000,2,00572E25-333E-4174-9988-23295FF10DBE,Hope Axe II,B704CBC5-1228-4993-A0B9-AC93FCAFCADB,00000001,1,000001F4,500z,00000012,1,0064,100,0000,0,0000,0%,00000000,-,00000000,0,00000000,00000000,00000000,00000000,00000000,"0, 0, 0",00000000,Power Phial,00000000,0,0028,0032,0028,0046,0000,0000,0000,0000,40,50,40,70,0,0,0,0032,4,0000,5,0000,6,0000,7,40,50,40,70,0,0,0,,,561FF780,00000000,00000000,00000000,0001,0000,0000,0000,Speed Sharpening,1,,
00000002,2,00000006,00000000,0,00000000,00000000,00000000,00000000,00000000,00000000,00000000,00000003,00000000,00000000,00000000,00000000,00000000,3,13E8C4F8-DA3D-4D9D-926B-D7A871289064,Hope Axe III,794C8207-3951-4DCE-A09C-C8535CA5DDF9,00000002,2,000005DC,"1,500z",00000010,3,0082,130,0000,0,0000,0%,00000000,-,00000000,0,00000000,00000000,00000000,00000000,00000000,"0, 0, 0",00000000,Power Phial,00000000,0,0032,003C,0032,005A,0000,0000,0000,0000,50,60,50,90,0,0,0,0032,4,0000,5,0000,6,0000,7,50,60,50,90,0,0,0,,,561FF780,830A1C00,00000000,00000000,0001,0001,0000,0000,Speed Sharpening,1,Critical Eye,1
00000003,3,00000006,00000000,0,00000000,00000000,00000000,00000000,00000000,00000000,00000000,00000004,00000000,00000000,00000000,00000000,00000000,4,1E62C4D4-06CE-4C45-8D9A-ACA5985AD6D9,Hope Axe IV,96F56380-D58A-4092-B471-1FBE05133BAD,00000003,3,00000FA0,"4,000z",0000000E,5,00A0,160,0000,0,0000,0%,00000000,-,00000000,0,00000000,00000000,00000002,00000001,00000000,"2, 1, 0",00000000,Power Phial,00000000,0,0032,003C,003C,0046,003C,0000,0000,0000,50,60,60,70,60,0,0,0032,5,0000,6,0000,7,0000,8,50,60,60,70,60,0,0,,,561FF780,830A1C00,00000000,00000000,0002,0001,0000,0000,Speed Sharpening,2,Critical Eye,1
00000004,4,00000006,00000000,0,00000000,00000000,00000000,00000000,00000000,00000000,00000000,00000005,00000000,00000000,00000000,00000000,00000000,5,8E815CEE-0664-43CB-8789-EB63F39D9244,Hope Axe V,A3BBC17F-A6FB-45D5-ADDC-2AF26C17C1C8,00000004,4,000036B0,"14,000z",0000000C,7,00BE,190,0000,0,0000,0%,00000000,-,00000000,0,00000000,00000000,00000003,00000002,00000000,"3, 2, 0",00000000,Power Phial,00000000,0,0032,003C,0032,0050,0032,003C,0000,0000,50,60,50,80,50,60,0,0032,6,0000,7,0000,8,0000,9,50,60,50,80,50,60,0,,,561FF780,830A1C00,00000000,00000000,0002,0001,0000,0000,Speed Sharpening,2,Critical Eye,1
00000006,6,00000006,00002713,10003,00000000,00000000,00000000,00000000,00000000,00000000,00000000,00000006,00000000,00000000,00000000,00000000,00000000,6,D419BBCA-DB37-43BB-8EE2-E1426CFA5F4A,Bone Axe I,C097023C-F452-42BF-A7B0-B27DC0925260,00000014,20,000001F4,500z,00000012,1,006E,110,0000,0,0000,0%,00000000,-,00000000,0,00000000,00000000,00000000,00000000,00000000,"0, 0, 0",00000003,Fatigue Phial,0000000F,15,0032,0046,0050,0000,0000,0000,0000,0000,50,70,80,0,0,0,0,0028,3,000A,4,0000,5,0000,6,50,70,80,0,0,0,0,,,EF1CAA60,00000000,00000000,00000000,0001,0000,0000,0000,Focus,1,,
00000007,7,00000006,00002713,10003,00000000,00000000,00000000,00000000,00000000,00000000,00000000,00000007,00000000,00000000,00000000,00000000,00000000,7,19FB1237-E19F-473A-B43B-410B1A3467C8,Bone Axe II,2078B941-C340-4BE2-A16B-976D50265212,00000015,21,00000320,800z,00000011,2,0082,130,0000,0,0000,0%,00000000,-,00000000,0,00000000,00000000,00000000,00000000,00000000,"0, 0, 0",00000003,Fatigue Phial,00000012,18,0032,0028,006E,0000,0000,0000,0000,0000,50,40,110,0,0,0,0,0014,3,001E,4,0000,5,0000,6,50,40,110,0,0,0,0,,,EF1CAA60,00000001,00000000,00000000,0001,0001,0000,0000,Focus,1,Attack Boost,1
00000008,8,00000006,00002713,10003,00000000,00000000,00000000,00000000,00000000,00000000,00000000,00000008,00000000,00000000,00000000,00000000,00000000,8,832704B2-59FA-4B8B-9423-4B3E93EB1C24,Bone Axe III,E0FBFEB4-6C26-4616-925C-97C324AB5F91,00000016,22,00000A28,"2,600z",0000000F,4,00AA,170,0000,0,0000,0%,00000000,-,00000000,0,00000000,00000000,00000001,00000000,00000000,"1, 0, 0",00000003,Fatigue Phial,00000014,20,0032,003C,0064,0028,0000,0000,0000,0000,50,60,100,40,0,0,0,0032,4,0000,5,0000,6,0000,7,50,60,100,40,0,0,0,,,EF1CAA60,00000001,00000000,00000000,0002,0001,0000,0000,Focus,2,Attack Boost,1
00000009,9,00000006,00002713,10003,00000000,00000000,00000000,00000000,00000000,00000000,00000000,00000009,00000000,00000000,00000000,00000000,00000000,9,ED1DAE8B-D457-4890-B1A5-6B1C142577EC,Bone Axe IV,7F7152AA-E8F5-4D7C-8633-7A09B2834DE4,00000017,23,00002710,"10,000z",0000000D,6,00C8,200,0000,0,0000,0%,00000000,-,00000000,0,00000000,00000000,00000002,00000001,00000000,"2, 1, 0",00000003,Fatigue Phial,00000017,23,0032,003C,0050,006E,0000,0000,0000,0000,50,60,80,110,0,0,0,0032,4,0000,5,0000,6,0000,7,50,60,80,110,0,0,0,,,EF1CAA60,00000001,00000000,00000000,0003,0001,0000,0000,Focus,3,Attack Boost,1
0000000A,10,00000006,00002713,10003,00000000,00000000,00000000,00000000,00000000,00000000,00000000,0000000A,00000000,00000000,00000000,00000000,00000000,10,7C58A665-BF83-45EA-858C-625C45EE90E5,Bone Smasher,99E8EF6A-509D-4D32-9DA5-5144ECCC3097,00000018,24,00004E20,"20,000z",0000000B,8,00E6,230,0000,0,0000,0%,00000000,-,00000000,0,00000000,00000000,00000003,00000002,00000001,"3, 2, 1",00000003,Fatigue Phial,00000019,25,0032,003C,003C,0046,006E,0000,0000,0000,50,60,60,70,110,0,0,0032,5,0000,6,0000,7,0000,8,50,60,60,70,110,0,0,,,EF1CAA60,00000001,00000000,00000000,0003,0001,0000,0000,Focus,3,Attack Boost,1
0000000B,11,00000006,00002711,10001,00000000,00000000,00000000,00000000,00000000,00000000,00000000,0000000B,00000000,00000000,00000000,00000000,00000000,11,45EEB691-0F1B-4D13-9AD2-AB0D307488EB,Iron Accelerator I,C9E49B81-0A85-490B-A82E-6638B14756F7,00000009,9,00000320,800z,00000011,2,0078,120,0000,0,0000,0%,00000000,-,00000000,0,00000000,00000000,00000000,00000000,00000000,"0, 0, 0",00000005,Poison Phial,00000012,18,0014,0028,005A,0032,0000,0000,0000,0000,20,40,90,50,0,0,0,0032,4,0000,5,0000,6,0000,7,20,40,90,50,0,0,0,,,8B1BBD80,00000000,00000000,00000000,0001,0000,0000,0000,Rapid Morph,1,,
0000000C,12,00000006,00002711,10001,00000000,00000000,00000000,00000000,00000000,00000000,00000000,0000000C,00000000,00000000,00000000,00000000,00000000,12,49092C75-3D28-4C71-9080-D74363E5ACCC,Iron Accelerator II,D2EC7A41-7546-4040-BBB8-CC8FE5FA9665,0000000A,10,00000A28,"2,600z",0000000F,4,00A0,160,0000,0,0000,0%,00000000,-,00000000,0,00000000,00000000,00000001,00000000,00000000,"1, 0, 0",00000005,Poison Phial,00000014,20,0014,003C,005A,0050,0000,0000,0000,0000,20,60,90,80,0,0,0,0032,4,0000,5,0000,6,0000,7,20,60,90,80,0,0,0,,,8B1BBD80,00000000,00000000,00000000,0002,0000,0000,0000,Rapid Morph,2,,
0000000D,13,00000006,00002711,10001,00000000,00000000,00000000,00000000,00000000,00000000,00000000,0000000D,00000000,00000000,00000000,00000000,00000000,13,CACA4F9F-C918-4E1E-A897-D755116A1877,Iron Accelerator III,E6EA99C6-CEAD-43B8-8534-11DCF6D48CB8,0000000B,11,00002710,"10,000z",0000000D,6,00BE,190,0000,0,0000,0%,00000000,-,00000000,0,00000000,00000000,00000002,00000001,00000000,"2, 1, 0",00000005,Poison Phial,00000017,23,0014,0046,005A,003C,003C,0000,0000,0000,20,70,90,60,60,0,0,0032,5,0000,6,0000,7,0000,8,20,70,90,60,60,0,0,,,8B1BBD80,00000000,00000000,00000000,0003,0000,0000,0000,Rapid Morph,3,,
0000000E,14,00000006,00002711,10001,00000000,00000000,00000000,00000000,00000000,00000000,00000000,0000000E,00000000,00000000,00000000,00000000,00000000,14,5AC89482-3F4A-4A46-AC75-7477A348E987,Chrome Accelerator,67841325-C2AB-4456-9C36-D8688FBD5BE8,0000000C,12,00004E20,"20,000z",0000000B,8,00DC,220,0000,0,0000,0%,00000000,-,00000000,0,00000000,00000000,00000003,00000002,00000001,"3, 2, 1",00000005,Poison Phial,00000019,25,0014,003C,005A,0046,0032,003C,0000,0000,20,60,90,70,50,60,0,0032,6,0000,7,0000,8,0000,9,20,60,90,70,50,60,0,,,8B1BBD80,00000000,00000000,00000000,0003,0000,0000,0000,Rapid Morph,3,,
0000000F,15,00000006,00000001,1,00000000,00000000,00000000,00000000,00000000,00000000,00000000,0000000F,00000000,00000000,00000000,00000000,00000000,15,F39A789A-E319-431A-BB79-7C6B2051528E,Barina Hache I,2108C116-FFC1-477C-839D-65F7153E07C6,0000002F,47,000001F4,500z,00000012,1,0064,100,0000,0,000A,10%,00000007,PARALYSIS,0000000A,10,00000000,00000000,00000000,00000000,00000000,"0, 0, 0",00000000,Power Phial,00000000,0,0032,0028,0028,0046,0000,0000,0000,0000,50,40,40,70,0,0,0,0032,4,0000,5,0000,6,0000,7,50,40,40,70,0,0,0,,,28EBAB40,00000000,00000000,00000000,0001,0000,0000,0000,Critical Draw,1,,
00000010,16,00000006,00000001,1,00000000,00000000,00000000,00000000,00000000,00000000,00000000,00000010,00000000,00000000,00000000,00000000,00000000,16,772CB953-DD5B-4349-8DC8-B16BA71EB6E1,Barina Hache II,2E800F78-B9C5-412C-B6BC-E7E85DC5DAFB,00000030,48,000005DC,"1,500z",00000010,3,0078,120,0000,0,000A,10%,00000007,PARALYSIS,0000000C,12,00000000,00000000,00000000,00000000,00000000,"0, 0, 0",00000000,Power Phial,00000000,0,0046,0028,001E,006E,0000,0000,0000,0000,70,40,30,110,0,0,0,0032,4,0000,5,0000,6,0000,7,70,40,30,110,0,0,0,,,28EBAB40,F5EE7100,00000000,00000000,0001,0001,0000,0000,Critical Draw,1,Critical Status,1
00000011,17,00000006,00000001,1,00000000,00000000,00000000,00000000,00000000,00000000,00000000,00000011,00000000,00000000,00000000,00000000,00000000,17,48B12014-3428-41C4-9943-06C4DA602635,Barina Hache III,D37C4661-1CFD-4FD8-B90E-FC0F5707AA88,00000031,49,00000FA0,"4,000z",0000000E,5,0096,150,0000,0,000F,15%,00000007,PARALYSIS,0000000F,15,00000000,00000000,00000002,00000001,00000000,"2, 1, 0",00000000,Power Phial,00000000,0,0046,0028,001E,0064,003C,0000,0000,0000,70,40,30,100,60,0,0,0032,5,0000,6,0000,7,0000,8,70,40,30,100,60,0,0,,,28EBAB40,F5EE7100,00000000,00000000,0001,0001,0000,0000,Critical Draw,1,Critical Status,1
00000012,18,00000006,00000001,1,00000000,00000000,00000000,00000000,00000000,00000000,00000000,00000012,00000000,00000000,00000000,00000000,00000000,18,356B8536-A683-4814-BE45-EC1FC69DCC62,Barina Hache IV,F11B1092-754D-4B91-A971-F96B93DF2E8B,00000032,50,000036B0,"14,000z",0000000C,7,00B4,180,0000,0,000F,15%,00000007,PARALYSIS,00000011,17,00000000,00000000,00000003,00000002,00000000,"3, 2, 0",00000000,Power Phial,00000000,0,0046,0028,001E,005A,003C,003C,0000,0000,70,40,30,90,60,60,0,0032,6,0000,7,0000,8,0000,9,70,40,30,90,60,60,0,,,28EBAB40,F5EE7100,00000000,00000000,0002,0001,0000,0000,Critical Draw,2,Critical Status,1
00000013,19,00000006,00000002,2,00000000,00000000,00000000,00000000,00000000,00000000,00000000,00000013,00000000,00000000,00000000,00000000,00000000,19,9F5192F1-0DFC-4AF4-8EDF-90FF0CF2E064,Lala Selenocosmi,1C69BF3E-363F-4A56-99D8-45B95E7FF5E3,00000033,51,00004E20,"20,000z",0000000B,8,00C8,200,0000,0,000F,15%,00000007,PARALYSIS,00000014,20,00000000,00000000,00000003,00000002,00000001,"3, 2, 1",00000000,Power Phial,00000000,0,0046,0028,001E,003C,0028,006E,0000,0000,70,40,30,60,40,110,0,0032,6,0000,7,0000,8,0000,9,70,40,30,60,40,110,0,,,28EBAB40,F5EE7100,00000000,00000000,0002,0001,0000,0000,Critical Draw,2,Critical Status,1
00000014,20,00000006,00000003,3,00000000,00000000,00000000,00000000,00000000,00000000,00000000,00000014,00000000,00000000,00000000,00000000,00000000,20,727021C5-3133-42D0-8EAE-433A4B7B1998,Golba Vandal I,C74E7D1F-A921-49C7-805E-9DA8A01DB315,0000001C,28,00000320,800z,00000011,2,0078,120,0000,0,0005,5%,00000000,-,00000000,0,00000000,00000000,00000000,00000000,00000000,"0, 0, 0",00000004,Paralysis Phial,00000010,16,0032,003C,0032,0028,0000,0000,0000,0000,50,60,50,40,0,0,0,0032,4,0000,5,0000,6,0000,7,50,60,50,40,0,0,0,,,8BFD1E80,28EBAB40,00000000,00000000,0001,0001,0000,0000,Punishing Draw,1,Critical Draw,1
00000015,21,00000006,00000003,3,00000000,00000000,00000000,00000000,00000000,00000000,00000000,00000015,00000000,00000000,00000000,00000000,00000000,21,74FB44B4-3A64-4E83-814A-B1AE0527DCFE,Golba Vandal II,47D0AAE3-0547-49F5-B060-3A85C0894274,0000001D,29,00000FA0,"4,000z",0000000E,5,00AA,170,0000,0,0005,5%,00000000,-,00000000,0,00000000,00000000,00000002,00000001,00000000,"2, 1, 0",00000004,Paralysis Phial,00000012,18,0046,0050,003C,003C,001E,0000,0000,0000,70,80,60,60,30,0,0,0032,5,0000,6,0000,7,0000,8,70,80,60,60,30,0,0,,,8BFD1E80,28EBAB40,00000000,00000000,0002,0001,0000,0000,Punishing Draw,2,Critical Draw,1
00000016,22,00000006,00000003,3,00000000,00000000,00000000,00000000,00000000,00000000,00000000,00000016,00000000,00000000,00000000,00000000,00000000,22,C7E6A481-1101-4A4A-9A33-6D009D0E1D17,Gundava Vandal,EB3ACF07-EECE-434C-B64B-57DACA1D9E54,0000001E,30,00004E20,"20,000z",0000000B,8,00DC,220,0000,0,0005,5%,00000000,-,00000000,0,00000000,00000000,00000003,00000002,00000001,"3, 2, 1",00000004,Paralysis Phial,00000014,20,003C,0046,003C,003C,0032,0032,0000,0000,60,70,60,60,50,50,0,0032,6,0000,7,0000,8,0000,9,60,70,60,60,50,50,0,,,8BFD1E80,28EBAB40,00000000,00000000,0002,0002,0000,0000,Punishing Draw,2,Critical Draw,2
00000017,23,00000006,00000004,4,00000000,00000000,00000000,00000000,00000000,00000000,00000000,00000017,00000000,00000000,00000000,00000000,00000000,23,44BD69F4-B3BB-4789-9B04-199696C616A1,Dosha Fleshhacker I,306484C9-DC5D-48D0-A3FE-B6FBB6AC5C75,00000023,35,00000320,800z,00000011,2,008C,140,0014,20,FFFB,-5%,00000000,-,00000000,0,00000000,00000000,00000000,00000000,00000000,"0, 0, 0",00000000,Power Phial,00000000,0,0014,005A,005A,0000,0000,0000,0000,0000,20,90,90,0,0,0,0,0014,3,001E,4,0000,5,0000,6,20,90,90,0,0,0,0,,,2932DD00,00000000,00000000,00000000,0001,0000,0000,0000,Power Prolonger,1,,
00000018,24,00000006,00000004,4,00000000,00000000,00000000,00000000,00000000,00000000,00000000,00000018,00000000,00000000,00000000,00000000,00000000,24,57C7D9AC-C7D4-4256-8DBF-F7D9F792B558,Dosha Fleshhacker II,AE9CA265-7FC3-41BE-A34D-7F9334798B89,00000024,36,00000A28,"2,600z",0000000F,4,00B4,180,0014,20,FFFB,-5%,00000000,-,00000000,0,00000000,00000000,00000001,00000000,00000000,"1, 0, 0",00000000,Power Phial,00000000,0,0028,0050,005A,0028,0000,0000,0000,0000,40,80,90,40,0,0,0,0032,4,0000,5,0000,6,0000,7,40,80,90,40,0,0,0,,,2932DD00,00000000,00000000,00000000,0002,0000,0000,0000,Power Prolonger,2,,
00000019,25,00000006,00000004,4,00000000,00000000,00000000,00000000,00000000,00000000,00000000,00000019,00000000,00000000,00000000,00000000,00000000,25,96A998EC-FB4F-4D87-8C4A-63D8175067DF,Dosha Fleshhacker III,66C8B3AD-CB73-4299-99CE-EC479095BC35,00000025,37,00002710,"10,000z",0000000D,6,00D2,210,0014,20,FFFB,-5%,00000000,-,00000000,0,00000000,00000000,00000002,00000001,00000000,"2, 1, 0",00000000,Power Phial,00000000,0,0032,0050,005A,0032,001E,0000,0000,0000,50,80,90,50,30,0,0,0032,5,0000,6,0000,7,0000,8,50,80,90,50,30,0,0,,,2932DD00,00000000,00000000,00000000,0003,0000,0000,0000,Power Prolonger,3,,
0000001B,27,00000006,00000006,6,00000000,00000000,00000000,00000000,00000000,00000000,00000000,0000001A,00000000,00000000,00000000,00000000,00000000,26,10EF4393-EC26-4D1E-8655-7DF9BCA0985B,Uth Olacha I,E5D41D1D-4CF8-42B6-85E8-60F4A29E3D53,0000001F,31,000007D0,"2,000z",00000010,3,00A0,160,0000,0,FFF1,-15%,00000002,WATER,0000000F,15,00000000,00000000,00000000,00000000,00000000,"0, 0, 0",00000001,Element Phial,00000000,0,0032,0046,005A,0028,0000,0000,0000,0000,50,70,90,40,0,0,0,0032,4,0000,5,0000,6,0000,7,50,70,90,40,0,0,0,,,2932DD00,00000000,00000000,00000000,0002,0000,0000,0000,Power Prolonger,2,,
0000001C,28,00000006,00000006,6,00000000,00000000,00000000,00000000,00000000,00000000,00000000,0000001B,00000000,00000000,00000000,00000000,00000000,27,6536FADA-8046-4FF0-A212-6CA4F8FD023D,Uth Olacha II,EB4EB1BD-DC38-4202-8311-589C639B32FE,00000020,32,00000FA0,"4,000z",0000000E,5,00BE,190,0000,0,FFF1,-15%,00000002,WATER,00000013,19,00000000,00000000,00000002,00000001,00000000,"2, 1, 0",00000001,Element Phial,00000000,0,003C,0046,006E,003C,0000,0000,0000,0000,60,70,110,60,0,0,0,0032,4,0000,5,0000,6,0000,7,60,70,110,60,0,0,0,,,2932DD00,00000000,00000000,00000000,0002,0000,0000,0000,Power Prolonger,2,,
0000001D,29,00000006,00000006,6,00000000,00000000,00000000,00000000,00000000,00000000,00000000,0000001C,00000000,00000000,00000000,00000000,00000000,28,505B2F78-025A-4AD8-B854-CB4785B48209,Uth Olacha III,8FB3C531-4858-4F39-A593-3B188519623B,00000021,33,000036B0,"14,000z",0000000C,7,00DC,220,0000,0,FFF1,-15%,00000002,WATER,00000016,22,00000000,00000000,00000003,00000002,00000000,"3, 2, 0",00000001,Element Phial,00000000,0,003C,0046,0078,0046,001E,0000,0000,0000,60,70,120,70,30,0,0,0032,5,0000,6,0000,7,0000,8,60,70,120,70,30,0,0,,,2932DD00,00000000,00000000,00000000,0003,0000,0000,0000,Power Prolonger,3,,
0000001E,30,00000006,00000006,6,00000000,00000000,00000000,00000000,00000000,00000000,00000000,0000001D,00000000,00000000,00000000,00000000,00000000,29,1613D0F3-30E6-4503-90FD-EE870975B46C,Olacha-of-the-Waves,7D46CDC6-7948-416A-90DD-6F7566DDD360,00000022,34,00004E20,"20,000z",0000000B,8,00F0,240,0000,0,FFF1,-15%,00000002,WATER,00000019,25,00000000,00000000,00000003,00000002,00000001,"3, 2, 1",00000001,Element Phial,00000000,0,003C,003C,0064,0046,003C,0000,0000,0000,60,60,100,70,60,0,0,000A,5,0028,6,0000,7,0000,8,60,60,100,70,60,0,0,,,2932DD00,00000000,00000000,00000000,0003,0000,0000,0000,Power Prolonger,3,,
0000001F,31,00000006,0000000A,10,00000000,00000000,00000000,00000000,00000000,00000000,00000000,0000001E,00000000,00000000,00000000,00000000,00000000,30,110940DC-113A-4789-AD3C-33F262DA40F9,Windsunder Axe I,3B1203E0-CA91-4F34-BB8B-CB05100C4620,0000000D,13,000005DC,"1,500z",00000010,3,008C,140,0000,0,0000,0%,00000003,ICE,0000000C,12,00000000,00000000,00000000,00000000,00000000,"0, 0, 0",00000001,Element Phial,00000000,0,0032,003C,0046,0046,0000,0000,0000,0000,50,60,70,70,0,0,0,0032,4,0000,5,0000,6,0000,7,50,60,70,70,0,0,0,,,EF1CAA60,17F9A780,00000000,00000000,0002,0001,0000,0000,Focus,2,Airborne,1
00000020,32,00000006,0000000A,10,00000000,00000000,00000000,00000000,00000000,00000000,00000000,0000001F,00000000,00000000,00000000,00000000,00000000,31,47FD721A-C4D6-41D0-AFFE-8E2C508A9387,Windsunder Axe II,F2C46FAF-30D7-4133-B792-48BED222581C,0000000E,14,00001388,"5,000z",0000000E,5,00AA,170,0000,0,0000,0%,00000003,ICE,0000000F,15,00000000,00000000,00000002,00000001,00000000,"2, 1, 0",00000001,Element Phial,00000000,0,0032,0032,0046,005A,0028,0000,0000,0000,50,50,70,90,40,0,0,0032,5,0000,6,0000,7,0000,8,50,50,70,90,40,0,0,,,EF1CAA60,17F9A780,00000000,00000000,0002,0001,0000,0000,Focus,2,Airborne,1
00000021,33,00000006,0000000A,10,00000000,00000000,00000000,00000000,00000000,00000000,00000000,00000020,00000000,00000000,00000000,00000000,00000000,32,91279EC8-1251-4ECB-95B6-DFD0651AC8DF,Windsunder Axe III,2E5F4137-BF2E-4646-920B-2B4310A48DA4,0000000F,15,000036B0,"14,000z",0000000C,7,00C8,200,0000,0,0000,0%,00000003,ICE,00000011,17,00000000,00000000,00000003,00000002,00000000,"3, 2, 0",00000001,Element Phial,00000000,0,0032,0032,0032,001E,0082,0028,0000,0000,50,50,50,30,130,40,0,0032,6,0000,7,0000,8,0000,9,50,50,50,30,130,40,0,,,EF1CAA60,17F9A780,00000000,00000000,0003,0001,0000,0000,Focus,3,Airborne,1
00000022,34,00000006,0000000A,10,00000000,00000000,00000000,00000000,00000000,00000000,00000000,00000021,00000000,00000000,00000000,00000000,00000000,33,C4B9A988-2D94-49AB-9C96-A109830536F5,Windsunder Sakibami,80D65B0A-F417-4DC0-B0CE-965170829DBD,00000010,16,00004E20,"20,000z",0000000B,8,00DC,220,0000,0,0000,0%,00000003,ICE,00000014,20,00000000,00000000,00000003,00000002,00000001,"3, 2, 1",00000001,Element Phial,00000000,0,0032,0032,0032,001E,006E,003C,0000,0000,50,50,50,30,110,60,0,0032,6,0000,7,0000,8,0000,9,50,50,50,30,110,60,0,,,EF1CAA60,17F9A780,00000000,00000000,0003,0001,0000,0000,Focus,3,Airborne,1
00000023,35,00000006,0000000B,11,00000000,00000000,00000000,00000000,00000000,00000000,00000000,00000022,00000000,00000000,00000000,00000000,00000000,34,0499536F-9FEE-452D-8656-19C55B692FC6,Nu Zhangyu I,1E8450E2-6693-4A33-9C05-8846314B2EA9,00000019,25,00000A28,"2,600z",0000000F,4,00AA,170,0000,0,FFF1,-15%,00000001,FIRE,0000000C,12,00000000,00000000,00000001,00000000,00000000,"1, 0, 0",00000000,Power Phial,00000000,0,0064,0014,0046,003C,0000,0000,0000,0000,100,20,70,60,0,0,0,0032,4,0000,5,0000,6,0000,7,100,20,70,60,0,0,0,,,8B1BBD80,00000000,00000000,00000000,0002,0000,0000,0000,Rapid Morph,2,,
00000024,36,00000006,0000000B,11,00000000,00000000,00000000,00000000,00000000,00000000,00000000,00000023,00000000,00000000,00000000,00000000,00000000,35,CB305DE6-D600-45B4-BED0-ED2CCB1AC6B3,Nu Zhangyu II,A1566988-779E-4A26-8A9F-72A024C7529E,0000001A,26,000036B0,"14,000z",0000000C,7,00C8,200,0000,0,FFF1,-15%,00000001,FIRE,00000011,17,00000000,00000000,00000003,00000002,00000000,"3, 2, 0",00000000,Power Phial,00000000,0,0064,0014,005A,0046,0046,0000,0000,0000,100,20,90,70,70,0,0,0032,5,0000,6,0000,7,0000,8,100,20,90,70,70,0,0,,,8B1BBD80,00000000,00000000,00000000,0003,0000,0000,0000,Rapid Morph,3,,
00000025,37,00000006,0000000B,11,00000000,00000000,00000000,00000000,00000000,00000000,00000000,00000024,00000000,00000000,00000000,00000000,00000000,36,ACAFB0A1-559B-45AD-8E33-D1BC420ECD2B,Abaddonian Zhangyu,FB88A86F-9EAF-433E-A74C-9C24C3095FC4,0000001B,27,00004E20,"20,000z",0000000B,8,00DC,220,0000,0,FFF1,-15%,00000001,FIRE,00000014,20,00000000,00000000,00000003,00000002,00000001,"3, 2, 1",00000000,Power Phial,00000000,0,0064,0014,005A,0032,0032,0028,0000,0000,100,20,90,50,50,40,0,0032,6,0000,7,0000,8,0000,9,100,20,90,50,50,40,0,,,8B1BBD80,00000000,00000000,00000000,0003,0000,0000,0000,Rapid Morph,3,,
00000026,38,00000006,000186A1,100001,00000000,00000000,00000000,00000000,00000000,00000000,00000000,00000025,00000000,00000000,00000000,00000000,00000000,37,1FEC50C8-3C72-4662-AAA3-8853A947D678,Dosha Gorehacker I,528A29C8-17E3-4202-8406-74F000ED9176,0000002C,44,00000A28,"2,600z",0000000F,4,00B4,180,0000,0,FFF1,-15%,00000000,-,00000000,0,00000000,00000000,00000001,00000000,00000000,"1, 0, 0",00000002,Dragon Phial,00000020,32,0014,0046,0078,0028,0000,0000,0000,0000,20,70,120,40,0,0,0,0032,4,0000,5,0000,6,0000,7,20,70,120,40,0,0,0,,,EF1CAA60,00000000,00000000,00000000,0002,0000,0000,0000,Focus,2,,
00000027,39,00000006,000186A1,100001,00000000,00000000,00000000,00000000,00000000,00000000,00000000,00000026,00000000,00000000,00000000,00000000,00000000,38,6EFA5637-998B-4761-ADE7-A8ABE13756A1,Dosha Gorehacker II,C62EE5B6-0331-4555-900E-292B05433248,0000002D,45,00002710,"10,000z",0000000D,6,00DC,220,0000,0,FFF1,-15%,00000000,-,00000000,0,00000000,00000000,00000002,00000002,00000000,"2, 2, 0",00000002,Dragon Phial,00000024,36,0028,005A,006E,003C,0000,0000,0000,0000,40,90,110,60,0,0,0,0032,4,0000,5,0000,6,0000,7,40,90,110,60,0,0,0,,,EF1CAA60,00000000,00000000,00000000,0002,0000,0000,0000,Focus,2,,
00000028,40,00000006,000186A1,100001,00000000,00000000,00000000,00000000,00000000,00000000,00000000,00000027,00000000,00000000,00000000,00000000,00000000,39,995313CE-4DF8-4CDE-9B67-F06F968E38AA,Gorehacker Urgahaac,22791EB1-CD14-43C7-9E3D-1D5337A7773A,0000002E,46,00004E20,"20,000z",0000000B,8,00FA,250,0000,0,FFF1,-15%,00000000,-,00000000,0,00000000,00000000,00000003,00000003,00000001,"3, 3, 1",00000002,Dragon Phial,00000028,40,0028,003C,0064,005A,003C,0000,0000,0000,40,60,100,90,60,0,0,000A,5,0028,6,0000,7,0000,8,40,60,100,90,60,0,0,,,EF1CAA60,00000000,00000000,00000000,0002,0000,0000,0000,Focus,2,,
00000029,41,00000006,000186A0,100000,00000000,00000000,00000000,00000000,00000000,00000000,00000000,00000028,00000000,00000000,00000000,00000000,00000000,40,C8DB3E44-C2B5-43D2-B20D-101694AFED1E,Albirath Flamesplitter I,2A60D070-F904-4DCD-A101-424B192C111F,00000006,6,00000A28,"2,600z",0000000F,4,00A0,160,0000,0,000F,15%,00000001,FIRE,0000000E,14,00000000,00000000,00000001,00000000,00000000,"1, 0, 0",00000001,Element Phial,00000000,0,0032,005A,003C,0032,0000,0000,0000,0000,50,90,60,50,0,0,0,0032,4,0000,5,0000,6,0000,7,50,90,60,50,0,0,0,,,52D79300,12B121E0,00000000,00000000,0001,0001,0000,0000,Master's Touch,1,Critical Element,1
0000002A,42,00000006,000186A0,100000,00000000,00000000,00000000,00000000,00000000,00000000,00000000,00000029,00000000,00000000,00000000,00000000,00000000,41,3B513FA5-7DC5-417A-BC2C-6E0DAED6AA91,Albirath Flamesplitter II,987F664C-3D4F-46ED-ADAC-2461E48528CB,00000007,7,00002710,"10,000z",0000000D,6,00B4,180,0000,0,000F,15%,00000001,FIRE,00000011,17,00000000,00000000,00000002,00000001,00000000,"2, 1, 0",00000001,Element Phial,00000000,0,0032,0064,0032,0032,0032,0000,0000,0000,50,100,50,50,50,0,0,0014,5,001E,6,0000,7,0000,8,50,100,50,50,50,0,0,,,52D79300,12B121E0,00000000,00000000,0001,0001,0000,0000,Master's Touch,1,Critical Element,1
0000002B,43,00000006,000186A0,100000,00000000,00000000,00000000,00000000,00000000,00000000,00000000,0000002A,00000000,00000000,00000000,00000000,00000000,42,CF4D952A-9CA2-4DEE-863F-6CEDB46ED90B,Albirath Blaze Splitter,60E28A0C-0D5E-41A9-ADF2-AF83B5BE9EE6,00000008,8,00004E20,"20,000z",0000000B,8,00D2,210,0000,0,000F,15%,00000001,FIRE,00000014,20,00000000,00000000,00000003,00000002,00000001,"3, 2, 1",00000001,Element Phial,00000000,0,0032,0082,0032,0032,0028,001E,0000,0000,50,130,50,50,40,30,0,0032,6,0000,7,0000,8,0000,9,50,130,50,50,40,30,0,,,52D79300,12B121E0,00000000,00000000,0001,0001,0000,0000,Master's Touch,1,Critical Element,1
0000002C,44,00000006,00000013,19,00000000,00000000,00000000,00000000,00000000,00000000,00000000,0000002B,00000000,00000000,00000000,00000000,00000000,43,815A4F78-1E2B-4BF2-8BC0-6E43E972E0A1,Nihil Switch Axe I,750D0271-180C-407B-839E-8ED35B9CAB96,00000011,17,00000A28,"2,600z",0000000F,4,00A0,160,0000,0,0000,0%,00000002,WATER,0000000C,12,00000000,00000000,00000001,00000000,00000000,"1, 0, 0",00000000,Power Phial,00000000,0,0014,006E,0028,0050,0000,0000,0000,0000,20,110,40,80,0,0,0,0032,4,0000,5,0000,6,0000,7,20,110,40,80,0,0,0,,,2932DD00,00000000,00000000,00000000,0002,0000,0000,0000,Power Prolonger,2,,
0000002D,45,00000006,00000013,19,00000000,00000000,00000000,00000000,00000000,00000000,00000000,0000002C,00000000,00000000,00000000,00000000,00000000,44,882E4B4F-5B26-4507-9B44-5460C87793C4,Nihil Switch Axe II,ACF27432-277C-46D6-B5F0-07A59A929624,00000012,18,00002710,"10,000z",0000000D,6,00BE,190,0000,0,0000,0%,00000002,WATER,0000000F,15,00000000,00000000,00000002,00000001,00000000,"2, 1, 0",00000000,Power Phial,00000000,0,0014,006E,0032,003C,003C,0000,0000,0000,20,110,50,60,60,0,0,0032,5,0000,6,0000,7,0000,8,20,110,50,60,60,0,0,,,2932DD00,00000000,00000000,00000000,0003,0000,0000,0000,Power Prolonger,3,,
0000002E,46,00000006,00000013,19,00000000,00000000,00000000,00000000,00000000,00000000,00000000,0000002D,00000000,00000000,00000000,00000000,00000000,45,F2F3FB6F-B61A-433E-87E0-6558BE6B016B,Brutus's Abolishment,CE786E13-202D-40B9-B830-91073FE7D0F4,00000013,19,00004E20,"20,000z",0000000B,8,00D2,210,0000,0,0000,0%,00000002,WATER,00000012,18,00000000,00000000,00000003,00000002,00000001,"3, 2, 1",00000000,Power Phial,00000000,0,0014,006E,0032,0032,0028,0050,0000,0000,20,110,50,50,40,80,0,0032,6,0000,7,0000,8,0000,9,20,110,50,50,40,80,0,,,2932DD00,00000000,00000000,00000000,0003,0000,0000,0000,Power Prolonger,3,,
0000002F,47,00000006,00000011,17,00000000,00000000,00000000,00000000,00000000,00000000,00000000,0000002E,00000000,00000000,00000000,00000000,00000000,46,673A62A6-6CD8-4CBA-AFDD-1CD8C1D6C1DA,G. Veldian Securis I,601F3C1F-1EE1-45C5-A352-B6812EE6D881,00000027,39,00000A28,"2,600z",0000000F,4,00AA,170,0000,0,FFF6,-10%,00000005,DRAGON,0000000C,12,00000000,00000000,00000001,00000001,00000000,"1, 1, 0",00000000,Power Phial,00000000,0,0064,001E,0050,0028,0000,0000,0000,0000,100,30,80,40,0,0,0,0032,4,0000,5,0000,6,0000,7,100,30,80,40,0,0,0,,,EF1CAA60,00000000,00000000,00000000,0002,0000,0000,0000,Focus,2,,
00000030,48,00000006,00000011,17,00000000,00000000,00000000,00000000,00000000,00000000,00000000,0000002F,00000000,00000000,00000000,00000000,00000000,47,2C8172FF-A671-459E-B058-499304752A1A,G. Veldian Securis II,307865F8-022B-45FB-8E8B-778608EFD367,00000028,40,00002710,"10,000z",0000000D,6,00D2,210,0000,0,FFF6,-10%,00000005,DRAGON,0000000F,15,00000000,00000000,00000002,00000002,00000000,"2, 2, 0",00000000,Power Phial,00000000,0,0064,003C,0050,003C,0000,0000,0000,0000,100,60,80,60,0,0,0,000A,4,0028,5,0000,6,0000,7,100,60,80,60,0,0,0,,,EF1CAA60,00000000,00000000,00000000,0002,0000,0000,0000,Focus,2,,
00000031,49,00000006,00000011,17,00000000,00000000,00000000,00000000,00000000,00000000,00000000,00000030,00000000,00000000,00000000,00000000,00000000,48,BEFAA453-7901-43F1-9614-3744AF368E10,G. Indomitable Perceval,BDA13CFC-B6AE-4F30-8521-FED35E87FCCE,00000029,41,00004E20,"20,000z",0000000B,8,00E6,230,0000,0,FFF6,-10%,00000005,DRAGON,00000012,18,00000000,00000000,00000003,00000003,00000001,"3, 3, 1",00000000,Power Phial,00000000,0,0064,0046,0032,0046,003C,0000,0000,0000,100,70,50,70,60,0,0,000A,5,0028,6,0000,7,0000,8,100,70,50,70,60,0,0,,,EF1CAA60,00000000,00000000,00000000,0002,0000,0000,0000,Focus,2,,
00000032,50,00000006,0000000D,13,00000000,00000000,00000000,00000000,00000000,00000000,00000000,00000031,00000000,00000000,00000000,00000000,00000000,49,67117B81-684C-43AC-BD19-BEA12E5D576E,Beak Axe I,B5B15428-D858-4A55-956D-A697AC8105DE,00000034,52,00000FA0,"4,000z",0000000E,5,00B4,180,0000,0,0000,0%,00000001,FIRE,0000001A,26,00000000,00000000,00000002,00000001,00000000,"2, 1, 0",00000001,Element Phial,00000000,0,005A,0064,0032,003C,0000,0000,0000,0000,90,100,50,60,0,0,0,0014,4,001E,5,0000,6,0000,7,90,100,50,60,0,0,0,,,2932DD00,00000000,00000000,00000000,0002,0000,0000,0000,Power Prolonger,2,,
00000033,51,00000006,0000000D,13,00000000,00000000,00000000,00000000,00000000,00000000,00000000,00000032,00000000,00000000,00000000,00000000,00000000,50,7B94223A-872D-456F-8832-35B02F3043B6,Beak Axe II,65ABA97D-C853-4EC2-9D42-565D03D8EE51,00000035,53,000036B0,"14,000z",0000000C,7,00D2,210,0000,0,0000,0%,00000001,FIRE,00000020,32,00000000,00000000,00000003,00000002,00000000,"3, 2, 0",00000001,Element Phial,00000000,0,0064,006E,001E,0046,0028,0000,0000,0000,100,110,30,70,40,0,0,0014,5,001E,6,0000,7,0000,8,100,110,30,70,40,0,0,,,2932DD00,00000000,00000000,00000000,0003,0000,0000,0000,Power Prolonger,3,,
00000034,52,00000006,0000000D,13,00000000,00000000,00000000,00000000,00000000,00000000,00000000,00000033,00000000,00000000,00000000,00000000,00000000,51,3AB63F9A-4D74-40FB-A07D-715029660A01,Sawbill Axe,5D67CAA3-E27E-4D9F-A4A9-CA822C3E8435,00000036,54,00004E20,"20,000z",0000000B,8,00DC,220,0000,0,0000,0%,00000001,FIRE,00000023,35,00000000,00000000,00000003,00000002,00000001,"3, 2, 1",00000001,Element Phial,00000000,0,0064,0078,0014,003C,0032,0000,0000,0000,100,120,20,60,50,0,0,0000,5,0032,6,0000,7,0000,8,100,120,20,60,50,0,0,,,2932DD00,00000000,00000000,00000000,0003,0000,0000,0000,Power Prolonger,3,,
00000035,53,00000006,00000007,7,00000000,00000000,00000000,00000000,00000000,00000000,00000000,00000034,00000000,00000000,00000000,00000000,00000000,52,43A92639-D25D-40A6-9505-789571ED0E32,Dragonmaiden Axe I,52C4E1DA-A64F-43D1-8042-B425D6052732,00000039,57,00001388,"5,000z",0000000E,5,00A0,160,0000,0,000F,15%,00000006,POISON,0000000C,12,00000000,00000000,00000002,00000001,00000000,"2, 1, 0",00000001,Element Phial,00000000,0,0032,0046,0028,005A,0032,0000,0000,0000,50,70,40,90,50,0,0,0032,5,0000,6,0000,7,0000,8,50,70,40,90,50,0,0,,,F5EE7100,9EDDD500,00000000,00000000,0002,0001,0000,0000,Critical Status,2,Poison Duration Up,1
00000036,54,00000006,00000007,7,00000000,00000000,00000000,00000000,00000000,00000000,00000000,00000035,00000000,00000000,00000000,00000000,00000000,53,10A4BA4A-B310-424B-A834-EACF8D8E466F,Dragonmaiden Axe II,92447BEB-2F1F-42B7-8B74-41C1885B5F24,0000003A,58,000036B0,"14,000z",0000000C,7,00BE,190,0000,0,000F,15%,00000006,POISON,0000000F,15,00000000,00000000,00000003,00000002,00000000,"3, 2, 0",00000001,Element Phial,00000000,0,0028,0050,0028,006E,001E,0032,0000,0000,40,80,40,110,30,50,0,0032,6,0000,7,0000,8,0000,9,40,80,40,110,30,50,0,,,F5EE7100,9EDDD500,00000000,00000000,0003,0001,0000,0000,Critical Status,3,Poison Duration Up,1
00000037,55,00000006,00000007,7,00000000,00000000,00000000,00000000,00000000,00000000,00000000,00000036,00000000,00000000,00000000,00000000,00000000,54,F640903B-9CE2-4222-A954-A0F7A5477480,Gríðr's Landmaker,6944545F-5F4F-4474-9D80-835FF083DB0C,0000003B,59,00004E20,"20,000z",0000000B,8,00D2,210,0000,0,000F,15%,00000006,POISON,00000012,18,00000000,00000000,00000003,00000002,00000001,"3, 2, 1",00000001,Element Phial,00000000,0,0028,0050,001E,0064,001E,0046,0000,0000,40,80,30,100,30,70,0,0032,6,0000,7,0000,8,0000,9,40,80,30,100,30,70,0,,,F5EE7100,9EDDD500,00000000,00000000,0003,0001,0000,0000,Critical Status,3,Poison Duration Up,1
00000038,56,00000006,000186A2,100002,00000000,00000000,00000000,00000000,00000000,00000000,00000000,00000037,00000000,00000000,00000000,00000000,00000000,55,A2031914-9E5E-40EE-9162-C17FC6BE46FB,Morphing Fulgur I,3E5796FD-1FEB-485A-A31C-644CEEAE1890,00000037,55,00002710,"10,000z",0000000D,6,00B4,180,0000,0,000F,15%,00000004,THUNDER,00000015,21,00000000,00000000,00000002,00000001,00000000,"2, 1, 0",00000001,Element Phial,00000000,0,0028,0064,0064,003C,0000,0000,0000,0000,40,100,100,60,0,0,0,000A,4,0028,5,0000,6,0000,7,40,100,100,60,0,0,0,,,12B121E0,00000000,00000000,00000000,0003,0000,0000,0000,Critical Element,3,,
00000039,57,00000006,000186A2,100002,00000000,00000000,00000000,00000000,00000000,00000000,00000000,00000038,00000000,00000000,00000000,00000000,00000000,56,0C90A338-B5E2-43E7-9032-888C62DDF1A3,Fulgurswitch Guardiana,3B65585B-18EE-4682-B679-9BC23EC3DD7E,00000038,56,00004E20,"20,000z",0000000B,8,00D2,210,0000,0,000F,15%,00000004,THUNDER,00000019,25,00000000,00000000,00000003,00000002,00000001,"3, 2, 1",00000001,Element Phial,00000000,0,0028,005A,0078,0028,003C,0000,0000,0000,40,90,120,40,60,0,0,0000,5,0032,6,0000,7,0000,8,40,90,120,40,60,0,0,,,12B121E0,00000000,00000000,00000000,0003,0000,0000,0000,Critical Element,3,,
0000003A,58,00000006,00000008,8,00000000,00000000,00000000,00000000,00000000,00000000,00000000,0000003B,00000000,00000000,00000000,00000000,00000000,59,1A5D9BA6-58B5-4EA9-8CFD-B5CE57224B2B,Rath Flamesplitter I,486B7B38-B341-4F09-A64B-83CA246DD753,0000003C,60,00002710,"10,000z",0000000D,6,00B4,180,0000,0,000A,10%,00000001,FIRE,00000015,21,00000000,00000000,00000002,00000001,00000000,"2, 1, 0",00000000,Power Phial,00000000,0,0064,0046,0028,001E,003C,0000,0000,0000,100,70,40,30,60,0,0,0032,5,0000,6,0000,7,0000,8,100,70,40,30,60,0,0,,,A02B7A00,00000000,00000000,00000000,0003,0000,0000,0000,Critical Boost,3,,
0000003B,59,00000006,00000008,8,00000000,00000000,00000000,00000000,00000000,00000000,00000000,0000003C,00000000,00000000,00000000,00000000,00000000,60,0A36C102-9EEA-42C6-988A-51B1A5488FCB,Rath Blaze Splitter,AD7306D2-CD95-461D-9845-5716F63011C5,0000003D,61,00004E20,"20,000z",0000000B,8,00C8,200,0000,0,000A,10%,00000001,FIRE,00000019,25,00000000,00000000,00000003,00000002,00000001,"3, 2, 1",00000000,Power Phial,00000000,0,0064,0046,0032,0028,0028,0032,0000,0000,100,70,50,40,40,50,0,0032,6,0000,7,0000,8,0000,9,100,70,50,40,40,50,0,,,A02B7A00,00000000,00000000,00000000,0003,0000,0000,0000,Critical Boost,3,,
0000003C,60,00000006,00000009,9,00000000,00000000,00000000,00000000,00000000,00000000,00000000,0000003D,00000000,00000000,00000000,00000000,00000000,61,D7CC82D8-2BBD-49E6-B207-6B44C7FF403C,Eisenleib I,78AB6A6C-8348-476D-9CBA-0257AC9D8C49,0000003E,62,000036B0,"14,000z",0000000C,7,00B4,180,0000,0,0014,20%,00000005,DRAGON,00000010,16,00000000,00000000,00000003,00000002,00000000,"3, 2, 0",00000000,Power Phial,00000000,0,0032,0050,0050,003C,001E,0032,0000,0000,50,80,80,60,30,50,0,0032,6,0000,7,0000,8,0000,9,50,80,80,60,30,50,0,,,12B121E0,00000000,00000000,00000000,0003,0000,0000,0000,Critical Element,3,,
0000003D,61,00000006,00000009,9,00000000,00000000,00000000,00000000,00000000,00000000,00000000,0000003E,00000000,00000000,00000000,00000000,00000000,62,87EE0319-2076-47FD-A210-2BE7F13CDD76,Eisengeist,998ADB88-05EC-460F-9192-C3C7D3A36295,0000003F,63,00004E20,"20,000z",0000000B,8,00C8,200,0000,0,0014,20%,00000005,DRAGON,00000014,20,00000000,00000000,00000003,00000002,00000001,"3, 2, 1",00000000,Power Phial,00000000,0,0032,0032,005A,0032,001E,0050,0000,0000,50,50,90,50,30,80,0,0032,6,0000,7,0000,8,0000,9,50,50,90,50,30,80,0,,,12B121E0,00000000,00000000,00000000,0003,0000,0000,0000,Critical Element,3,,
0000003E,62,00000006,00000016,22,00000000,00000000,00000000,00000000,00000000,00000000,00000000,0000003F,00000000,00000000,00000000,00000000,00000000,63,6795B9C9-24DF-40BA-9FF9-5056133A708B,Veldian Securis I,4F4E44D7-D16E-46BC-91A9-124696EA0768,0000002A,42,000036B0,"14,000z",0000000C,7,00C8,200,0000,0,0000,0%,00000005,DRAGON,00000016,22,00000000,00000000,00000003,00000002,00000000,"3, 2, 0",00000001,Element Phial,00000000,0,0032,0032,0032,0050,0050,0028,0000,0000,50,50,50,80,80,40,0,0032,6,0000,7,0000,8,0000,9,50,50,50,80,80,40,0,,,EF1CAA60,00000000,00000000,00000000,0003,0000,0000,0000,Focus,3,,
00000040,64,00000006,000186A3,100003,00000000,00000000,00000000,00000000,00000000,00000000,00000000,00000040,00000000,00000000,00000000,00000000,00000000,64,F9468B08-033E-4B49-88B1-827F93D447D4,Artian Saw I,E1AF2507-7A43-4D16-A7A9-D6ABC44D4EF8,00000064,100,00000028,40z,0000000D,6,00AA,170,0000,0,0005,5%,00000000,-,00000016,22,00000000,00000000,00000002,00000002,00000002,"2, 2, 2",00000002,Dragon Phial,0000000C,12,0050,0028,003C,0050,0028,0000,0000,0000,80,40,60,80,40,0,0,0014,5,001E,6,0000,7,0000,8,80,40,60,80,40,0,0,,,00000000,00000000,00000000,00000000,0000,0000,0000,0000,,,,
00000041,65,00000006,000186A3,100003,00000000,00000000,00000000,00000000,00000000,00000000,00000000,00000041,00000000,00000000,00000000,00000000,00000000,65,B5C67479-729A-4CC8-80CA-A03B13BB26D2,Artian Saw II,00A8B594-E194-4F9E-B29D-75540FF55557,00000065,101,00000064,100z,0000000C,7,00B4,180,0000,0,0005,5%,00000000,-,00000016,22,00000000,00000000,00000002,00000002,00000002,"2, 2, 2",00000002,Dragon Phial,0000000C,12,0050,0028,003C,0050,0046,0014,0000,0000,80,40,60,80,70,20,0,0032,6,0000,7,0000,8,0000,9,80,40,60,80,70,20,0,,,00000000,00000000,00000000,00000000,0000,0000,0000,0000,,,,
00000042,66,00000006,000186A3,100003,00000000,00000000,00000000,00000000,00000000,00000000,00000000,00000042,00000000,00000000,00000000,00000000,00000000,66,BB2CC2E9-EF4B-4E31-89CA-5CD46688A9CC,Mundus Altus,547BA57C-9B72-4C9F-BA2F-D54E16D88072,00000066,102,000000C8,200z,0000000B,8,00BE,190,0000,0,0005,5%,00000000,-,0000001A,26,00000000,00000000,00000003,00000003,00000003,"3, 3, 3",00000002,Dragon Phial,00000016,22,0050,0028,003C,0050,0046,0014,0000,0000,80,40,60,80,70,20,0,0032,6,0000,7,0000,8,0000,9,80,40,60,80,70,20,0,,,00000000,00000000,00000000,00000000,0000,0000,0000,0000,,,,
00000005,5,00000006,00000000,0,00000000,00000000,00000000,00000000,00000000,00000000,00000000,00000043,00000000,00000000,00000000,00000000,00000000,67,53265417-D7FB-4560-9F4F-E68500733B86,Esperanza Axe,07A9879F-CC2C-4052-9CF0-85ABCEDAEC94,00000005,5,00004E20,"20,000z",0000000B,8,00D2,210,0000,0,0000,0%,00000000,-,00000000,0,00000000,00000000,00000003,00000002,00000001,"3, 2, 1",00000000,Power Phial,00000000,0,0032,003C,0032,003C,0028,005A,0000,0000,50,60,50,60,40,90,0,0032,6,0000,7,0000,8,0000,9,50,60,50,60,40,90,0,,,561FF780,830A1C00,00000000,00000000,0002,0002,0000,0000,Speed Sharpening,2,Critical Eye,2
0000001A,26,00000006,00000005,5,00000000,00000000,00000000,00000000,00000000,00000000,00000000,00000044,00000000,00000000,00000000,00000000,00000000,68,EA7B7711-F186-444F-B4B2-7D0037FDEB25,Fleshhacker Yaogahaac,B3458590-616B-475B-9A62-01EA8A18C28A,00000026,38,00004E20,"20,000z",0000000B,8,00E6,230,0014,20,FFFB,-5%,00000000,-,00000000,0,00000000,00000000,00000003,00000002,00000001,"3, 2, 1",00000000,Power Phial,00000000,0,0032,0064,0064,0032,0032,0000,0000,0000,50,100,100,50,50,0,0,0000,5,0032,6,0000,7,0000,8,50,100,100,50,50,0,0,,,2932DD00,00000000,00000000,00000000,0003,0000,0000,0000,Power Prolonger,3,,
0000003F,63,00000006,00000016,22,00000000,00000000,00000000,00000000,00000000,00000000,00000000,00000045,00000000,00000000,00000000,00000000,00000000,69,80AF0904-83B6-4ED7-9B91-BC0F7F70B8E7,Indomitable Perceval,22401974-73FF-4788-BD52-E8AB23654FBE,0000002B,43,00004E20,"20,000z",0000000B,8,00DC,220,0000,0,0000,0%,00000005,DRAGON,00000019,25,00000000,00000000,00000003,00000002,00000001,"3, 2, 1",00000001,Element Phial,00000000,0,0032,0032,0032,0046,0046,003C,0000,0000,50,50,50,70,70,60,0,0032,6,0000,7,0000,8,0000,9,50,50,50,70,70,60,0,,,EF1CAA60,00000000,00000000,00000000,0003,0000,0000,0000,Focus,3,,