Index Raw,Index,Type Raw,Type,Model ID Raw,Model ID,Custom Model ID Raw,Custom Model ID,SnS ID Raw,ID,Name Raw,Name,Description Raw,Description,Sort ID Raw,Sort ID,Price Raw,Price,Rarity Raw,Rarity,Attack Raw,Attack,Defense Raw,Defense,Affinity Raw,Affinity,Element 1 Raw,Attribute,Element 1 Value Raw,Attribute Value,Element 2 Raw,Element 2 Value Raw,Slot 1 Raw,Slot 2 Raw,Slot 3 Raw,Slots,Sharpness 0 Raw,Sharpness 1 Raw,Sharpness 2 Raw,Sharpness 3 Raw,Sharpness 4 Raw,Sharpness 5 Raw,Sharpness 6 Raw,Sharpness 7 Raw,Red Sharpness,Orange Sharpness,Yellow Sharpness,Green Sharpness,Blue Sharpness,White Sharpness,Purple Sharpness,Handicraft 0 Raw,Handicraft 0 Lv,Handicraft 1 Raw,Handicraft 1 Lv,Handicraft 2 Raw,Handicraft 2 Lv,Handicraft 3 Raw,Handicraft 3 Lv,Red Sharpness +1,Orange Sharpness +1,Yellow Sharpness +1,Green Sharpness +1,Blue Sharpness +1,White Sharpness +1,Purple Sharpness +1,Sharpness Bar,Sharpness Bar (Handicraft),Skill 0 Raw,Skill 1 Raw,Skill 2 Raw,Skill 3 Raw,Skill 0 Lv Raw,Skill 1 Lv Raw,Skill 2 Lv Raw,Skill 3 Lv Raw,Skill 1,Skill 1 Lv,Skill 2,Skill 2 Lv
00000000,0,0000000D,Sword & Shield,00000007,7,00000000,0,00000001,1,F15B9AE1-D05B-4A20-9E4E-DFF7590BF64D,Hope Sword I,46EF2454-8690-4A05-855B-D592471B6E1B,#REF!,00000000,0,000000C8,200z,00000012,1,005A,90,0000,0,0000,0%,00000000,-,00000000,0,00000000,00000000,00000000,00000000,00000000,"0, 0, 0",0032,0032,0028,003C,0000,0000,0000,0000,50,50,40,60,0,0,0,0032,4,0000,5,0000,6,0000,7,50,50,40,60,0,0,0,,,00000000,00000000,00000000,00000000,0000,0000,0000,0000,,,,
00000001,1,0000000D,Sword & Shield,00000007,7,00000000,0,00000002,2,0E1CA8EE-8AB8-407F-9B74-797651F8DB26,Hope Sword II,AF3403A1-864B-4FB9-BFE6-076F2013F965,#REF!,00000001,1,000001F4,500z,00000012,1,0064,100,0000,0,0000,0%,00000000,-,00000000,0,00000000,00000000,00000000,00000000,00000000,"0, 0, 0",0028,0032,0028,0046,0000,0000,0000,0000,40,50,40,70,0,0,0,0032,4,0000,5,0000,6,0000,7,40,50,40,70,0,0,0,,,561FF780,00000000,00000000,00000000,0001,0000,0000,0000,Speed Sharpening,1,,
00000002,2,0000000D,Sword & Shield,00000007,7,00000000,0,00000003,3,26D5EBA4-CD25-4999-B953-74AFF63049C4,Hope Sword III,33E502FC-FA11-4BE7-A8AD-6E1B2C82831B,#REF!,00000002,2,000005DC,"1,500z",00000010,3,0082,130,0000,0,0000,0%,00000000,-,00000000,0,00000000,00000000,00000000,00000000,00000000,"0, 0, 0",0032,003C,0032,005A,0000,0000,0000,0000,50,60,50,90,0,0,0,0032,4,0000,5,0000,6,0000,7,50,60,50,90,0,0,0,,,561FF780,830A1C00,00000000,00000000,0001,0001,0000,0000,Speed Sharpening,1,Critical Eye,1
00000003,3,0000000D,Sword & Shield,00000007,7,00000000,0,00000004,4,19004CD9-5E65-4B42-B1EE-4367A718AD7D,Hope Sword IV,A5A1954D-AFD7-423A-9409-A040D6F7636E,#REF!,00000003,3,00000FA0,"4,000z",0000000E,5,00A0,160,0000,0,0000,0%,00000000,-,00000000,0,00000000,00000000,00000002,00000001,00000000,"2, 1, 0",0032,003C,003C,0046,003C,0000,0000,0000,50,60,60,70,60,0,0,0032,5,0000,6,0000,7,0000,8,50,60,60,70,60,0,0,,,561FF780,830A1C00,00000000,00000000,0002,0001,0000,0000,Speed Sharpening,2,Critical Eye,1
00000004,4,0000000D,Sword & Shield,00000007,7,00000000,0,00000005,5,37FBA6F3-5011-43AF-AA04-FFB931A69EEC,Hope Sword V,8747AB44-7331-49B2-B5CF-D830731494D2,#REF!,00000004,4,000036B0,"14,000z",0000000C,7,00BE,190,0000,0,0000,0%,00000000,-,00000000,0,00000000,00000000,00000003,00000002,00000000,"3, 2, 0",0032,003C,0032,0046,003C,003C,0000,0000,50,60,50,70,60,60,0,0032,6,0000,7,0000,8,0000,9,50,60,50,70,60,60,0,,,561FF780,830A1C00,00000000,00000000,0002,0001,0000,0000,Speed Sharpening,2,Critical Eye,1
00000023,35,0000000D,Sword & Shield,0000000A,10,00000000,0,00000006,6,E7FF4D0F-3622-4531-BB2B-3795CE17117F,Rey Kuara I,CF92B415-DE48-4565-A18E-2D4A094BF39B,#REF!,00000014,20,000007D0,"2,000z",00000010,3,008C,140,0000,0,0000,0%,00000004,THUNDER,0000000C,12,00000000,00000000,00000000,00000000,00000000,"0, 0, 0",000A,000A,008C,005A,0000,0000,0000,0000,10,10,140,90,0,0,0,0032,4,0000,5,0000,6,0000,7,10,10,140,90,0,0,0,,,EDA9B920,F53436B0,00000000,00000000,0001,0001,0000,0000,Guard,1,Offensive Guard,1
00000024,36,0000000D,Sword & Shield,0000000A,10,00000000,0,00000007,7,D165BD21-CCF1-4750-96FC-B8772BD2CFFA,Rey Kuara II,8ED1D950-FC25-44F3-8832-BB9637DB6B99,#REF!,00000015,21,00000FA0,"4,000z",0000000E,5,00AA,170,0000,0,0000,0%,00000004,THUNDER,0000000F,15,00000000,00000000,00000002,00000001,00000000,"2, 1, 0",000A,000A,0078,0064,003C,0000,0000,0000,10,10,120,100,60,0,0,0032,5,0000,6,0000,7,0000,8,10,10,120,100,60,0,0,,,EDA9B920,F53436B0,00000000,00000000,0001,0001,0000,0000,Guard,1,Offensive Guard,1
00000025,37,0000000D,Sword & Shield,0000000A,10,00000000,0,00000008,8,D9304E60-CFB7-43F2-B904-B3BE9C790CCA,Rey Kuara III,909C7627-BAE6-450D-B786-F1227CDF28B4,#REF!,00000016,22,000036B0,"14,000z",0000000C,7,00C8,200,0000,0,0000,0%,00000004,THUNDER,00000011,17,00000000,00000000,00000003,00000002,00000000,"3, 2, 0",000A,000A,006E,0050,0050,003C,0000,0000,10,10,110,80,80,60,0,0032,6,0000,7,0000,8,0000,9,10,10,110,80,80,60,0,,,EDA9B920,F53436B0,00000000,00000000,0002,0001,0000,0000,Guard,2,Offensive Guard,1
00000026,38,0000000D,Sword & Shield,0000000A,10,00000000,0,00000009,9,68FBDB3F-B087-44E8-94CF-A96FC3D0D1BC,Kuara Clairsword,35D9018F-7547-452B-8CC4-9388DA7A6B92,#REF!,00000017,23,00004E20,"20,000z",0000000B,8,00DC,220,0000,0,0000,0%,00000004,THUNDER,00000014,20,00000000,00000000,00000003,00000002,00000001,"3, 2, 1",000A,000A,0064,0046,0046,005A,0000,0000,10,10,100,70,70,90,0,0032,6,0000,7,0000,8,0000,9,10,10,100,70,70,90,0,,,EDA9B920,F53436B0,00000000,00000000,0002,0001,0000,0000,Guard,2,Offensive Guard,1
00000047,71,0000000D,Sword & Shield,0000000D,13,00000000,0,0000000C,12,3861F812-686D-44F6-9812-C2BBB6AD39E6,Sucher-Ankh I,B25C04B3-9093-4F2B-AD9F-6929601D4D6F,#REF!,00000045,69,000036B0,"14,000z",0000000C,7,00B4,180,0000,0,0014,20%,00000005,DRAGON,00000010,16,00000000,00000000,00000003,00000002,00000000,"3, 2, 0",0032,0050,0050,003C,001E,0032,0000,0000,50,80,80,60,30,50,0,0032,6,0000,7,0000,8,0000,9,50,80,80,60,30,50,0,,,12B121E0,00000000,00000000,00000000,0003,0000,0000,0000,Critical Element,3,,
00000048,72,0000000D,Sword & Shield,0000000D,13,00000000,0,0000000D,13,4145A79C-2FCA-4F5A-94B5-5B6C7B94F86E,JÃ¤ger-Ankh,137350E0-1029-4917-B767-BC180B82F629,#REF!,00000046,70,00004E20,"20,000z",0000000B,8,00D2,210,0000,0,0014,20%,00000005,DRAGON,00000014,20,00000000,00000000,00000003,00000002,00000001,"3, 2, 1",0032,0032,005A,0032,001E,0050,0000,0000,50,50,90,50,30,80,0,0032,6,0000,7,0000,8,0000,9,50,50,90,50,30,80,0,,,12B121E0,00000000,00000000,00000000,0003,0000,0000,0000,Critical Element,3,,
00000019,25,0000000D,Sword & Shield,0000001B,27,00000000,0,0000000E,14,FB1A1CDD-3C51-4CA6-9F2D-E39335E3D9CA,Barina Dague I,CA3E90F7-76E6-42C3-8956-47EFB7972D45,#REF!,0000002F,47,000001F4,500z,00000012,1,0064,100,0000,0,000A,10%,00000007,PARALYSIS,0000000A,10,00000000,00000000,00000000,00000000,00000000,"0, 0, 0",0032,0028,0028,0046,0000,0000,0000,0000,50,40,40,70,0,0,0,0032,4,0000,5,0000,6,0000,7,50,40,40,70,0,0,0,,,28EBAB40,00000000,00000000,00000000,0001,0000,0000,0000,Critical Draw,1,,
0000001A,26,0000000D,Sword & Shield,0000001B,27,00000000,0,0000000F,15,2075142B-F62C-41E2-A2CF-64A06A2082AD,Barina Dague II,0F9B1C0D-EC74-430C-A41F-7ACD0948C52B,#REF!,00000030,48,000005DC,"1,500z",00000010,3,0078,120,0000,0,000A,10%,00000007,PARALYSIS,0000000C,12,00000000,00000000,00000000,00000000,00000000,"0, 0, 0",0046,0028,001E,006E,0000,0000,0000,0000,70,40,30,110,0,0,0,0032,4,0000,5,0000,6,0000,7,70,40,30,110,0,0,0,,,28EBAB40,F5EE7100,00000000,00000000,0001,0001,0000,0000,Critical Draw,1,Critical Status,1
0000001B,27,0000000D,Sword & Shield,0000001B,27,00000000,0,00000010,16,C0DC0688-8ABD-4E8E-887F-20360D4C4135,Barina Dague III,47E61B1A-72A0-4863-8FD1-7C3D60B74A4D,#REF!,00000031,49,00000FA0,"4,000z",0000000E,5,0096,150,0000,0,000F,15%,00000007,PARALYSIS,0000000F,15,00000000,00000000,00000002,00000001,00000000,"2, 1, 0",0046,0028,001E,0064,003C,0000,0000,0000,70,40,30,100,60,0,0,0032,5,0000,6,0000,7,0000,8,70,40,30,100,60,0,0,,,28EBAB40,F5EE7100,00000000,00000000,0001,0001,0000,0000,Critical Draw,1,Critical Status,1
0000001C,28,0000000D,Sword & Shield,0000001B,27,00000000,0,00000011,17,69A3FFCE-97D3-46CD-A88C-EDCB878591F7,Barina Dague IV,77F01E2A-DAB8-41A3-8817-D0AF2B362F46,#REF!,00000032,50,000036B0,"14,000z",0000000C,7,00B4,180,0000,0,000F,15%,00000007,PARALYSIS,00000011,17,00000000,00000000,00000003,00000002,00000000,"3, 2, 0",0046,0028,001E,005A,003C,003C,0000,0000,70,40,30,90,60,60,0,0032,6,0000,7,0000,8,0000,9,70,40,30,90,60,60,0,,,28EBAB40,F5EE7100,00000000,00000000,0002,0001,0000,0000,Critical Draw,2,Critical Status,1
0000001D,29,0000000D,Sword & Shield,00000021,33,00000000,0,00000012,18,A7004099-4F3F-4B59-A487-754A0BC3D48F,Lala Acanthopelm,60AF62F3-F8C0-44F3-B83A-5229D57F3C5A,#REF!,00000033,51,00004E20,"20,000z",0000000B,8,00C8,200,0000,0,000F,15%,00000007,PARALYSIS,00000014,20,00000000,00000000,00000003,00000002,00000001,"3, 2, 1",0046,0028,001E,003C,0028,006E,0000,0000,70,40,30,60,40,110,0,0032,6,0000,7,0000,8,0000,9,70,40,30,60,40,110,0,,,28EBAB40,F5EE7100,00000000,00000000,0002,0001,0000,0000,Critical Draw,2,Critical Status,1
00000014,20,0000000D,Sword & Shield,00000002,2,00000000,0,00000013,19,6847EBE3-53F1-403F-9097-928255B8A9FF,Quematrice Cuchillo I,7934966A-438A-4E1A-A645-A823A0B35326,#REF!,00000018,24,000001F4,500z,00000012,1,0064,100,0000,0,0005,5%,00000001,FIRE,0000000A,10,00000000,00000000,00000000,00000000,00000000,"0, 0, 0",0032,0046,0028,0028,0000,0000,0000,0000,50,70,40,40,0,0,0,0032,4,0000,5,0000,6,0000,7,50,70,40,40,0,0,0,,,F53436B0,00000000,00000000,00000000,0001,0000,0000,0000,Offensive Guard,1,,
00000015,21,0000000D,Sword & Shield,00000002,2,00000000,0,00000014,20,16ADD8D8-BC7C-4DC8-AD91-959C02AEC114,Quematrice Cuchillo II,F1721B26-8764-4D5F-B0CF-719633B7EC46,#REF!,00000019,25,000005DC,"1,500z",00000010,3,008C,140,0000,0,0005,5%,00000001,FIRE,0000000C,12,00000000,00000000,00000000,00000000,00000000,"0, 0, 0",0032,0050,0032,0046,0000,0000,0000,0000,50,80,50,70,0,0,0,0032,4,0000,5,0000,6,0000,7,50,80,50,70,0,0,0,,,F53436B0,00000000,00000000,00000000,0002,0000,0000,0000,Offensive Guard,2,,
00000016,22,0000000D,Sword & Shield,00000002,2,00000000,0,00000015,21,D31FEA30-F3E9-47A6-8463-19857B43DCB1,Quematrice Cuchillo III,3EF33EC0-2AF4-4EC8-8118-C96A8D8F4DD6,#REF!,0000001A,26,00000FA0,"4,000z",0000000E,5,00AA,170,0000,0,0005,5%,00000001,FIRE,0000000E,14,00000000,00000000,00000002,00000001,00000000,"2, 1, 0",0046,0050,0046,0032,001E,0000,0000,0000,70,80,70,50,30,0,0,0032,5,0000,6,0000,7,0000,8,70,80,70,50,30,0,0,,,F53436B0,00000000,00000000,00000000,0002,0000,0000,0000,Offensive Guard,2,,
00000017,23,0000000D,Sword & Shield,00000002,2,00000000,0,00000016,22,570740D8-ADBE-4667-AAC9-79B44391CC1B,Quematrice Cuchillo IV,57CAECD8-A7EF-4DFA-AE7B-B66C76964228,#REF!,0000001B,27,000036B0,"14,000z",0000000C,7,00D2,210,0000,0,0005,5%,00000001,FIRE,00000010,16,00000000,00000000,00000003,00000002,00000000,"3, 2, 0",0046,0050,0046,0050,0032,0000,0000,0000,70,80,70,80,50,0,0,0032,5,0000,6,0000,7,0000,8,70,80,70,80,50,0,0,,,F53436B0,00000000,00000000,00000000,0003,0000,0000,0000,Offensive Guard,3,,
00000018,24,0000000D,Sword & Shield,00000003,3,00000000,0,00000017,23,C53FF409-B042-48EB-BE12-D74224E4EA0B,Firetrail Fornax,8DA72EC9-0902-416F-B9C7-1510861C99D4,#REF!,0000001C,28,00004E20,"20,000z",0000000B,8,00F0,240,0000,0,0005,5%,00000001,FIRE,00000012,18,00000000,00000000,00000003,00000002,00000001,"3, 2, 1",003C,0046,0046,0050,0046,0000,0000,0000,60,70,70,80,70,0,0,0032,5,0000,6,0000,7,0000,8,60,70,70,80,70,0,0,,,F53436B0,00000000,00000000,00000000,0003,0000,0000,0000,Offensive Guard,3,,
00000043,67,0000000D,Sword & Shield,00000013,19,00000000,0,00000018,24,6B5DD772-ACF0-4DDB-80CB-CE00A8915774,Gravios Syphos I,2664D124-DA84-4600-A2FD-1EA007CE63C9,#REF!,00000049,73,00002710,"10,000z",0000000D,6,00D2,210,001E,30,FFF1,-15%,00000009,BLAST,00000013,19,00000000,00000000,00000002,00000002,00000000,"2, 2, 0",005A,0046,0050,003C,0000,0000,0000,0000,90,70,80,60,0,0,0,001E,4,0014,5,0000,6,0000,7,90,70,80,60,0,0,0,,,9C370B80,00000000,00000000,00000000,0003,0000,0000,0000,Guard Up,3,,
00000044,68,0000000D,Sword & Shield,00000013,19,00000000,0,00000019,25,71ED3584-8E24-4D04-9363-01BC3FEC227E,Titan's Armament,906DCCD7-CA6A-4E5E-9E02-2FAC4B558AF4,#REF!,0000004A,74,00004E20,"20,000z",0000000B,8,00F0,240,001E,30,FFF1,-15%,00000009,BLAST,00000019,25,00000000,00000000,00000003,00000003,00000001,"3, 3, 1",0050,0046,0046,0046,003C,0000,0000,0000,80,70,70,70,60,0,0,0032,5,0000,6,0000,7,0000,8,80,70,70,70,60,0,0,,,9C370B80,00000000,00000000,00000000,0003,0000,0000,0000,Guard Up,3,,
0000000B,11,0000000D,Sword & Shield,00002712,10002,00000000,0,0000001A,26,6F690D78-1DC3-42DB-A1F5-C36B740654ED,Iron Beater I,D50955D7-CAC3-465B-83AC-255AEB201476,#REF!,00000009,9,00000320,800z,00000011,2,0078,120,0000,0,0000,0%,00000000,-,00000000,0,00000000,00000000,00000000,00000000,00000000,"0, 0, 0",0014,0028,005A,0032,0000,0000,0000,0000,20,40,90,50,0,0,0,0032,4,0000,5,0000,6,0000,7,20,40,90,50,0,0,0,,,EDA9B920,00000000,00000000,00000000,0001,0000,0000,0000,Guard,1,,
0000000C,12,0000000D,Sword & Shield,00002712,10002,00000000,0,0000001B,27,C85145DD-A6F7-433E-B020-AAC01E24AEC8,Iron Beater II,85CC5900-735F-4EBB-B280-28795ED9516D,#REF!,0000000A,10,00000A28,"2,600z",0000000F,4,00A0,160,0000,0,0000,0%,00000000,-,00000000,0,00000000,00000000,00000001,00000000,00000000,"1, 0, 0",0014,003C,005A,0050,0000,0000,0000,0000,20,60,90,80,0,0,0,0032,4,0000,5,0000,6,0000,7,20,60,90,80,0,0,0,,,EDA9B920,00000000,00000000,00000000,0002,0000,0000,0000,Guard,2,,
0000000D,13,0000000D,Sword & Shield,00002712,10002,00000000,0,0000001C,28,EBCCB4E2-C9F0-408D-8AE6-54EC700E7EFB,Iron Beater III,0D84C1D9-EF1F-4B80-B948-9E3E2C3FF041,#REF!,0000000B,11,00002710,"10,000z",0000000D,6,00BE,190,0000,0,0000,0%,00000000,-,00000000,0,00000000,00000000,00000002,00000001,00000000,"2, 1, 0",0014,0046,005A,003C,003C,0000,0000,0000,20,70,90,60,60,0,0,0032,5,0000,6,0000,7,0000,8,20,70,90,60,60,0,0,,,EDA9B920,00000000,00000000,00000000,0003,0000,0000,0000,Guard,3,,
0000000E,14,0000000D,Sword & Shield,00002712,10002,00000000,0,0000001D,29,E7F4F7F5-64C9-49FF-8100-26268695A822,Smithy's Pride,EB3ACDC8-AE97-479D-BAF3-42562EB4A23D,#REF!,0000000C,12,00004E20,"20,000z",0000000B,8,00DC,220,0000,0,0000,0%,00000000,-,00000000,0,00000000,00000000,00000003,00000002,00000001,"3, 2, 1",0014,003C,005A,0046,0032,003C,0000,0000,20,60,90,70,50,60,0,0032,6,0000,7,0000,8,0000,9,20,60,90,70,50,60,0,,,EDA9B920,00000000,00000000,00000000,0003,0000,0000,0000,Guard,3,,
00000031,49,0000000D,Sword & Shield,00000017,23,00000000,0,0000001E,30,3F190963-54B3-4263-BE5A-26C086EDB2ED,Jin Dhaklab I,B8C6CB56-5E7B-4560-BC9C-659EB1EA004F,#REF!,0000000D,13,000036B0,"14,000z",0000000C,7,00BE,190,0000,0,0000,0%,00000003,ICE,00000020,32,00000000,00000000,00000003,00000002,00000000,"3, 2, 0",0028,0028,001E,0064,006E,001E,0000,0000,40,40,30,100,110,30,0,0032,6,0000,7,0000,8,0000,9,40,40,30,100,110,30,0,,,EDA9B920,00000000,00000000,00000000,0003,0000,0000,0000,Guard,3,,
00000032,50,0000000D,Sword & Shield,00000017,23,00000000,0,0000001F,31,806C9106-D1CF-4B20-AFCA-4978D14EDC2C,Precipice Mateptro,C95C5A30-0F39-4C3A-A318-7339934093CB,#REF!,0000000E,14,00004E20,"20,000z",0000000B,8,00D2,210,0000,0,0000,0%,00000003,ICE,00000023,35,00000000,00000000,00000003,00000002,00000001,"3, 2, 1",0028,0028,0014,0050,0078,0032,0000,0000,40,40,20,80,120,50,0,0032,6,0000,7,0000,8,0000,9,40,40,20,80,120,50,0,,,EDA9B920,00000000,00000000,00000000,0003,0000,0000,0000,Guard,3,,
0000002E,46,0000000D,Sword & Shield,000186A0,100000,00000000,0,00000020,32,4B2903DC-0D1F-49C1-A26E-132648A5ED5C,Albirath Edge I,0ABC363D-B74F-402F-9F02-975BB777592D,#REF!,00000006,6,00000A28,"2,600z",0000000F,4,00A0,160,0000,0,000F,15%,00000001,FIRE,0000000C,12,00000000,00000000,00000001,00000000,00000000,"1, 0, 0",0032,005A,003C,0032,0000,0000,0000,0000,50,90,60,50,0,0,0,0032,4,0000,5,0000,6,0000,7,50,90,60,50,0,0,0,,,52D79300,12B121E0,00000000,00000000,0001,0001,0000,0000,Master's Touch,1,Critical Element,1
0000002F,47,0000000D,Sword & Shield,000186A0,100000,00000000,0,00000021,33,9B04D7C6-7B59-4704-B2E9-9E4F6BB7DD27,Albirath Edge II,4438ECE6-93DE-47D5-AEDD-880F9FF3AE21,#REF!,00000007,7,00002710,"10,000z",0000000D,6,00B4,180,0000,0,000F,15%,00000001,FIRE,00000011,17,00000000,00000000,00000002,00000001,00000000,"2, 1, 0",0032,0064,0032,0032,0032,0000,0000,0000,50,100,50,50,50,0,0,0014,5,001E,6,0000,7,0000,8,50,100,50,50,50,0,0,,,52D79300,12B121E0,00000000,00000000,0001,0001,0000,0000,Master's Touch,1,Critical Element,1
00000030,48,0000000D,Sword & Shield,000186A0,100000,00000000,0,00000022,34,7531D869-2069-486E-A61C-BD7EB62AA7B0,Melting Point,06179D0C-9D10-47FB-86D0-A071BECCA944,#REF!,00000008,8,00004E20,"20,000z",0000000B,8,00D2,210,0000,0,000F,15%,00000001,FIRE,00000014,20,00000000,00000000,00000003,00000002,00000001,"3, 2, 1",0032,0082,0032,0032,0028,001E,0000,0000,50,130,50,50,40,30,0,0032,6,0000,7,0000,8,0000,9,50,130,50,50,40,30,0,,,52D79300,12B121E0,00000000,00000000,0001,0001,0000,0000,Master's Touch,1,Critical Element,1
00000045,69,0000000D,Sword & Shield,0000000C,12,00000000,0,00000023,35,5735D4FD-F667-4B1F-BA5A-E7C325E65BF4,Heat Edge I,78C5AC67-E04F-4F5E-9B04-1AD1B46358A7,#REF!,00000043,67,00002710,"10,000z",0000000D,6,00B4,180,0000,0,000A,10%,00000001,FIRE,00000015,21,00000000,00000000,00000002,00000001,00000000,"2, 1, 0",0064,0046,0028,001E,003C,0000,0000,0000,100,70,40,30,60,0,0,0032,5,0000,6,0000,7,0000,8,100,70,40,30,60,0,0,,,A02B7A00,00000000,00000000,00000000,0003,0000,0000,0000,Critical Boost,3,,
00000046,70,0000000D,Sword & Shield,0000000C,12,00000000,0,00000024,36,673A1726-05E5-4C58-9EA1-8BFC7F862F7A,Corona,D5B0D78D-2CD0-4150-A02B-5664DCED0BA2,#REF!,00000044,68,00004E20,"20,000z",0000000B,8,00C8,200,0000,0,000A,10%,00000001,FIRE,00000019,25,00000000,00000000,00000003,00000002,00000001,"3, 2, 1",0064,0046,0032,0028,0028,0032,0000,0000,100,70,50,40,40,50,0,0032,6,0000,7,0000,8,0000,9,100,70,50,40,40,50,0,,,A02B7A00,00000000,00000000,00000000,0003,0000,0000,0000,Critical Boost,3,,
0000003C,60,0000000D,Sword & Shield,0000000B,11,00000000,0,00000025,37,3BFC5BD0-E04F-480F-AE6D-F109925A2093,Princess Rapier I,FD1F108A-0C62-4B39-9C74-3ED603834538,#REF!,00000040,64,00001388,"5,000z",0000000E,5,00A0,160,0000,0,000F,15%,00000006,POISON,0000000C,12,00000000,00000000,00000002,00000001,00000000,"2, 1, 0",0032,0046,0028,005A,0032,0000,0000,0000,50,70,40,90,50,0,0,0032,5,0000,6,0000,7,0000,8,50,70,40,90,50,0,0,,,F5EE7100,9EDDD500,00000000,00000000,0002,0001,0000,0000,Critical Status,2,Poison Duration Up,1
0000003D,61,0000000D,Sword & Shield,0000000B,11,00000000,0,00000026,38,B7FB5B98-03A4-4B75-90C1-6051FC02FAA6,Princess Rapier II,F3B2183E-5855-4688-B4C7-AA0CDAA09570,#REF!,00000041,65,000036B0,"14,000z",0000000C,7,00BE,190,0000,0,000F,15%,00000006,POISON,0000000F,15,00000000,00000000,00000003,00000002,00000000,"3, 2, 0",0028,0050,0028,006E,001E,0032,0000,0000,40,80,40,110,30,50,0,0032,6,0000,7,0000,8,0000,9,40,80,40,110,30,50,0,,,F5EE7100,9EDDD500,00000000,00000000,0003,0001,0000,0000,Critical Status,3,Poison Duration Up,1
0000003E,62,0000000D,Sword & Shield,0000000B,11,00000000,0,00000027,39,9A1EF9F2-9DAB-4E3F-96DA-C7D6412BF513,Queen Rapier,0D07CEB2-62A2-4BBD-9BA4-89366291132C,#REF!,00000042,66,00004E20,"20,000z",0000000B,8,00D2,210,0000,0,000F,15%,00000006,POISON,00000012,18,00000000,00000000,00000003,00000002,00000001,"3, 2, 1",0028,0050,001E,0064,001E,0046,0000,0000,40,80,30,100,30,70,0,0032,6,0000,7,0000,8,0000,9,40,80,30,100,30,70,0,,,F5EE7100,9EDDD500,00000000,00000000,0003,0001,0000,0000,Critical Status,3,Poison Duration Up,1
00000027,39,0000000D,Sword & Shield,0000000E,14,00000000,0,00000028,40,D90DDFFB-2ABE-45A4-A3AF-92E2D575B9AB,Scaly Sword I,67B3A710-82F1-40A4-A2D8-708B2B58A74F,#REF!,00000034,52,000005DC,"1,500z",00000010,3,0078,120,0000,0,000A,10%,00000008,SLEEP,0000000C,12,00000000,00000000,00000000,00000000,00000000,"0, 0, 0",0046,0028,001E,006E,0000,0000,0000,0000,70,40,30,110,0,0,0,0032,4,0000,5,0000,6,0000,7,70,40,30,110,0,0,0,,,EDA9B920,00000000,00000000,00000000,0002,0000,0000,0000,Guard,2,,
00000028,40,0000000D,Sword & Shield,0000000E,14,00000000,0,00000029,41,1488286E-D1A1-4D70-B63A-442521D5E1A7,Scaly Sword II,621370B9-0314-4EF9-9961-F01307D900BB,#REF!,00000035,53,00001388,"5,000z",0000000E,5,0096,150,0000,0,000F,15%,00000008,SLEEP,0000000F,15,00000000,00000000,00000002,00000001,00000000,"2, 1, 0",0046,0028,001E,0064,003C,0000,0000,0000,70,40,30,100,60,0,0,0032,5,0000,6,0000,7,0000,8,70,40,30,100,60,0,0,,,EDA9B920,00000000,00000000,00000000,0002,0000,0000,0000,Guard,2,,
00000029,41,0000000D,Sword & Shield,0000000E,14,00000000,0,0000002A,42,CE6B5885-1D58-484E-B6DD-3ABC616B41CE,Scaly Sword III,64082779-CE05-431B-BCD5-0A41653E9717,#REF!,00000036,54,000036B0,"14,000z",0000000C,7,00B4,180,0000,0,000F,15%,00000008,SLEEP,00000011,17,00000000,00000000,00000003,00000002,00000000,"3, 2, 0",0046,0028,001E,005A,003C,003C,0000,0000,70,40,30,90,60,60,0,0032,6,0000,7,0000,8,0000,9,70,40,30,90,60,60,0,,,EDA9B920,00000000,00000000,00000000,0003,0000,0000,0000,Guard,3,,
0000002A,42,0000000D,Sword & Shield,0000000E,14,00000000,0,0000002B,43,C4B974EE-55F8-463C-8C90-3036242FACC8,Nerskiller,EDF8AB9E-4987-4813-AEED-41E359E92402,#REF!,00000037,55,00004E20,"20,000z",0000000B,8,00C8,200,0000,0,000F,15%,00000008,SLEEP,00000014,20,00000000,00000000,00000003,00000002,00000001,"3, 2, 1",0046,0028,001E,003C,0028,006E,0000,0000,70,40,30,60,40,110,0,0032,6,0000,7,0000,8,0000,9,70,40,30,60,40,110,0,,,EDA9B920,00000000,00000000,00000000,0003,0000,0000,0000,Guard,3,,
0000001E,30,0000000D,Sword & Shield,00000008,8,00000000,0,0000002C,44,3655B811-5FBB-4B41-8216-B227D2812D1A,Balahara Blade I,422A8ACC-6E07-4207-97ED-67F368B9F03A,#REF!,0000000F,15,00000320,800z,00000011,2,006E,110,0000,0,000A,10%,00000002,WATER,0000000A,10,00000000,00000000,00000000,00000000,00000000,"0, 0, 0",001E,001E,005A,0032,0000,0000,0000,0000,30,30,90,50,0,0,0,0032,4,0000,5,0000,6,0000,7,30,30,90,50,0,0,0,,,F53436B0,00000000,00000000,00000000,0001,0000,0000,0000,Offensive Guard,1,,
0000001F,31,0000000D,Sword & Shield,00000008,8,00000000,0,0000002D,45,B3BAA328-F51E-4295-BA8E-F52DCE16B4BB,Balahara Blade II,65B97498-39D7-493E-8050-E51FB0401392,#REF!,00000010,16,00000A28,"2,600z",0000000F,4,0096,150,0000,0,000A,10%,00000002,WATER,0000000C,12,00000000,00000000,00000001,00000000,00000000,"1, 0, 0",0028,001E,0064,0050,0000,0000,0000,0000,40,30,100,80,0,0,0,0032,4,0000,5,0000,6,0000,7,40,30,100,80,0,0,0,,,F53436B0,00000000,00000000,00000000,0002,0000,0000,0000,Offensive Guard,2,,
00000020,32,0000000D,Sword & Shield,00000008,8,00000000,0,0000002E,46,55D2B7D4-F3EC-45B9-9131-0E40AC040BB8,Balahara Blade III,A15B0BDB-A7B0-4536-9D29-1CEDCEC4C443,#REF!,00000011,17,00001388,"5,000z",0000000E,5,00A0,160,0000,0,000A,10%,00000002,WATER,0000000F,15,00000000,00000000,00000002,00000001,00000000,"2, 1, 0",001E,001E,006E,005A,0028,0000,0000,0000,30,30,110,90,40,0,0,0032,5,0000,6,0000,7,0000,8,30,30,110,90,40,0,0,,,F53436B0,00000000,00000000,00000000,0002,0000,0000,0000,Offensive Guard,2,,
00000021,33,0000000D,Sword & Shield,00000008,8,00000000,0,0000002F,47,BC831DD9-3671-4471-A15B-3EE4AA53F30D,Balahara Blade IV,7BE6D9D1-B149-4C1A-A063-814C1489CDBC,#REF!,00000012,18,000036B0,"14,000z",0000000C,7,00BE,190,0000,0,000A,10%,00000002,WATER,00000011,17,00000000,00000000,00000003,00000002,00000000,"3, 2, 0",001E,001E,006E,005A,0046,0014,0000,0000,30,30,110,90,70,20,0,0032,6,0000,7,0000,8,0000,9,30,30,110,90,70,20,0,,,F53436B0,00000000,00000000,00000000,0003,0000,0000,0000,Offensive Guard,3,,
00000022,34,0000000D,Sword & Shield,00000009,9,00000000,0,00000030,48,33D87844-6A2A-4F0C-9999-969A8311D501,Sandsea Katduva,81351718-7C58-486C-81BB-A53BA1E9A9D1,#REF!,00000013,19,00004E20,"20,000z",0000000B,8,00D2,210,0000,0,000A,10%,00000002,WATER,00000014,20,00000000,00000000,00000003,00000002,00000001,"3, 2, 1",001E,001E,0064,0050,0046,0028,0000,0000,30,30,100,80,70,40,0,0032,6,0000,7,0000,8,0000,9,30,30,100,80,70,40,0,,,F53436B0,00000000,00000000,00000000,0003,0000,0000,0000,Offensive Guard,3,,
00000006,6,0000000D,Sword & Shield,00002711,10001,00000000,0,00000031,49,7A7C9988-D73B-4E30-A7CF-FBA7B3B6D2BD,Bone Kukri I,687E80A1-3CFE-4F4E-BCD7-A941C7476944,#REF!,00000027,39,000001F4,500z,00000012,1,006E,110,0000,0,0000,0%,00000000,-,00000000,0,00000000,00000000,00000000,00000000,00000000,"0, 0, 0",0032,0046,0050,0000,0000,0000,0000,0000,50,70,80,0,0,0,0,0028,3,000A,4,0000,5,0000,6,50,70,80,0,0,0,0,,,68D30B80,00000000,00000000,00000000,0001,0000,0000,0000,Stamina Thief,1,,
00000007,7,0000000D,Sword & Shield,00002711,10001,00000000,0,00000032,50,C3ED4DB7-E536-4648-B343-D7E3F5002216,Bone Kukri II,DB7C0C8D-48C1-4997-8976-52FCEA140005,#REF!,00000028,40,00000320,800z,00000011,2,0082,130,0000,0,0000,0%,00000000,-,00000000,0,00000000,00000000,00000000,00000000,00000000,"0, 0, 0",0032,0028,006E,0000,0000,0000,0000,0000,50,40,110,0,0,0,0,0014,3,001E,4,0000,5,0000,6,50,40,110,0,0,0,0,,,68D30B80,00000001,00000000,00000000,0001,0001,0000,0000,Stamina Thief,1,Attack Boost,1
00000008,8,0000000D,Sword & Shield,00002711,10001,00000000,0,00000033,51,D6FFFC74-7AFD-49B6-ABFD-F0C5461E79CA,Bone Kukri III,EBC9CEE0-863B-4DDC-A5C6-BB9DEF2F6A46,#REF!,00000029,41,00000A28,"2,600z",0000000F,4,00AA,170,0000,0,0000,0%,00000000,-,00000000,0,00000000,00000000,00000001,00000000,00000000,"1, 0, 0",0032,003C,0064,0028,0000,0000,0000,0000,50,60,100,40,0,0,0,0032,4,0000,5,0000,6,0000,7,50,60,100,40,0,0,0,,,68D30B80,00000001,00000000,00000000,0002,0001,0000,0000,Stamina Thief,2,Attack Boost,1
00000009,9,0000000D,Sword & Shield,00002711,10001,00000000,0,00000034,52,9D48AD45-92E0-4958-B085-6B0975D99658,Bone Kukri IV,7B884517-A8EA-46BF-B09B-670AC6AC7A93,#REF!,0000002A,42,00002710,"10,000z",0000000D,6,00C8,200,0000,0,0000,0%,00000000,-,00000000,0,00000000,00000000,00000002,00000001,00000000,"2, 1, 0",0032,003C,0050,006E,0000,0000,0000,0000,50,60,80,110,0,0,0,0032,4,0000,5,0000,6,0000,7,50,60,80,110,0,0,0,,,68D30B80,00000001,00000000,00000000,0003,0001,0000,0000,Stamina Thief,3,Attack Boost,1
0000000A,10,0000000D,Sword & Shield,00002711,10001,00000000,0,00000035,53,51D4CE87-9EE5-40F7-9C5E-EA9B1C845812,Chief Kukri,1C608ADE-8150-4AAA-823C-015251A32E1B,#REF!,0000002B,43,00004E20,"20,000z",0000000B,8,00E6,230,0000,0,0000,0%,00000000,-,00000000,0,00000000,00000000,00000003,00000002,00000001,"3, 2, 1",0032,003C,003C,0046,006E,0000,0000,0000,50,60,60,70,110,0,0,0032,5,0000,6,0000,7,0000,8,50,60,60,70,110,0,0,,,68D30B80,00000001,00000000,00000000,0003,0001,0000,0000,Stamina Thief,3,Attack Boost,1
0000003F,63,0000000D,Sword & Shield,000186A2,100002,00000000,0,00000036,54,65A454B0-1458-4D72-90B6-7563A3CA03A9,Rending Fulgur I,E6183FD8-0EFE-4326-ADA9-19A68D1CE757,#REF!,0000003E,62,00002710,"10,000z",0000000D,6,00B4,180,0000,0,000F,15%,00000004,THUNDER,00000015,21,00000000,00000000,00000002,00000001,00000000,"2, 1, 0",0028,0064,0064,003C,0000,0000,0000,0000,40,100,100,60,0,0,0,000A,4,0028,5,0000,6,0000,7,40,100,100,60,0,0,0,,,12B121E0,00000000,00000000,00000000,0003,0000,0000,0000,Critical Element,3,,
00000040,64,0000000D,Sword & Shield,000186A2,100002,00000000,0,00000037,55,4EB32857-A9FB-48CE-A9C1-F3CE6D4C5BCB,Fulgursword Guardiana,3E08D60F-0FE1-43E0-850B-B48E2A064EAA,#REF!,0000003F,63,00004E20,"20,000z",0000000B,8,00D2,210,0000,0,000F,15%,00000004,THUNDER,00000019,25,00000000,00000000,00000003,00000002,00000001,"3, 2, 1",0028,005A,0078,0028,003C,0000,0000,0000,40,90,120,40,60,0,0,0000,5,0032,6,0000,7,0000,8,40,90,120,40,60,0,0,,,12B121E0,00000000,00000000,00000000,0003,0000,0000,0000,Critical Element,3,,
00000039,57,0000000D,Sword & Shield,00000010,16,00000000,0,00000038,56,9E713CD1-C46D-44DE-B61F-7E7E7FD00FDC,Venom's Pain I,7C836934-E14A-4632-B118-DDB43B335C6C,#REF!,0000003B,59,00000FA0,"4,000z",0000000E,5,00B4,180,0000,0,0000,0%,00000006,POISON,00000010,16,00000000,00000000,00000002,00000001,00000000,"2, 1, 0",005A,0032,005A,0046,0000,0000,0000,0000,90,50,90,70,0,0,0,0032,4,0000,5,0000,6,0000,7,90,50,90,70,0,0,0,,,8BFD1E80,28EBAB40,00000000,00000000,0002,0001,0000,0000,Punishing Draw,2,Critical Draw,1
0000003A,58,0000000D,Sword & Shield,00000010,16,00000000,0,00000039,57,79F7B61D-DBEA-4B5F-AB22-95743AC5724F,Venom's Pain II,E1D54171-4678-4A04-A697-C4A12D330224,#REF!,0000003C,60,00002710,"10,000z",0000000D,6,00C8,200,0000,0,0000,0%,00000006,POISON,00000013,19,00000000,00000000,00000002,00000001,00000000,"2, 1, 0",005A,0032,003C,003C,0028,0000,0000,0000,90,50,60,60,40,0,0,0032,5,0000,6,0000,7,0000,8,90,50,60,60,40,0,0,,,8BFD1E80,28EBAB40,00000000,00000000,0002,0002,0000,0000,Punishing Draw,2,Critical Draw,2
0000003B,59,0000000D,Sword & Shield,00000010,16,00000000,0,0000003A,58,FF056890-783A-447E-978B-FBDB669DCC6C,Viperine Saber,5678C86B-EB8E-4C9C-8089-F7E0ED992A96,#REF!,0000003D,61,00004E20,"20,000z",0000000B,8,00E6,230,0000,0,0000,0%,00000006,POISON,00000019,25,00000000,00000000,00000003,00000003,00000001,"3, 3, 1",005A,0032,005A,003C,003C,0000,0000,0000,90,50,90,60,60,0,0,0032,5,0000,6,0000,7,0000,8,90,50,90,60,60,0,0,,,8BFD1E80,28EBAB40,00000000,00000000,0003,0002,0000,0000,Punishing Draw,3,Critical Draw,2
0000002B,43,0000000D,Sword & Shield,0000000F,15,00000000,0,0000003B,59,32403840-5E14-4B62-9738-5B3C7C241FF8,Ajara Saber I,E256D528-2F5D-44ED-BB5D-CA1F89F4ABDD,#REF!,0000002C,44,000005DC,"1,500z",00000010,3,0082,130,0000,0,000A,10%,00000009,BLAST,0000000C,12,00000000,00000000,00000000,00000000,00000000,"0, 0, 0",0032,003C,0046,0046,0000,0000,0000,0000,50,60,70,70,0,0,0,0032,4,0000,5,0000,6,0000,7,50,60,70,70,0,0,0,,,F53436B0,00000000,00000000,00000000,0002,0000,0000,0000,Offensive Guard,2,,
0000002C,44,0000000D,Sword & Shield,0000000F,15,00000000,0,0000003C,60,46EE4D9A-BE2C-4502-8A91-F2C6B536D257,Ajara Saber II,53CB3065-E9A3-4D24-A76C-DEFD63CF0AD3,#REF!,0000002D,45,00002710,"10,000z",0000000D,6,00B4,180,0000,0,000A,10%,00000009,BLAST,0000000F,15,00000000,00000000,00000002,00000001,00000000,"2, 1, 0",0032,003C,005A,0028,003C,0000,0000,0000,50,60,90,40,60,0,0,0032,5,0000,6,0000,7,0000,8,50,60,90,40,60,0,0,,,F53436B0,00000000,00000000,00000000,0003,0000,0000,0000,Offensive Guard,3,,
0000002D,45,0000000D,Sword & Shield,0000000F,15,00000000,0,0000003D,61,7FF588C6-2FAC-460C-A673-3BE284553379,Ajara-Subinda,E80BB97E-6B3F-4228-AF65-C4B4C31A8D1A,#REF!,0000002E,46,00004E20,"20,000z",0000000B,8,00D2,210,0000,0,000A,10%,00000009,BLAST,00000012,18,00000000,00000000,00000003,00000002,00000001,"3, 2, 1",0032,003C,0032,005A,0028,003C,0000,0000,50,60,50,90,40,60,0,0032,6,0000,7,0000,8,0000,9,50,60,50,90,40,60,0,,,F53436B0,00000000,00000000,00000000,0003,0000,0000,0000,Offensive Guard,3,,
00000041,65,0000000D,Sword & Shield,00000014,20,00000000,0,0000003E,62,D23548A2-9735-4557-B21E-DAB7BAE8255C,Snow-white Jambiya I,E8CB9F50-4C7A-4121-AF24-EAF15CAA8DA7,#REF!,00000047,71,00002710,"10,000z",0000000D,6,00C8,200,0000,0,FFF6,-10%,00000003,ICE,0000000E,14,00000000,00000000,00000002,00000001,00000000,"2, 1, 0",0032,001E,005A,0050,0032,0000,0000,0000,50,30,90,80,50,0,0,0032,5,0000,6,0000,7,0000,8,50,30,90,80,50,0,0,,,28EBAB40,F53436B0,00000000,00000000,0002,0001,0000,0000,Critical Draw,2,Offensive Guard,1
00000042,66,0000000D,Sword & Shield,00000014,20,00000000,0,0000003F,63,2AE2C55C-56CA-4CCB-AB44-A0851D16D523,Snow Lion Jambiya,BAB4D3A7-1B47-4CD4-ACF7-C5649333CA83,#REF!,00000048,72,00004E20,"20,000z",0000000B,8,00E6,230,0000,0,FFF6,-10%,00000003,ICE,00000012,18,00000000,00000000,00000003,00000002,00000001,"3, 2, 1",0032,001E,005A,0050,0032,0032,0000,0000,50,30,90,80,50,50,0,0032,6,0000,7,0000,8,0000,9,50,30,90,80,50,50,0,,,28EBAB40,F53436B0,00000000,00000000,0002,0001,0000,0000,Critical Draw,2,Offensive Guard,1
0000000F,15,0000000D,Sword & Shield,00000004,4,00000000,0,00000040,64,B5BB0281-FA00-444B-8842-620CE86A8585,Chata Club I,56BC4E59-6027-44E1-AB84-5A235B07788B,#REF!,0000001D,29,000001F4,500z,00000012,1,006E,110,000F,15,0000,0%,00000000,-,00000000,0,00000000,00000000,00000000,00000000,00000000,"0, 0, 0",0032,000A,006E,001E,0000,0000,0000,0000,50,10,110,30,0,0,0,0032,4,0000,5,0000,6,0000,7,50,10,110,30,0,0,0,,,EDA9B920,00000000,00000000,00000000,0001,0000,0000,0000,Guard,1,,
00000010,16,0000000D,Sword & Shield,00000004,4,00000000,0,00000041,65,756F388C-1D6B-4E0A-AD10-55E80E4C549B,Chata Club II,DF4367B6-D247-4A21-9C69-794631B83B1D,#REF!,0000001E,30,000005DC,"1,500z",00000010,3,0096,150,000F,15,0000,0%,00000000,-,00000000,0,00000000,00000000,00000000,00000000,00000000,"0, 0, 0",0050,000A,0078,0028,0000,0000,0000,0000,80,10,120,40,0,0,0,0032,4,0000,5,0000,6,0000,7,80,10,120,40,0,0,0,,,EDA9B920,00000000,00000000,00000000,0002,0000,0000,0000,Guard,2,,
00000011,17,0000000D,Sword & Shield,00000004,4,00000000,0,00000042,66,F4A11C79-8AEE-49D3-948D-DD455E6133D9,Chata Club III,C2BF84CC-9970-49F4-B23C-D1555FA28554,#REF!,0000001F,31,00000FA0,"4,000z",0000000E,5,00B4,180,000F,15,0000,0%,00000000,-,00000000,0,00000000,00000000,00000002,00000001,00000000,"2, 1, 0",0046,0014,006E,0050,0014,0000,0000,0000,70,20,110,80,20,0,0,0032,5,0000,6,0000,7,0000,8,70,20,110,80,20,0,0,,,EDA9B920,00000000,00000000,00000000,0002,0000,0000,0000,Guard,2,,
00000012,18,0000000D,Sword & Shield,00000004,4,00000000,0,00000043,67,359E0530-5786-44FE-BBFE-DFFE2FCD33DA,Chata Club IV,BD18BDED-C064-41B7-94F6-80F6948E7327,#REF!,00000020,32,000036B0,"14,000z",0000000C,7,00D2,210,000F,15,0000,0%,00000000,-,00000000,0,00000000,00000000,00000003,00000002,00000000,"3, 2, 0",003C,000A,006E,006E,003C,0000,0000,0000,60,10,110,110,60,0,0,0032,5,0000,6,0000,7,0000,8,60,10,110,110,60,0,0,,,EDA9B920,9C370B80,00000000,00000000,0002,0001,0000,0000,Guard,2,Guard Up,1
00000033,51,0000000D,Sword & Shield,00000018,24,00000000,0,00000044,68,AB35849C-00AE-4DD8-82CD-2F3A7086EF9A,Nihil Sword I,D7FCCE33-2F25-46A4-9C12-AC2BF9A4D9B2,#REF!,00000038,56,00000A28,"2,600z",0000000F,4,00A0,160,0000,0,0000,0%,00000002,WATER,0000000C,12,00000000,00000000,00000001,00000000,00000000,"1, 0, 0",0014,006E,0028,0050,0000,0000,0000,0000,20,110,40,80,0,0,0,0032,4,0000,5,0000,6,0000,7,20,110,40,80,0,0,0,,,EDA9B920,00000000,00000000,00000000,0002,0000,0000,0000,Guard,2,,
00000034,52,0000000D,Sword & Shield,00000018,24,00000000,0,00000045,69,68104252-8F29-49F5-9D43-D999B81E5A6E,Nihil Sword II,A754D2F8-6111-467B-85EF-DCB4730472D4,#REF!,00000039,57,00002710,"10,000z",0000000D,6,00BE,190,0000,0,0000,0%,00000002,WATER,0000000F,15,00000000,00000000,00000002,00000001,00000000,"2, 1, 0",0014,006E,0032,003C,003C,0000,0000,0000,20,110,50,60,60,0,0,0032,5,0000,6,0000,7,0000,8,20,110,50,60,60,0,0,,,EDA9B920,00000000,00000000,00000000,0003,0000,0000,0000,Guard,3,,
00000035,53,0000000D,Sword & Shield,00000018,24,00000000,0,00000046,70,E93D6C90-1018-4D62-AC18-5F05BB3310AA,Cordayle's Revocation,4E407C71-7637-42C9-B4DB-D2964E48BB1B,#REF!,0000003A,58,00004E20,"20,000z",0000000B,8,00DC,220,0000,0,0000,0%,00000002,WATER,00000012,18,00000000,00000000,00000003,00000002,00000001,"3, 2, 1",0014,006E,0032,0032,0028,0050,0000,0000,20,110,50,50,40,80,0,0032,6,0000,7,0000,8,0000,9,20,110,50,50,40,80,0,,,EDA9B920,00000000,00000000,00000000,0003,0000,0000,0000,Guard,3,,
00000036,54,0000000D,Sword & Shield,00000016,22,00000000,0,00000047,71,120143E2-0CDD-4DB9-86E0-207A3BE6EDE3,G. Veldian Mucro I,C848FCE0-CA5B-43EF-B8EE-093DF3383F51,#REF!,00000022,34,00000A28,"2,600z",0000000F,4,00AA,170,0000,0,FFF6,-10%,00000005,DRAGON,0000000C,12,00000000,00000000,00000001,00000001,00000000,"1, 1, 0",0064,001E,0050,0028,0000,0000,0000,0000,100,30,80,40,0,0,0,0032,4,0000,5,0000,6,0000,7,100,30,80,40,0,0,0,,,EDA9B920,00000000,00000000,00000000,0002,0000,0000,0000,Guard,2,,
00000037,55,0000000D,Sword & Shield,00000016,22,00000000,0,00000048,72,DBD70DC0-4B89-41ED-8169-0E94E3ABF677,G. Veldian Mucro II,C8C3B317-4463-47A0-8397-B385D8225965,#REF!,00000023,35,00002710,"10,000z",0000000D,6,00D2,210,0000,0,FFF6,-10%,00000005,DRAGON,0000000F,15,00000000,00000000,00000002,00000002,00000000,"2, 2, 0",0064,003C,0050,003C,0000,0000,0000,0000,100,60,80,60,0,0,0,000A,4,0028,5,0000,6,0000,7,100,60,80,60,0,0,0,,,EDA9B920,00000000,00000000,00000000,0002,0000,0000,0000,Guard,2,,
00000038,56,0000000D,Sword & Shield,00000016,22,00000000,0,00000049,73,B418AD1C-6E21-4EAA-9C11-D3C5AB95A520,G. Guiding Artorius,5ED3E977-68CD-43E8-8F39-9A84691EA990,#REF!,00000024,36,00004E20,"20,000z",0000000B,8,00F0,240,0000,0,FFF6,-10%,00000005,DRAGON,00000012,18,00000000,00000000,00000003,00000003,00000001,"3, 3, 1",0064,0046,0032,0046,003C,0000,0000,0000,100,70,50,70,60,0,0,000A,5,0028,6,0000,7,0000,8,100,70,50,70,60,0,0,,,EDA9B920,00000000,00000000,00000000,0002,0000,0000,0000,Guard,2,,
00000049,73,0000000D,Sword & Shield,0000001C,28,00000000,0,0000004A,74,CE06C1B6-7A40-4B95-9CE6-C026C7EE3119,Veldian Mucro I,271C92C9-460B-4DC9-9C1E-FC3B7E999B17,#REF!,00000025,37,000036B0,"14,000z",0000000C,7,00C8,200,0000,0,0000,0%,00000005,DRAGON,00000016,22,00000000,00000000,00000003,00000002,00000000,"3, 2, 0",0032,0046,0050,0046,0028,0028,0000,0000,50,70,80,70,40,40,0,0032,6,0000,7,0000,8,0000,9,50,70,80,70,40,40,0,,,EDA9B920,00000000,00000000,00000000,0003,0000,0000,0000,Guard,3,,
0000004B,75,0000000D,Sword & Shield,000186A3,100003,00000000,0,0000004B,75,5F6EAC96-0CAC-4068-9FF6-3B440C4F7FE0,Artian Sword I,5E8EF215-A5B2-4E6D-92C9-9F72BE53AB5C,#REF!,00000064,100,00000028,40z,0000000D,6,00AA,170,0000,0,0005,5%,00000000,-,00000017,23,00000000,00000000,00000002,00000002,00000002,"2, 2, 2",0050,0028,003C,0050,0028,0000,0000,0000,80,40,60,80,40,0,0,0014,5,001E,6,0000,7,0000,8,80,40,60,80,40,0,0,,,00000000,00000000,00000000,00000000,0000,0000,0000,0000,,,,
0000004C,76,0000000D,Sword & Shield,000186A3,100003,00000000,0,0000004C,76,B585CF6B-8E2C-42BB-8E32-2D8FD1E05DF0,Artian Sword II,10641206-648F-4C6D-94B8-B6259D55C1BB,#REF!,00000065,101,00000064,100z,0000000C,7,00B4,180,0000,0,0005,5%,00000000,-,00000017,23,00000000,00000000,00000002,00000002,00000002,"2, 2, 2",0050,0028,003C,0050,0046,0014,0000,0000,80,40,60,80,70,20,0,0032,6,0000,7,0000,8,0000,9,80,40,60,80,70,20,0,,,00000000,00000000,00000000,00000000,0000,0000,0000,0000,,,,
0000004D,77,0000000D,Sword & Shield,000186A3,100003,00000000,0,0000004D,77,92475762-C87D-4C24-841A-854128375F05,Verdoloto,0E3768F8-C7B1-4918-B3BC-768EE6648F4D,#REF!,00000066,102,000000C8,200z,0000000B,8,00BE,190,0000,0,0005,5%,00000000,-,0000001A,26,00000000,00000000,00000003,00000003,00000003,"3, 3, 3",0050,0028,003C,0050,0046,0014,0000,0000,80,40,60,80,70,20,0,0032,6,0000,7,0000,8,0000,9,80,40,60,80,70,20,0,,,00000000,00000000,00000000,00000000,0000,0000,0000,0000,,,,
00000005,5,0000000D,Sword & Shield,00000007,7,00000000,0,00000052,82,06D25417-2E25-4908-BD38-C83AAB01BC9E,Esperanza Sword,6EA22E1D-B0B0-4C4E-BCE6-343880A73A0A,#REF!,00000005,5,00004E20,"20,000z",0000000B,8,00D2,210,0000,0,0000,0%,00000000,-,00000000,0,00000000,00000000,00000003,00000002,00000001,"3, 2, 1",0032,003C,0032,003C,0028,005A,0000,0000,50,60,50,60,40,90,0,0032,6,0000,7,0000,8,0000,9,50,60,50,60,40,90,0,,,561FF780,830A1C00,00000000,00000000,0002,0002,0000,0000,Speed Sharpening,2,Critical Eye,2
00000013,19,0000000D,Sword & Shield,00000005,5,00000000,0,00000053,83,C06F12C8-A6A3-491F-BB04-1000E0CD1373,Shrouded Katalo,0E224FBC-9986-4852-AD49-E96DC470B20D,#REF!,00000021,33,00004E20,"20,000z",0000000B,8,00E6,230,000F,15,0000,0%,00000000,-,00000000,0,00000000,00000000,00000003,00000002,00000001,"3, 2, 1",003C,000A,0064,005A,005A,0000,0000,0000,60,10,100,90,90,0,0,0000,5,0032,6,0000,7,0000,8,60,10,100,90,90,0,0,,,EDA9B920,9C370B80,00000000,00000000,0003,0001,0000,0000,Guard,3,Guard Up,1
0000004A,74,0000000D,Sword & Shield,0000001C,28,00000000,0,00000054,84,9CC60F7A-AED5-4AAC-897B-C23BCC005AEC,Guiding Artorius,CFF13420-B43C-4922-881E-04F74D7FC3C5,#REF!,00000026,38,00004E20,"20,000z",0000000B,8,00DC,220,0000,0,0000,0%,00000005,DRAGON,00000019,25,00000000,00000000,00000003,00000002,00000001,"3, 2, 1",0032,0032,0050,003C,0032,003C,0000,0000,50,50,80,60,50,60,0,0032,6,0000,7,0000,8,0000,9,50,50,80,60,50,60,0,,,EDA9B920,00000000,00000000,00000000,0003,0000,0000,0000,Guard,3,,