Index Raw,Index,Data ID,Level Raw,Level,Type,Model ID Raw,Model ID,Colour Type,Need Effect Raw,Need Effect,Name Raw,Name,Description Raw,Description,Sort ID Raw,Sort ID,Rarity Raw,Rarity,Icon Colour Raw,Icon Colour,Price Raw,Price,Skill 1 Raw,Skill 1,Skill 1 Lv Raw,Skill 1 Lv,Skill 2 Raw,Skill 2,Skill 2 Lv Raw,Skill 2 Lv,Skill 3 Raw,Skill 3,Skill 3 Lv Raw,Skill 3 Lv,Release Version
00000011,17,00000012,00000001,1,699F1E00,00000004,4,03C12B20,00000000,FALSE,2F9724F7-F246-4A39-90B8-53B889C1030F,Fury Charm I,8151CD3A-1D0E-4CC4-B89A-D3D5EEB8C52F,"A charm that grants the
Resentment skill.",00000001,1,0000000E,5,00000000,I_NONE,00000BB8,"3,000z",510D3C80,Resentment,00000001,1,00000000,,00000000,,00000000,,00000000,,Release
00000012,18,00000013,00000002,2,699F1E00,00000004,4,03C12B20,00000000,FALSE,80793AA4-1A5A-43C4-8F9B-F581B4D42AD3,Fury Charm II,748EE0F7-8358-41B9-A8A5-07BAC1D9E7DE,"A charm that grants the
Resentment skill.",00000002,2,0000000C,7,00000000,I_NONE,00002328,"9,000z",510D3C80,Resentment,00000002,2,00000000,,00000000,,00000000,,00000000,,Release
00000092,146,00000093,00000001,1,2B6F4C00,00000004,4,03C12B20,00000000,FALSE,B71C0D5E-45B5-4A52-9C05-B85703DC0F14,Counterattack Charm I,7A5766DF-AA92-4287-B4A2-9F39120B7DAD,"A charm that grants the Adrenaline
Rush skill.",00000004,4,0000000E,5,00000000,I_NONE,00000BB8,"3,000z",4608B500,Adrenaline Rush,00000001,1,00000000,,00000000,,00000000,,00000000,,Release
00000093,147,00000094,00000002,2,2B6F4C00,00000004,4,03C12B20,00000000,FALSE,1CE651E2-7381-46BC-AE71-6F4559136A48,Counterattack Charm II,8E360DAC-A2B8-44CC-87E4-571B2E493D79,"A charm that grants the Adrenaline
Rush skill.",00000005,5,0000000C,7,00000000,I_NONE,00002328,"9,000z",4608B500,Adrenaline Rush,00000002,2,00000000,,00000000,,00000000,,00000000,,Release
0000000E,14,0000000F,00000001,1,9FAA7380,00000004,4,03C12B20,00000000,FALSE,C1F70474-CA08-4A79-87DC-E75B043D5FCD,Unscathed Charm I,ADE0FF47-2E5D-492D-9BC1-DB6519CAE01C,"A charm that grants the Peak
Performance skill.",00000007,7,0000000E,5,00000000,I_NONE,00000BB8,"3,000z",7D946580,Peak Performance,00000001,1,00000000,,00000000,,00000000,,00000000,,Release
0000000F,15,00000010,00000002,2,9FAA7380,00000004,4,03C12B20,00000000,FALSE,AB7E4F53-901D-4B04-B762-D05B0BB4E33A,Unscathed Charm II,CF9D310B-D315-4A20-B763-D14641D6EA55,"A charm that grants the Peak
Performance skill.",00000008,8,0000000C,7,00000000,I_NONE,00002328,"9,000z",7D946580,Peak Performance,00000002,2,00000000,,00000000,,00000000,,00000000,,Release
00000086,134,00000087,00000001,1,D209A9C0,00000004,4,03C12B20,00000000,FALSE,CC3DFB3C-CA11-4DAD-8A76-8CF80E2E1C55,Counter Charm I,48057FCB-3977-43A1-A7EE-C168D3D90850,"A charm that grants the
Counterstrike skill.",0000000A,10,0000000E,5,00000000,I_NONE,00000BB8,"3,000z",10B7ECE0,Counterstrike,00000001,1,00000000,,00000000,,00000000,,00000000,,Release
00000087,135,00000088,00000002,2,D209A9C0,00000004,4,03C12B20,00000000,FALSE,CE4F5C3C-E5B0-42F6-9703-DCAA9E4F3435,Counter Charm II,9B944EC7-F088-4103-AE89-82D91D258686,"A charm that grants the
Counterstrike skill.",0000000B,11,0000000D,6,00000000,I_NONE,00001770,"6,000z",10B7ECE0,Counterstrike,00000002,2,00000000,,00000000,,00000000,,00000000,,Release
00000088,136,00000089,00000003,3,D209A9C0,00000004,4,03C12B20,00000000,FALSE,9FC076AB-982D-4087-ABB4-08DA8798C466,Counter Charm III,F1069E86-FCD8-4E58-A2BA-E9C3987E621D,"A charm that grants the
Counterstrike skill.",0000000C,12,0000000C,7,00000000,I_NONE,00002328,"9,000z",10B7ECE0,Counterstrike,00000003,3,00000000,,00000000,,00000000,,00000000,,Release
00000014,20,00000015,00000001,1,77C54D00,00000004,4,03C12B20,00000000,FALSE,8FCA068C-D3E2-4736-98DB-6574E11C7878,Exploiter Charm I,10C6F0D5-CB25-4B60-8454-EB7B229703BF,"A charm that grants the Weakness
Exploit skill.",0000000D,13,0000000E,5,00000000,I_NONE,00000BB8,"3,000z",E84D8E60,Weakness Exploit,00000001,1,00000000,,00000000,,00000000,,00000000,,Release
00000015,21,00000016,00000002,2,77C54D00,00000004,4,03C12B20,00000000,FALSE,AC9C7E11-3098-4A45-9483-EC1D50E79F4B,Exploiter Charm II,6F0E8775-36D5-4D3C-BF91-3009235FD24C,"A charm that grants the Weakness
Exploit skill.",0000000E,14,0000000C,7,00000000,I_NONE,00002328,"9,000z",E84D8E60,Weakness Exploit,00000002,2,00000000,,00000000,,00000000,,00000000,,Release
0000001A,26,0000001B,00000001,1,AE361800,00000004,4,03C12B20,00000000,FALSE,26225E76-967B-4611-9DA1-9D4892F1F726,Mighty Charm I,9AA6F4F4-BC88-4F11-B62F-6814AF335B6E,"A charm that grants the Maximum
Might skill.",00000010,16,0000000E,5,00000000,I_NONE,00000BB8,"3,000z",25AD8000,Maximum Might,00000001,1,00000000,,00000000,,00000000,,00000000,,Release
0000001B,27,0000001C,00000002,2,AE361800,00000004,4,03C12B20,00000000,FALSE,486D2BD4-115C-4F56-B4C1-56515B6B93B1,Mighty Charm II,FF0CE8A6-3351-4F14-B6C5-EEBB92187EAB,"A charm that grants the Maximum
Might skill.",00000011,17,0000000C,7,00000000,I_NONE,00002328,"9,000z",25AD8000,Maximum Might,00000002,2,00000000,,00000000,,00000000,,00000000,,Release
000000B1,177,000000B2,00000001,1,4A53E700,00000004,4,03C12B20,00000000,FALSE,2FBA8E2F-737F-4D92-BA4F-F2A574D951BA,Convert Charm I,571E986B-48BE-4BCE-99B8-72BBDAF9E193,"A charm that grants the Convert
Element skill.",00000013,19,0000000C,7,00000000,I_NONE,00002328,"9,000z",7C2D9900,Convert Element,00000001,1,00000000,,00000000,,00000000,,00000000,,Release
000000B3,179,000000B3,00000002,2,4A53E700,00000004,4,03C12B20,00000000,FALSE,4A695F75-8F22-4E5C-AAC0-65B96DACA4F9,Convert Charm II,BB3D6FCB-77D2-44AA-BEB4-82A890049DB9,"A charm that grants the Convert
Element skill.",00000014,20,0000000B,8,00000000,I_NONE,00003E80,"16,000z",7C2D9900,Convert Element,00000002,2,00000000,,00000000,,00000000,,00000000,,TU1
00000020,32,00000021,00000001,1,CC7EAFC0,00000001,1,03C12B20,00000000,FALSE,E3C79F36-F382-42DD-A6B1-F5034C734B1F,Defense Charm I,7332F038-BB31-4CDE-AFA4-8771E00FC767,"A charm that grants the Defense
Boost skill.",00000015,21,00000011,2,00000000,I_NONE,000001F4,500z,403C3180,Defense Boost,00000001,1,00000000,,00000000,,00000000,,00000000,,Release
00000021,33,00000022,00000002,2,CC7EAFC0,00000001,1,03C12B20,00000000,FALSE,F3A4341B-8371-4FED-A6D2-C51D337ADC27,Defense Charm II,AA88D677-C14C-4987-84F0-64136C99A605,"A charm that grants the Defense
Boost skill.",00000016,22,0000000F,4,00000000,I_NONE,000005DC,"1,500z",403C3180,Defense Boost,00000002,2,00000000,,00000000,,00000000,,00000000,,Release
00000022,34,00000023,00000003,3,CC7EAFC0,00000004,4,03C12B20,00000000,FALSE,CB06B57A-EDD5-4BD4-8D19-0B9E281E71F7,Defense Charm III,850141FC-1871-4D83-92B2-9908280BCE50,"A charm that grants the Defense
Boost skill.",00000017,23,0000000E,5,00000000,I_NONE,00000BB8,"3,000z",403C3180,Defense Boost,00000003,3,00000000,,00000000,,00000000,,00000000,,Release
00000023,35,00000024,00000004,4,CC7EAFC0,00000004,4,03C12B20,00000000,FALSE,181696B2-5C6B-4B3A-99D3-40AAF36491D1,Defense Charm IV,B62F12A5-008D-402C-AE88-0DE2A5A54BCE,"A charm that grants the Defense
Boost skill.",00000018,24,0000000D,6,00000000,I_NONE,00001770,"6,000z",403C3180,Defense Boost,00000004,4,00000000,,00000000,,00000000,,00000000,,Release
00000024,36,00000025,00000005,5,CC7EAFC0,00000004,4,03C12B20,00000000,FALSE,2426F624-E101-435C-85A3-7929CAB3609E,Defense Charm V,4FA37BD9-54CD-4DAD-97F4-CB572BB6C13F,"A charm that grants the Defense
Boost skill.",00000019,25,0000000C,7,00000000,I_NONE,00002328,"9,000z",403C3180,Defense Boost,00000005,5,00000000,,00000000,,00000000,,00000000,,TU1
00000025,37,00000026,00000001,1,4BA00B00,00000001,1,03C12B20,00000000,FALSE,4FD9A082-17BB-47F3-83E2-3339C5BE1A45,Blessing Charm I,008CFD61-E308-4304-B07C-C757E4E5C000,"A charm that grants
the Divine Blessing skill.",0000001A,26,00000010,3,00000000,I_NONE,000001F4,500z,50462980,Divine Blessing,00000001,1,00000000,,00000000,,00000000,,00000000,,Release
00000026,38,00000027,00000002,2,4BA00B00,00000001,1,03C12B20,00000000,FALSE,A8D978AD-64F4-4439-BBFA-0EFD6C27C02F,Blessing Charm II,FC936A14-F733-48A8-8B7D-22E8DF98BCE2,"A charm that grants
the Divine Blessing skill.",0000001B,27,0000000F,4,00000000,I_NONE,000005DC,"1,500z",50462980,Divine Blessing,00000002,2,00000000,,00000000,,00000000,,00000000,,Release
00000027,39,00000028,00000003,3,4BA00B00,00000004,4,03C12B20,00000000,FALSE,DE0AA0CE-6FA1-459F-87DF-405D7CA5E13A,Blessing Charm III,1014AE33-08D2-416B-BF3A-AFFF87FFC2B5,"A charm that grants
the Divine Blessing skill.",0000001C,28,0000000E,5,00000000,I_NONE,00000BB8,"3,000z",50462980,Divine Blessing,00000003,3,00000000,,00000000,,00000000,,00000000,,Release
00000040,64,00000041,00000001,1,93AF7900,00000001,1,03C12B20,00000000,FALSE,350CF5FA-9E35-402A-84F3-236C1CDE93F1,Fire Charm I,3DD14F1F-929F-4B7A-AB02-13DA244DCE3D,"A charm that grants the Fire
Resistance skill.",0000001D,29,00000011,2,00000000,I_NONE,000001F4,500z,54FB4F80,Fire Resistance,00000001,1,00000000,,00000000,,00000000,,00000000,,Release
00000041,65,00000042,00000002,2,93AF7900,00000001,1,03C12B20,00000000,FALSE,DB738A72-684B-497B-8FBB-E2A0C64296F2,Fire Charm II,53A8ADC6-E698-42FE-98E9-B87E3957B2E8,"A charm that grants the Fire
Resistance skill.",0000001E,30,0000000F,4,00000000,I_NONE,000005DC,"1,500z",54FB4F80,Fire Resistance,00000002,2,00000000,,00000000,,00000000,,00000000,,Release
00000042,66,00000043,00000003,3,93AF7900,00000004,4,03C12B20,00000000,FALSE,72FBFD90-1206-4971-A578-EA00B74F7592,Fire Charm III,D4BA3A8C-2D7A-4EE8-8DF0-0825806668A6,"A charm that grants the Fire
Resistance skill.",0000001F,31,0000000E,5,00000000,I_NONE,00000BB8,"3,000z",54FB4F80,Fire Resistance,00000003,3,00000000,,00000000,,00000000,,00000000,,Release
00000043,67,00000044,00000001,1,DDB0A080,00000001,1,03C12B20,00000000,FALSE,6C66D7D7-D00C-4DA2-8B81-39AC7D745B46,Water Charm I,86B8DF87-117A-439A-8DCB-A0CC3842FD21,"A charm that grants the Water
Resistance skill.",00000020,32,00000011,2,00000000,I_NONE,000001F4,500z,16D5B740,Water Resistance,00000001,1,00000000,,00000000,,00000000,,00000000,,Release
00000044,68,00000045,00000002,2,DDB0A080,00000001,1,03C12B20,00000000,FALSE,1C47577F-101D-4BD2-80E9-6C87499329FE,Water Charm II,055474FE-B589-41B6-B0A8-151F48D1C259,"A charm that grants the Water
Resistance skill.",00000021,33,0000000F,4,00000000,I_NONE,000005DC,"1,500z",16D5B740,Water Resistance,00000002,2,00000000,,00000000,,00000000,,00000000,,Release
00000045,69,00000046,00000003,3,DDB0A080,00000004,4,03C12B20,00000000,FALSE,3AB72106-31C0-4FB2-98AB-C473E226DAE6,Water Charm III,E0E25391-EF39-4270-A951-CD760413F4A0,"A charm that grants the Water
Resistance skill.",00000022,34,0000000E,5,00000000,I_NONE,00000BB8,"3,000z",16D5B740,Water Resistance,00000003,3,00000000,,00000000,,00000000,,00000000,,Release
00000046,70,00000047,00000001,1,C575E700,00000001,1,03C12B20,00000000,FALSE,C37610FC-3019-4A44-A1DF-D9C3B693DC5A,Thunder Charm I,7B460088-44EC-4BEE-A1C7-FD59EE824A03,"A charm that grants the Thunder
Resistance skill.",00000023,35,00000010,3,00000000,I_NONE,000001F4,500z,7FBCA280,Thunder Resistance,00000001,1,00000000,,00000000,,00000000,,00000000,,Release
00000047,71,00000048,00000002,2,C575E700,00000001,1,03C12B20,00000000,FALSE,225B85E2-03E0-429E-BB22-3B7691617509,Thunder Charm II,13537840-9F15-4762-A12F-3C7F4C0E5C62,"A charm that grants the Thunder
Resistance skill.",00000024,36,0000000F,4,00000000,I_NONE,000005DC,"1,500z",7FBCA280,Thunder Resistance,00000002,2,00000000,,00000000,,00000000,,00000000,,Release
00000048,72,00000049,00000003,3,C575E700,00000004,4,03C12B20,00000000,FALSE,E3EC3085-1928-40BF-9381-7655C7D71384,Thunder Charm III,113E065B-5EA1-43EA-B8F7-1F8D638C57BB,"A charm that grants the Thunder
Resistance skill.",00000025,37,0000000E,5,00000000,I_NONE,00000BB8,"3,000z",7FBCA280,Thunder Resistance,00000003,3,00000000,,00000000,,00000000,,00000000,,Release
00000049,73,0000004A,00000001,1,F2B063B0,00000001,1,03C12B20,00000000,FALSE,A6EFB98E-3E81-429D-8FC9-52E3615CC09D,Ice Charm I,97FCBB3D-FE62-4094-9FA6-953691C50609,"A charm that grants the Ice
Resistance skill.",00000026,38,00000010,3,00000000,I_NONE,000001F4,500z,26DF31C0,Ice Resistance,00000001,1,00000000,,00000000,,00000000,,00000000,,Release
0000004A,74,0000004B,00000002,2,F2B063B0,00000001,1,03C12B20,00000000,FALSE,9DCF5D51-9431-4F52-AA2B-FD14EBEC2DFC,Ice Charm II,5894A402-016C-4612-A35F-FB776E2ACCA1,"A charm that grants the Ice
Resistance skill.",00000027,39,0000000F,4,00000000,I_NONE,000005DC,"1,500z",26DF31C0,Ice Resistance,00000002,2,00000000,,00000000,,00000000,,00000000,,Release
0000004B,75,0000004C,00000003,3,F2B063B0,00000004,4,03C12B20,00000000,FALSE,499CAB14-A15A-454B-92C6-B07ADF06A703,Ice Charm III,84E56477-648D-49D3-A084-60C766AEC51F,"A charm that grants the Ice
Resistance skill.",00000028,40,0000000E,5,00000000,I_NONE,00000BB8,"3,000z",26DF31C0,Ice Resistance,00000003,3,00000000,,00000000,,00000000,,00000000,,Release
0000004C,76,0000004D,00000001,1,7785DF00,00000001,1,03C12B20,00000000,FALSE,039F31DD-715B-40EC-B01B-3C45E1F4AA61,Dragon Charm I,8D778CE7-2AE4-4A37-B022-152FFCE28523,"A charm that grants the Dragon
Resistance skill.",00000029,41,00000010,3,00000000,I_NONE,000001F4,500z,81538400,Dragon Resistance,00000001,1,00000000,,00000000,,00000000,,00000000,,Release
0000004D,77,0000004E,00000002,2,7785DF00,00000001,1,03C12B20,00000000,FALSE,B0E6A16E-A080-4091-80E9-BB34564BAB66,Dragon Charm II,50F4A9B0-4FA9-4F60-8EC5-088EDE7F9312,"A charm that grants the Dragon
Resistance skill.",0000002A,42,0000000F,4,00000000,I_NONE,000005DC,"1,500z",81538400,Dragon Resistance,00000002,2,00000000,,00000000,,00000000,,00000000,,Release
0000004E,78,0000004F,00000003,3,7785DF00,00000004,4,03C12B20,00000000,FALSE,0355C863-05C2-42ED-B547-24E879EBA71D,Dragon Charm III,18F14BD5-4CA7-476E-94E9-F1324EA0C7FB,"A charm that grants the Dragon
Resistance skill.",0000002B,43,0000000E,5,00000000,I_NONE,00000BB8,"3,000z",81538400,Dragon Resistance,00000003,3,00000000,,00000000,,00000000,,00000000,,Release
00000052,82,00000053,00000001,1,CCFD9980,00000001,1,03C12B20,00000000,FALSE,F34E2DED-AD75-4656-8FBB-0495E5E956A1,Poison Charm I,FCF80EB3-CEF2-45C2-A18E-C085316F32A7,"A charm that grants the Poison
Resistance skill.",0000002C,44,00000010,3,00000000,I_NONE,000001F4,500z,56FF6980,Poison Resistance,00000001,1,00000000,,00000000,,00000000,,00000000,,Release
00000053,83,00000054,00000002,2,CCFD9980,00000001,1,03C12B20,00000000,FALSE,675A487F-9A58-4CCB-9BBD-3675062F2351,Poison Charm II,CF2386FC-D620-44D7-9D27-9ECB35C808B7,"A charm that grants the Poison
Resistance skill.",0000002D,45,0000000F,4,00000000,I_NONE,000005DC,"1,500z",56FF6980,Poison Resistance,00000002,2,00000000,,00000000,,00000000,,00000000,,Release
00000054,84,00000055,00000003,3,CCFD9980,00000004,4,03C12B20,00000000,FALSE,D322B80D-744A-4D9C-90B8-CB192FE74410,Poison Charm III,95A91F7E-AF44-4B65-9016-B906E14BF4B3,"A charm that grants the Poison
Resistance skill.",0000002E,46,0000000E,5,00000000,I_NONE,00000BB8,"3,000z",56FF6980,Poison Resistance,00000003,3,00000000,,00000000,,00000000,,00000000,,Release
00000055,85,00000056,00000001,1,B9DA5500,00000001,1,03C12B20,00000000,FALSE,4514FBC5-0EA1-4B4E-A832-8B3738D263FD,Paralysis Charm I,A478D070-FB72-47A7-9E85-C0F903821AFE,"A charm that grants the
Paralysis Resistance skill.",0000002F,47,00000011,2,00000000,I_NONE,000001F4,500z,1F217EC0,Paralysis Resistance,00000001,1,00000000,,00000000,,00000000,,00000000,,Release
00000056,86,00000057,00000002,2,B9DA5500,00000001,1,03C12B20,00000000,FALSE,0AD3D561-7D0F-40C4-A70F-AE2C4C1EF80B,Paralysis Charm II,4F566653-3222-4EA5-AB52-B97475F015BE,"A charm that grants the
Paralysis Resistance skill.",00000030,48,0000000F,4,00000000,I_NONE,000005DC,"1,500z",1F217EC0,Paralysis Resistance,00000002,2,00000000,,00000000,,00000000,,00000000,,Release
00000057,87,00000058,00000003,3,B9DA5500,00000004,4,03C12B20,00000000,FALSE,AD7C995D-019D-4BC5-BFB6-7611EE596652,Paralysis Charm III,B6F2AD9A-1611-4095-A3FB-4D743A1CFA00,"A charm that grants the
Paralysis Resistance skill.",00000031,49,0000000E,5,00000000,I_NONE,00000BB8,"3,000z",1F217EC0,Paralysis Resistance,00000003,3,00000000,,00000000,,00000000,,00000000,,Release
00000058,88,00000059,00000001,1,A21F0E00,00000001,1,03C12B20,00000000,FALSE,6B993D7A-2594-4E26-AFD0-0C91D80C6B34,Sleep Charm I,FB317EC9-0463-42D4-B8EA-DCEE3BEACFF6,"A charm that grants the Sleep
Resistance skill.",00000032,50,00000010,3,00000000,I_NONE,000001F4,500z,F47E9280,Sleep Resistance,00000001,1,00000000,,00000000,,00000000,,00000000,,Release
00000059,89,0000005A,00000002,2,A21F0E00,00000001,1,03C12B20,00000000,FALSE,7F0F1B32-EFF3-4669-8328-82B82EFC6A89,Sleep Charm II,2F3792D2-5BBF-4CAB-8FB7-3C4E65B43034,"A charm that grants the Sleep
Resistance skill.",00000033,51,0000000F,4,00000000,I_NONE,000005DC,"1,500z",F47E9280,Sleep Resistance,00000002,2,00000000,,00000000,,00000000,,00000000,,Release
0000005A,90,0000005B,00000003,3,A21F0E00,00000004,4,03C12B20,00000000,FALSE,FA00E489-3089-4B8A-8CC2-FCC1A5F97DDA,Sleep Charm III,DC721445-4DF5-4841-8FDC-500213321F4A,"A charm that grants the Sleep
Resistance skill.",00000034,52,0000000E,5,00000000,I_NONE,00000BB8,"3,000z",F47E9280,Sleep Resistance,00000003,3,00000000,,00000000,,00000000,,00000000,,Release
0000009B,155,0000009C,00000001,1,4E656080,00000001,1,03C12B20,00000000,FALSE,B8B0A736-CB7C-4242-9ABD-481E7CDDDAA2,Guard Charm I,9F5E3B9D-046B-4D36-B0C7-68F50ED55039,"A charm that grants the Iron
Skin skill.",00000035,53,00000010,3,00000000,I_NONE,000001F4,500z,5ABFCA00,Iron Skin,00000001,1,00000000,,00000000,,00000000,,00000000,,Release
0000009C,156,0000009D,00000002,2,4E656080,00000004,4,03C12B20,00000000,FALSE,314BEF68-8BB2-4061-86BF-830BF8006AD5,Guard Charm II,55504601-B6B0-4EF7-855E-D421C44CCE00,"A charm that grants the Iron
Skin skill.",00000036,54,0000000E,5,00000000,I_NONE,00000BB8,"3,000z",5ABFCA00,Iron Skin,00000002,2,00000000,,00000000,,00000000,,00000000,,Release
0000009D,157,0000009E,00000003,3,4E656080,00000004,4,03C12B20,00000000,FALSE,CA776008-8D87-4DA0-9306-64D82E973388,Guard Charm III,0D746ADF-4631-4DF8-B2FB-C3B8770425F0,"A charm that grants the Iron
Skin skill.",00000037,55,0000000D,6,00000000,I_NONE,00001770,"6,000z",5ABFCA00,Iron Skin,00000003,3,00000000,,00000000,,00000000,,00000000,,Release
0000004F,79,00000050,00000001,1,EA456FE0,00000004,4,03C12B20,00000000,FALSE,D15068AF-67E6-44CD-B984-72D35DC7B9AD,Blight Charm I,1CC9A807-56CE-4936-94A2-2F207A23A8D6,"A charm that grants the Blight
Resistance skill.",00000038,56,0000000D,6,00000000,I_NONE,00001770,"6,000z",DE183740,Blight Resistance,00000001,1,00000000,,00000000,,00000000,,00000000,,Release
00000050,80,00000051,00000002,2,EA456FE0,00000004,4,03C12B20,00000000,FALSE,E6CD4A5F-15DD-4E4E-AF24-26C0080FB554,Blight Charm II,ED66A52A-4C4B-4CA1-BC19-8F81C1FC6C2B,"A charm that grants the Blight
Resistance skill.",00000039,57,0000000C,7,00000000,I_NONE,00002328,"9,000z",DE183740,Blight Resistance,00000002,2,00000000,,00000000,,00000000,,00000000,,Release
0000005B,91,0000005C,00000001,1,AE64CD80,00000001,1,03C12B20,00000000,FALSE,FA8B712E-3EDB-47D8-A6A9-AF785DDE4293,Stun Charm I,89A5D5A4-6802-4CB8-98C7-6DBC99A0538C,"A charm that grants the Stun
Resistance skill.",0000003B,59,00000010,3,00000000,I_NONE,000001F4,500z,2A0A4AC0,Stun Resistance,00000001,1,00000000,,00000000,,00000000,,00000000,,Release
0000005C,92,0000005D,00000002,2,AE64CD80,00000001,1,03C12B20,00000000,FALSE,83ABBF46-E849-4AA4-9287-B55F643E30AB,Stun Charm II,4CD427F3-7B95-4131-9807-B49ABB18DD80,"A charm that grants the Stun
Resistance skill.",0000003C,60,0000000F,4,00000000,I_NONE,000005DC,"1,500z",2A0A4AC0,Stun Resistance,00000002,2,00000000,,00000000,,00000000,,00000000,,Release
0000005D,93,0000005E,00000003,3,AE64CD80,00000004,4,03C12B20,00000000,FALSE,7BF7930B-8454-4868-AF8C-9ACA54C27AC6,Stun Charm III,F2F42DDC-A704-49C6-AFD8-15BA7AF962FA,"A charm that grants the Stun
Resistance skill.",0000003D,61,0000000E,5,00000000,I_NONE,00000BB8,"3,000z",2A0A4AC0,Stun Resistance,00000003,3,00000000,,00000000,,00000000,,00000000,,Release
00000098,152,00000099,00000001,1,463F0800,00000001,1,03C12B20,00000000,FALSE,DCBECA7C-48CE-4C0F-BD7D-BF8AC6AF00F7,Bleed Charm I,B62655A2-A43F-4517-AD6E-E46807066133,"A charm that grants the Bleeding
Resistance skill.",0000003E,62,00000010,3,00000000,I_NONE,000001F4,500z,73AE9380,Bleeding Resistance,00000001,1,00000000,,00000000,,00000000,,00000000,,Release
00000099,153,0000009A,00000002,2,463F0800,00000004,4,03C12B20,00000000,FALSE,F6CAE620-66F7-4376-A0E0-BC56D6699EE1,Bleed Charm II,7A84E597-361E-4AB3-9E98-F16CAE79DB69,"A charm that grants the Bleeding
Resistance skill.",0000003F,63,0000000E,5,00000000,I_NONE,00000BB8,"3,000z",73AE9380,Bleeding Resistance,00000002,2,00000000,,00000000,,00000000,,00000000,,Release
0000009A,154,0000009B,00000003,3,463F0800,00000004,4,03C12B20,00000000,FALSE,9F2638D1-5233-4596-9B2F-CF9AD9790231,Bleed Charm III,87CA0608-9B86-4E74-9FC7-6FC4E4CEE851,"A charm that grants the Bleeding
Resistance skill.",00000040,64,0000000D,6,00000000,I_NONE,00001770,"6,000z",73AE9380,Bleeding Resistance,00000003,3,00000000,,00000000,,00000000,,00000000,,Release
000000A8,168,000000A9,00000001,1,61636500,00000001,1,03C12B20,00000000,FALSE,C87DA8BF-4D68-4758-9255-BC52BDA50822,Escape Charm I,CB74997F-1C28-4776-9BFA-8A12D769B600,"A charm that grants the
Bind Resistance skill.",00000041,65,0000000F,4,00000000,I_NONE,000005DC,"1,500z",75316800,Bind Resistance,00000001,1,00000000,,00000000,,00000000,,00000000,,Release
000000A9,169,000000AA,00000002,2,61636500,00000004,4,03C12B20,00000000,FALSE,7587C86D-7F7B-4845-8B01-DF1C410D920F,Escape Charm II,4EF87524-2E47-4BFA-AFCE-7C7F32108F03,"A charm that grants the
Bind Resistance skill.",00000042,66,0000000D,6,00000000,I_NONE,00001770,"6,000z",75316800,Bind Resistance,00000002,2,00000000,,00000000,,00000000,,00000000,,Release
000000AA,170,000000AB,00000003,3,61636500,00000004,4,03C12B20,00000000,FALSE,F7646CAA-38CE-4CBC-B9B4-AACEDE2B1E0F,Escape Charm III,CB86A45A-3FC7-40A6-8C64-977B3BA616AE,"A charm that grants the
Bind Resistance skill.",00000043,67,0000000C,7,00000000,I_NONE,00002328,"9,000z",75316800,Bind Resistance,00000003,3,00000000,,00000000,,00000000,,00000000,,Release
0000005E,94,0000005F,00000001,1,A639B280,00000001,1,03C12B20,00000000,FALSE,B500B662-CE50-4698-90EE-67F11E0E5262,Blast Charm I,AB948E14-8227-4B20-80D8-912FD37004E5,"A charm that grants the Blast
Resistance skill.",00000044,68,00000010,3,00000000,I_NONE,000001F4,500z,30E61800,Blast Resistance,00000001,1,00000000,,00000000,,00000000,,00000000,,Release
0000005F,95,00000060,00000002,2,A639B280,00000001,1,03C12B20,00000000,FALSE,E772B3F5-59DD-4C49-8FC6-8170720B7FC8,Blast Charm II,CA15030F-0935-4664-A5BD-E0836D8F7F13,"A charm that grants the Blast
Resistance skill.",00000045,69,0000000F,4,00000000,I_NONE,000005DC,"1,500z",30E61800,Blast Resistance,00000002,2,00000000,,00000000,,00000000,,00000000,,Release
00000060,96,00000061,00000003,3,A639B280,00000004,4,03C12B20,00000000,FALSE,E8A3C2B7-2546-4D16-BFC1-11E360496E7B,Blast Charm III,12B1CEFF-1F18-4665-B51D-FFDE446979B8,"A charm that grants the Blast
Resistance skill.",00000046,70,0000000E,5,00000000,I_NONE,00000BB8,"3,000z",30E61800,Blast Resistance,00000003,3,00000000,,00000000,,00000000,,00000000,,Release
00000028,40,00000029,00000001,1,64DED900,00000001,1,03C12B20,00000000,FALSE,4CC5E63F-7BAF-47A9-95E1-88A5BD36F02E,Recovery Charm I,90E3DAAD-1AAB-45F3-A601-305958405580,"A charm that grants the Recovery
Up skill.",00000047,71,00000010,3,00000000,I_NONE,000001F4,500z,B6595880,Recovery Up,00000001,1,00000000,,00000000,,00000000,,00000000,,Release
00000029,41,0000002A,00000002,2,64DED900,00000001,1,03C12B20,00000000,FALSE,4FEC41BB-6DF3-4388-BF79-19939DAAD20E,Recovery Charm II,F91EEDDD-452A-44B3-90A0-4BF37E8961DD,"A charm that grants the Recovery
Up skill.",00000048,72,0000000F,4,00000000,I_NONE,000005DC,"1,500z",B6595880,Recovery Up,00000002,2,00000000,,00000000,,00000000,,00000000,,Release
0000002A,42,0000002B,00000003,3,64DED900,00000004,4,03C12B20,00000000,FALSE,1BCCBF3E-B81A-4FB7-A599-01EC9413B8A0,Recovery Charm III,73C23B53-760A-4E89-BD4E-C115D727114E,"A charm that grants the Recovery
Up skill.",00000049,73,0000000E,5,00000000,I_NONE,00000BB8,"3,000z",B6595880,Recovery Up,00000003,3,00000000,,00000000,,00000000,,00000000,,Release
0000002B,43,0000002C,00000001,1,64C57E00,00000001,1,03C12B20,00000000,FALSE,32C8A81E-C699-45CA-8848-B1DA94F33292,Speed Heal Charm I,96A4EDCE-B168-4E13-8AE4-21DC7D79CBD2,"A charm that grants the Recovery
Speed skill.",0000004A,74,00000011,2,00000000,I_NONE,000001F4,500z,BD27BF80,Recovery Speed,00000001,1,00000000,,00000000,,00000000,,00000000,,Release
0000002C,44,0000002D,00000002,2,64C57E00,00000001,1,03C12B20,00000000,FALSE,33C55511-7D3B-4CA9-B6A2-9C061B36AD11,Speed Heal Charm II,B5C31FE2-87B9-4012-A665-15032B6E617E,"A charm that grants the Recovery
Speed skill.",0000004B,75,0000000F,4,00000000,I_NONE,000005DC,"1,500z",BD27BF80,Recovery Speed,00000002,2,00000000,,00000000,,00000000,,00000000,,Release
0000002D,45,0000002E,00000003,3,64C57E00,00000004,4,03C12B20,00000000,FALSE,F767C024-DD69-4C9D-BA8D-1CC605802837,Speed Heal Charm III,5539B8C2-2D18-4797-B303-B543C5A55947,"A charm that grants the Recovery
Speed skill.",0000004C,76,0000000E,5,00000000,I_NONE,00000BB8,"3,000z",BD27BF80,Recovery Speed,00000003,3,00000000,,00000000,,00000000,,00000000,,Release
0000009F,159,000000A0,00000001,1,BA24B200,00000001,1,03C12B20,00000000,FALSE,B32EE49E-BCA3-4788-9F36-A17063306C0F,Survival Charm I,E390ECE9-861A-4FBE-B78D-DDCCF2AC1BB3,"A charm that grants the Survival
Expert skill.",0000004D,77,00000010,3,00000000,I_NONE,000001F4,500z,DCA774C0,Survival Expert,00000001,1,00000000,,00000000,,00000000,,00000000,,Release
000000A0,160,000000A1,00000002,2,BA24B200,00000004,4,03C12B20,00000000,FALSE,2A7F11B0-7230-43AC-AEDA-BA64F235643B,Survival Charm II,8E6F46B8-19F3-49F3-A264-4136052340CC,"A charm that grants the Survival
Expert skill.",0000004E,78,0000000E,5,00000000,I_NONE,00000BB8,"3,000z",DCA774C0,Survival Expert,00000002,2,00000000,,00000000,,00000000,,00000000,,Release
000000A1,161,000000A2,00000003,3,BA24B200,00000004,4,03C12B20,00000000,FALSE,86542B30-C61F-42EC-9233-7B0CE10F37B2,Survival Charm III,6FCF22D9-02DE-4680-BCF0-029E6564DCD5,"A charm that grants the Survival
Expert skill.",0000004F,79,0000000D,6,00000000,I_NONE,00001770,"6,000z",DCA774C0,Survival Expert,00000003,3,00000000,,00000000,,00000000,,00000000,,Release
00000003,3,00000004,00000001,1,67FAC800,00000001,1,4CC3AC80,00000000,FALSE,557BE166-FF64-4219-AA8F-B5DECF7DA225,Fitness Charm I,85560730-3118-4EFF-BF09-BE2F01728569,"A charm that grants the
Constitution skill.",00000050,80,0000000F,4,00000000,I_NONE,000005DC,"1,500z",9B4DED80,Constitution,00000001,1,00000000,,00000000,,00000000,,00000000,,Release
00000004,4,00000005,00000002,2,67FAC800,00000004,4,4CC3AC80,00000000,FALSE,3419F639-F057-413F-B0B4-43680AA70ED3,Fitness Charm II,5B8ED7C2-7B8E-4402-9E95-A00E7A261351,"A charm that grants the
Constitution skill.",00000051,81,0000000E,5,00000000,I_NONE,00000BB8,"3,000z",9B4DED80,Constitution,00000002,2,00000000,,00000000,,00000000,,00000000,,Release
00000005,5,00000006,00000003,3,67FAC800,00000004,4,4CC3AC80,00000000,FALSE,1EB818A0-B1E9-480E-98E5-D561B3698193,Fitness Charm III,F449D7BE-5FBD-4657-855E-4CA9A1387E0E,"A charm that grants the
Constitution skill.",00000052,82,0000000D,6,00000000,I_NONE,00001770,"6,000z",9B4DED80,Constitution,00000003,3,00000000,,00000000,,00000000,,00000000,,Release
00000006,6,00000007,00000004,4,67FAC800,00000004,4,4CC3AC80,00000000,FALSE,0CE7115A-E7A0-4896-890E-22DA543A3FA4,Fitness Charm IV,86E3EB92-5D2B-4905-8973-740B7CA645FD,"A charm that grants the
Constitution skill.",00000053,83,0000000C,7,00000000,I_NONE,00002328,"9,000z",9B4DED80,Constitution,00000004,4,00000000,,00000000,,00000000,,00000000,,Release
00000007,7,00000008,00000005,5,67FAC800,00000004,4,4CC3AC80,00000000,FALSE,8FA14912-3E2E-404A-9B0F-3521666CAF77,Fitness Charm V,D817AE3F-DFFA-4CAC-932F-14C9AF34D944,"A charm that grants the
Constitution skill.",00000054,84,0000000B,8,00000000,I_NONE,00003E80,"16,000z",9B4DED80,Constitution,00000005,5,00000000,,00000000,,00000000,,00000000,,TU1
0000001D,29,0000001E,00000001,1,C6EC2E40,00000001,1,03C12B20,00000000,FALSE,EE4A91B7-8DF3-4C66-8F5D-B2692BE169B7,Surge Charm I,5C5AD019-D32F-42C4-8258-01F9E6B39CBA,"A charm that grants the Stamina
Surge skill.",00000055,85,0000000F,4,00000000,I_NONE,000005DC,"1,500z",ED31F720,Stamina Surge,00000001,1,00000000,,00000000,,00000000,,00000000,,Release
0000001E,30,0000001F,00000002,2,C6EC2E40,00000004,4,03C12B20,00000000,FALSE,9BE582F7-1BAF-4046-896D-93441DF89339,Surge Charm II,CEAE6039-B720-456E-B8EC-F92C37709F6B,"A charm that grants the Stamina
Surge skill.",00000056,86,0000000E,5,00000000,I_NONE,00000BB8,"3,000z",ED31F720,Stamina Surge,00000002,2,00000000,,00000000,,00000000,,00000000,,Release
0000001F,31,00000020,00000003,3,C6EC2E40,00000004,4,03C12B20,00000000,FALSE,83B6DC0E-7EEC-480C-80C5-C436BC61D095,Surge Charm III,8B3355A3-2D1B-42FA-90C8-B02B8F91FAF8,"A charm that grants the Stamina
Surge skill.",00000057,87,0000000D,6,00000000,I_NONE,00001770,"6,000z",ED31F720,Stamina Surge,00000003,3,00000000,,00000000,,00000000,,00000000,,Release
00000000,0,00000001,00000001,1,34DACC40,00000001,1,B1DEBC80,00000000,FALSE,E33F2711-F784-4030-92D8-062905B76265,Marathon Charm I,E3413820-FE5D-4397-8024-4FE212902582,"A charm that grants the Marathon
Runner skill.",00000058,88,0000000F,4,00000000,I_NONE,000005DC,"1,500z",D7508FC0,Marathon Runner,00000001,1,00000000,,00000000,,00000000,,00000000,,Release
00000001,1,00000002,00000002,2,34DACC40,00000004,4,B1DEBC80,00000000,FALSE,BC7CBC9C-8288-4B6A-A237-7EFC0A7BC013,Marathon Charm II,C9785786-2D48-4A7B-A184-11761FD32962,"A charm that grants the Marathon
Runner skill.",00000059,89,0000000E,5,00000000,I_NONE,00000BB8,"3,000z",D7508FC0,Marathon Runner,00000002,2,00000000,,00000000,,00000000,,00000000,,Release
00000002,2,00000003,00000003,3,34DACC40,00000004,4,B1DEBC80,00000000,FALSE,B760FCED-112E-4028-B9C6-247F73C2BD9A,Marathon Charm III,E3EB9098-1F35-427B-B848-AD0E3709B5CC,"A charm that grants the Marathon
Runner skill.",0000005A,90,0000000D,6,00000000,I_NONE,00001770,"6,000z",D7508FC0,Marathon Runner,00000003,3,00000000,,00000000,,00000000,,00000000,,Release
00000083,131,00000084,00000001,1,93DB8E00,00000001,1,03C12B20,00000000,FALSE,54A1E5B7-1B8B-45C4-A9A3-DAD3F5A783AC,Hungerless Charm I,89A92F60-A601-4283-A574-05A0C56FF3DA,"A charm that grants the Hunger
Resistance skill.",0000005B,91,00000011,2,00000000,I_NONE,000001F4,500z,79E68180,Hunger Resistance,00000001,1,00000000,,00000000,,00000000,,00000000,,Release
00000084,132,00000085,00000002,2,93DB8E00,00000001,1,03C12B20,00000000,FALSE,DF5F4D40-4FB7-461A-A54C-5BCCA8546478,Hungerless Charm II,CB654748-986B-421F-B828-B2D5B1EA20BE,"A charm that grants the Hunger
Resistance skill.",0000005C,92,0000000F,4,00000000,I_NONE,000005DC,"1,500z",79E68180,Hunger Resistance,00000002,2,00000000,,00000000,,00000000,,00000000,,Release
00000085,133,00000086,00000003,3,93DB8E00,00000004,4,03C12B20,00000000,FALSE,434F03A5-174A-4D61-BF72-A547A61B328E,Hungerless Charm III,CD95CF51-4DFF-46D0-8650-02F11BECC5F6,"A charm that grants the Hunger
Resistance skill.",0000005D,93,0000000E,5,00000000,I_NONE,00000BB8,"3,000z",79E68180,Hunger Resistance,00000003,3,00000000,,00000000,,00000000,,00000000,,Release
0000000B,11,0000000C,00000001,1,A4DED500,00000004,4,03C12B20,00000000,FALSE,926272A2-3540-4398-A869-57F7A3723F01,Challenger Charm I,6E4F15C0-9442-4C3E-B767-E071AE61547C,"A charm that grants the Agitator
skill.",0000005E,94,0000000E,5,00000000,I_NONE,00000BB8,"3,000z",6F378580,Agitator,00000001,1,00000000,,00000000,,00000000,,00000000,,Release
0000000C,12,0000000D,00000002,2,A4DED500,00000004,4,03C12B20,00000000,FALSE,E8F0C9FC-58D5-4072-A067-F37EEBAA4F1B,Challenger Charm II,944BB0AC-58AB-4B00-B54D-F41C02EE7E18,"A charm that grants the Agitator
skill.",0000005F,95,0000000C,7,00000000,I_NONE,00002328,"9,000z",6F378580,Agitator,00000002,2,00000000,,00000000,,00000000,,00000000,,Release
00000017,23,00000018,00000001,1,C90218C0,00000004,4,03C12B20,00000000,FALSE,8E7DA41E-BC83-45A9-ACC7-3386017382BF,Power Charm I,933A7314-A9B5-4A0D-8990-3259783877D9,"A charm that grants the Latent
Power skill.",00000061,97,0000000E,5,00000000,I_NONE,00000BB8,"3,000z",69182900,Latent Power,00000001,1,00000000,,00000000,,00000000,,00000000,,Release
00000018,24,00000019,00000002,2,C90218C0,00000004,4,03C12B20,00000000,FALSE,F51D6FA8-F269-45F8-B255-57A34882009C,Power Charm II,5AFE18AC-0B4D-4BF3-9228-5D57721BEF6D,"A charm that grants the Latent
Power skill.",00000062,98,0000000C,7,00000000,I_NONE,00002328,"9,000z",69182900,Latent Power,00000002,2,00000000,,00000000,,00000000,,00000000,,Release
00000019,25,0000001A,00000003,3,C90218C0,00000004,4,03C12B20,00000000,FALSE,FAE9475E-4D9D-4EB5-8FAE-C600A0417D81,Power Charm III,BF5F6DE9-C26D-4960-BB61-28FB52A7561F,"A charm that grants the Latent
Power skill.",00000063,99,0000000B,8,00000000,I_NONE,00003E80,"16,000z",69182900,Latent Power,00000003,3,00000000,,00000000,,00000000,,00000000,,TU1
0000007C,124,0000007D,00000001,1,98081380,00000001,1,03C12B20,00000000,FALSE,75078D8B-3958-449C-BBF7-2625DA67A80E,Grit Charm I,0FF7420F-4931-4FE5-9B08-8ED1E86ED592,"A charm that grants the Heroics
skill.",00000064,100,0000000F,4,00000000,I_NONE,000005DC,"1,500z",19316180,Heroics,00000001,1,00000000,,00000000,,00000000,,00000000,,Release
0000007D,125,0000007E,00000002,2,98081380,00000004,4,03C12B20,00000000,FALSE,DF5E3C7E-772B-4818-B90C-CB61863DC14B,Grit Charm II,88557278-E4DB-4954-B5A1-8323FA400254,"A charm that grants the Heroics
skill.",00000065,101,0000000D,6,00000000,I_NONE,00001770,"6,000z",19316180,Heroics,00000002,2,00000000,,00000000,,00000000,,00000000,,Release
0000007E,126,0000007F,00000003,3,98081380,00000004,4,03C12B20,00000000,FALSE,7EDD1EF3-6B9F-4193-AE7C-6F67072F127E,Grit Charm III,FD5BA626-0080-4296-8FE4-3B39237626A3,"A charm that grants the Heroics
skill.",00000066,102,0000000C,7,00000000,I_NONE,00002328,"9,000z",19316180,Heroics,00000003,3,00000000,,00000000,,00000000,,00000000,,Release
00000089,137,0000008A,00000001,1,77E10F00,00000001,1,03C12B20,00000000,FALSE,1A1F2727-0E32-403B-9056-7952D73AFF7D,Foray Charm I,D9C630BA-21CC-4C54-B0D3-E1E402456591,"A charm that grants the Foray
skill.",00000068,104,0000000F,4,00000000,I_NONE,000005DC,"1,500z",01A66F88,Foray,00000001,1,00000000,,00000000,,00000000,,00000000,,Release
0000008A,138,0000008B,00000002,2,77E10F00,00000004,4,03C12B20,00000000,FALSE,2E8E8168-CE4D-483E-889E-5EBD820DB19A,Foray Charm II,A9C92ED5-3C8C-425A-AA8A-E9A4069ECC0C,"A charm that grants the Foray
skill.",00000069,105,0000000D,6,00000000,I_NONE,00001770,"6,000z",01A66F88,Foray,00000002,2,00000000,,00000000,,00000000,,00000000,,Release
0000008F,143,00000090,00000001,1,7C8CAF80,00000004,4,03C12B20,00000000,FALSE,7394A251-7819-4C02-BFFA-FEA591585871,Chain Charm I,A334DC23-145D-4DA8-8E4D-37016C9A9171,"A charm that grants the
Burst skill.",0000006B,107,0000000E,5,00000000,I_NONE,00000BB8,"3,000z",21BA7280,Burst,00000001,1,00000000,,00000000,,00000000,,00000000,,Release
00000090,144,00000091,00000002,2,7C8CAF80,00000004,4,03C12B20,00000000,FALSE,D3432B4F-A8E0-40FB-BCCA-8C25FAD57A16,Chain Charm II,B813966C-320E-44E5-BB4D-4EE1298E0CC6,"A charm that grants the
Burst skill.",0000006C,108,0000000C,7,00000000,I_NONE,00002328,"9,000z",21BA7280,Burst,00000002,2,00000000,,00000000,,00000000,,00000000,,Release
000000AB,171,000000AC,00000001,1,361B2B00,00000001,1,03C12B20,00000000,FALSE,106A9BB1-7657-49D8-860A-0EA4EA8F0E2E,Chainblade Charm I,BA59BF6C-67A6-4FD6-B6A0-BB38D292C4CC,"A charm that grants the Flayer
skill.",0000006E,110,0000000F,4,00000000,I_NONE,000005DC,"1,500z",CCF58D00,Flayer,00000001,1,00000000,,00000000,,00000000,,00000000,,Release
000000AC,172,000000AD,00000002,2,361B2B00,00000004,4,03C12B20,00000000,FALSE,D185158C-3AC5-4323-9F7F-876F97EBF994,Chainblade Charm II,2A557428-AF1D-42BF-BD50-CD8EE65B2AA7,"A charm that grants the Flayer
skill.",0000006F,111,0000000C,7,00000000,I_NONE,00002328,"9,000z",CCF58D00,Flayer,00000002,2,00000000,,00000000,,00000000,,00000000,,Release
00000068,104,00000069,00000001,1,003E2F69,00000004,4,03C12B20,00000000,FALSE,8E7D0A12-00CD-4D47-BF48-EE1799643FE7,Breaker Charm I,0FA470D8-0727-49FF-986C-FD4773ACD9F2,"A charm that grants the
Partbreaker skill.",00000072,114,0000000E,5,00000000,I_NONE,00000BB8,"3,000z",57AD1280,Partbreaker,00000001,1,00000000,,00000000,,00000000,,00000000,,Release
00000069,105,0000006A,00000002,2,003E2F69,00000004,4,03C12B20,00000000,FALSE,17C3FBDD-69C7-4ECB-BDE8-7D6A6B227ACB,Breaker Charm II,A1159A8A-4CE7-4F3D-B405-668C0F490491,"A charm that grants the
Partbreaker skill.",00000073,115,0000000C,7,00000000,I_NONE,00002328,"9,000z",57AD1280,Partbreaker,00000002,2,00000000,,00000000,,00000000,,00000000,,Release
0000008C,140,0000008D,00000001,1,428FA680,00000004,4,03C12B20,00000000,FALSE,7D1510C0-EDCE-4073-A343-EF88F0183DB3,Phoenix Charm I,2C73C954-2497-4690-94DD-2AF73CF58245,"A charm that grants the
Coalescence skill.",00000075,117,0000000D,6,00000000,I_NONE,00001770,"6,000z",9AA0B780,Coalescence,00000001,1,00000000,,00000000,,00000000,,00000000,,Release
0000008D,141,0000008E,00000002,2,428FA680,00000004,4,03C12B20,00000000,FALSE,0CE671D1-6860-49DA-B43C-81A5A3298382,Phoenix Charm II,2F528829-7050-4A01-9F9F-D7DE9F357DCF,"A charm that grants the
Coalescence skill.",00000076,118,0000000C,7,00000000,I_NONE,00002328,"9,000z",9AA0B780,Coalescence,00000002,2,00000000,,00000000,,00000000,,00000000,,Release
00000095,149,00000096,00000001,1,4F24B200,00000001,1,03C12B20,00000000,FALSE,E9D99341-7A04-4ABC-B5C6-75BA556296A6,Descent Charm I,9A6EC329-7B06-4FBF-9E0C-5B9CE0BC3B9A,"A charm that grants the Ambush
skill.",00000078,120,0000000F,4,00000000,I_NONE,000005DC,"1,500z",F5C29690,Ambush,00000001,1,00000000,,00000000,,00000000,,00000000,,Release
00000096,150,00000097,00000002,2,4F24B200,00000004,4,03C12B20,00000000,FALSE,3E90714B-18B5-4AFF-B1A5-DE560565CA8B,Descent Charm II,F61ADF36-FD44-4338-9718-693079D693C8,"A charm that grants the Ambush
skill.",00000079,121,0000000D,6,00000000,I_NONE,00001770,"6,000z",F5C29690,Ambush,00000002,2,00000000,,00000000,,00000000,,00000000,,Release
000000B3,179,000000B4,00000001,1,15E71580,00000004,4,03C12B20,00000000,FALSE,E9E60E27-4D4E-47B4-9D0D-6A805ABE3BC1,Sanity Charm I,CF198646-B016-4E40-924B-6BA1C09BE79D,"A charm that grants the
Antivirus skill.",0000007B,123,0000000E,5,00000000,I_NONE,00000BB8,"3,000z",9CEE0F00,Antivirus,00000001,1,00000000,,00000000,,00000000,,00000000,,Release
000000B4,180,000000B5,00000002,2,15E71580,00000004,4,03C12B20,00000000,FALSE,D19CB157-AB57-4251-A4C6-C809ECBD75D1,Sanity Charm II,F90FE4D1-697F-4D4F-8019-72B261925E3C,"A charm that grants the
Antivirus skill.",0000007C,124,0000000D,6,00000000,I_NONE,00001770,"6,000z",9CEE0F00,Antivirus,00000002,2,00000000,,00000000,,00000000,,00000000,,Release
000000B5,181,000000B6,00000003,3,15E71580,00000004,4,03C12B20,00000000,FALSE,54D61435-C3D9-414E-85C3-B03B9F20AAA5,Sanity Charm III,A27DA49C-8644-4F21-BE22-01AD2C582951,"A charm that grants the
Antivirus skill.",0000007D,125,0000000C,7,00000000,I_NONE,00002328,"9,000z",9CEE0F00,Antivirus,00000003,3,00000000,,00000000,,00000000,,00000000,,Release
000000AF,175,000000B0,00000001,1,50CCF100,00000004,4,03C12B20,00000000,FALSE,ADA6842C-CB93-4323-9D96-387B52096111,Imbibe Charm I,6B45AC9C-13C8-4DAD-9D1D-260493E3FFCE,"A charm that grants the Elemental
Absorption skill.",0000007E,126,0000000C,7,00000000,I_NONE,00002328,"9,000z",58C90280,Elemental Absorption,00000001,1,00000000,,00000000,,00000000,,00000000,,Release
00000039,57,0000003A,00000001,1,A5486880,00000001,1,03C12B20,00000000,FALSE,44F4C131-9309-4578-9D81-2E51A47758FE,Evasion Charm I,FC8A823B-44DC-44CB-BDE3-00DFD1DD3AA3,"A charm that grants the Evade
Window skill.",00000080,128,0000000F,4,00000000,I_NONE,000005DC,"1,500z",089F5840,Evade Window,00000001,1,00000000,,00000000,,00000000,,00000000,,Release
0000003A,58,0000003B,00000002,2,A5486880,00000004,4,03C12B20,00000000,FALSE,4484807A-7430-465F-B312-52A84FAFEE63,Evasion Charm II,B86A997F-C8A6-41E1-963B-3E244AD25D9C,"A charm that grants the Evade
Window skill.",00000081,129,0000000E,5,00000000,I_NONE,00000BB8,"3,000z",089F5840,Evade Window,00000002,2,00000000,,00000000,,00000000,,00000000,,Release
0000003B,59,0000003C,00000003,3,A5486880,00000004,4,03C12B20,00000000,FALSE,1D5A8E07-8C5A-4A73-B9FA-D3CA2978A9A2,Evasion Charm III,C253266F-E36C-4E5A-BF90-7FC2F846868F,"A charm that grants the Evade
Window skill.",00000082,130,0000000D,6,00000000,I_NONE,00001770,"6,000z",089F5840,Evade Window,00000003,3,00000000,,00000000,,00000000,,00000000,,Release
0000003C,60,0000003D,00000004,4,A5486880,00000004,4,03C12B20,00000000,FALSE,CF867772-8B4E-4DC6-8F0E-BB7F32246389,Evasion Charm IV,E149B44B-6EEF-4116-BAF3-C5573C22E6FC,"A charm that grants the Evade
Window skill.",00000083,131,0000000C,7,00000000,I_NONE,00002328,"9,000z",089F5840,Evade Window,00000004,4,00000000,,00000000,,00000000,,00000000,,TU1
0000003D,61,0000003E,00000001,1,9BC0B080,00000001,1,03C12B20,00000000,FALSE,532C1185-6766-4BEE-86E1-3964DE88CC10,Leaping Charm I,93F322B7-9113-4F5E-BF15-80B7A4D2088F,"A charm that grants the Evade
Extender skill.",00000084,132,0000000F,4,00000000,I_NONE,000005DC,"1,500z",2829B900,Evade Extender,00000001,1,00000000,,00000000,,00000000,,00000000,,Release
0000003E,62,0000003F,00000002,2,9BC0B080,00000004,4,03C12B20,00000000,FALSE,AA78309C-38EE-4806-99F6-F20B9ACE084F,Leaping Charm II,7A834908-2DAC-404B-839A-3F762CD96582,"A charm that grants the Evade
Extender skill.",00000085,133,0000000E,5,00000000,I_NONE,00000BB8,"3,000z",2829B900,Evade Extender,00000002,2,00000000,,00000000,,00000000,,00000000,,Release
0000003F,63,00000040,00000003,3,9BC0B080,00000004,4,03C12B20,00000000,FALSE,F12F052D-E1C3-4782-95EE-FE528F2F7338,Leaping Charm III,7ED93476-8735-44C6-AB4F-DE95A8CEEB93,"A charm that grants the Evade
Extender skill.",00000086,134,0000000D,6,00000000,I_NONE,00001770,"6,000z",2829B900,Evade Extender,00000003,3,00000000,,00000000,,00000000,,00000000,,Release
00000031,49,00000032,00000001,1,BC338080,00000004,4,03C12B20,00000000,FALSE,F33D5A30-96DC-45F5-B2A8-332CB92A9B5F,Earplugs Charm I,D8302FC0-CF8F-4778-A4B6-5A15767E06B6,"A charm that grants the Earplugs
skill.",00000087,135,0000000D,6,00000000,I_NONE,00001770,"6,000z",0B7D15C0,Earplugs,00000001,1,00000000,,00000000,,00000000,,00000000,,Release
00000032,50,00000033,00000002,2,BC338080,00000004,4,03C12B20,00000000,FALSE,43D4BE8D-DB85-4D25-91A8-362F203BB5A7,Earplugs Charm II,EFA65AC1-B5E0-4ACF-AFA0-B78B132CBA2A,"A charm that grants the Earplugs
skill.",00000088,136,0000000C,7,00000000,I_NONE,00002328,"9,000z",0B7D15C0,Earplugs,00000002,2,00000000,,00000000,,00000000,,00000000,,TU1
00000008,8,00000009,00000001,1,DA42AF80,00000001,1,03C12B20,00000000,FALSE,D062AD4F-092E-4B34-9F6E-6802557FCBFA,Sheathe Charm I,A21726AE-D442-4E93-8C14-433891A89506,"A charm that grants the Quick
Sheathe skill.",00000089,137,0000000F,4,00000000,I_NONE,000005DC,"1,500z",C0053240,Quick Sheathe,00000001,1,00000000,,00000000,,00000000,,00000000,,Release
00000009,9,0000000A,00000002,2,DA42AF80,00000004,4,03C12B20,00000000,FALSE,6F763523-F1FB-4283-BE55-7E65B22E5BE3,Sheathe Charm II,3CBA435C-6376-4650-B4C1-FB2BCE79F8BA,"A charm that grants the Quick
Sheathe skill.",0000008A,138,0000000E,5,00000000,I_NONE,00000BB8,"3,000z",C0053240,Quick Sheathe,00000002,2,00000000,,00000000,,00000000,,00000000,,Release
0000000A,10,0000000B,00000003,3,DA42AF80,00000004,4,03C12B20,00000000,FALSE,6524D0BE-9E95-43C7-8F1D-3CB0AC5418EB,Sheathe Charm III,18195DCF-C4B7-4BBE-812A-90498341DD5C,"A charm that grants the Quick
Sheathe skill.",0000008B,139,0000000D,6,00000000,I_NONE,00001770,"6,000z",C0053240,Quick Sheathe,00000003,3,00000000,,00000000,,00000000,,00000000,,Release
00000033,51,00000034,00000001,1,83BE9480,00000001,1,03C12B20,00000000,FALSE,797421E9-2861-4324-875C-3BDFEBA05AAD,Windproof Charm I,4E15BCF7-4251-443D-A940-27E52E8EC149,"A charm that grants the
Windproof skill.",0000008C,140,0000000F,4,00000000,I_NONE,000005DC,"1,500z",CA9ABE00,Windproof,00000001,1,00000000,,00000000,,00000000,,00000000,,Release
00000034,52,00000035,00000002,2,83BE9480,00000004,4,03C12B20,00000000,FALSE,4619FE6D-C0EF-4D6E-9D5A-F6C7FB27AB24,Windproof Charm II,E8EBFEEC-7352-44BB-9D8B-79BE71636C32,"A charm that grants the
Windproof skill.",0000008D,141,0000000E,5,00000000,I_NONE,00000BB8,"3,000z",CA9ABE00,Windproof,00000002,2,00000000,,00000000,,00000000,,00000000,,Release
00000035,53,00000036,00000003,3,83BE9480,00000004,4,03C12B20,00000000,FALSE,212F0B00-E330-436D-B4BF-831485BBC84C,Windproof Charm III,45F0E6F3-DBE0-45C2-ACD5-6C72571EA912,"A charm that grants the
Windproof skill.",0000008E,142,0000000D,6,00000000,I_NONE,00001770,"6,000z",CA9ABE00,Windproof,00000003,3,00000000,,00000000,,00000000,,00000000,,Release
00000036,54,00000037,00000001,1,35FB7D00,00000001,1,03C12B20,00000000,FALSE,46B636E6-3729-4E05-9B3E-C50BEEC110CB,Tremor Charm I,43B68F4C-F893-40DE-8AF8-9C13727889BE,"A charm that grants the
Tremor Resistance skill.",0000008F,143,0000000F,4,00000000,I_NONE,000005DC,"1,500z",DBAB9E00,Tremor Resistance,00000001,1,00000000,,00000000,,00000000,,00000000,,Release
00000037,55,00000038,00000002,2,35FB7D00,00000004,4,03C12B20,00000000,FALSE,5A5B898D-9AD9-45BB-9010-93DBF8FBDBDA,Tremor Charm II,354D7D02-1AC4-4AFB-8884-7454291BC870,"A charm that grants the
Tremor Resistance skill.",00000090,144,0000000E,5,00000000,I_NONE,00000BB8,"3,000z",DBAB9E00,Tremor Resistance,00000002,2,00000000,,00000000,,00000000,,00000000,,Release
00000038,56,00000039,00000003,3,35FB7D00,00000004,4,03C12B20,00000000,FALSE,5D126D78-D3DC-4009-88E2-203A30FB5DDA,Tremor Charm III,99236C6E-DD9A-4011-A92F-18377521C22C,"A charm that grants the
Tremor Resistance skill.",00000091,145,0000000D,6,00000000,I_NONE,00001770,"6,000z",DBAB9E00,Tremor Resistance,00000003,3,00000000,,00000000,,00000000,,00000000,,Release
00000080,128,00000081,00000001,1,1E6E1F00,00000001,1,03C12B20,00000000,FALSE,7FD43C3D-F686-4C28-95C8-A2E3D7C9B4BD,Impact Charm I,72CAD487-0989-4F88-89F0-03B3D9CCB815,"A charm that grants the Flinch
Free skill.",00000092,146,00000010,3,00000000,I_NONE,000001F4,500z,2C44A0C0,Flinch Free,00000001,1,00000000,,00000000,,00000000,,00000000,,Release
00000081,129,00000082,00000002,2,1E6E1F00,00000001,1,03C12B20,00000000,FALSE,DEA20E0B-DF6F-455B-BC5A-88CDB2494668,Impact Charm II,0590D507-7587-4CAE-93E7-3977DABDF52A,"A charm that grants the Flinch
Free skill.",00000093,147,0000000F,4,00000000,I_NONE,000005DC,"1,500z",2C44A0C0,Flinch Free,00000002,2,00000000,,00000000,,00000000,,00000000,,Release
00000082,130,00000083,00000003,3,1E6E1F00,00000004,4,03C12B20,00000000,FALSE,F6D93594-EC34-44D1-8498-12F3BEC4DC37,Impact Charm III,D71D52CA-9173-4256-86D6-224820B3A3E7,"A charm that grants the Flinch
Free skill.",00000094,148,0000000E,5,00000000,I_NONE,00000BB8,"3,000z",2C44A0C0,Flinch Free,00000003,3,00000000,,00000000,,00000000,,00000000,,Release
000000A5,165,000000A6,00000001,1,1C83BA80,00000001,1,03C12B20,00000000,FALSE,0B9F93CF-164A-440C-9190-C4528D468E6A,Intimidator Charm I,2513F2A6-F318-456C-B3A7-EFBB10F802A1,"A charm that grants the
Intimidator skill.",00000095,149,00000010,3,00000000,I_NONE,000001F4,500z,57C69780,Intimidator,00000001,1,00000000,,00000000,,00000000,,00000000,,Release
000000A6,166,000000A7,00000002,2,1C83BA80,00000004,4,03C12B20,00000000,FALSE,AA8390E8-412F-4AF7-B0D7-53D6FAF800E0,Intimidator Charm II,BA72CFBF-E770-4DF9-83CA-BDE6B27C1C2F,"A charm that grants the
Intimidator skill.",00000096,150,0000000E,5,00000000,I_NONE,00000BB8,"3,000z",57C69780,Intimidator,00000002,2,00000000,,00000000,,00000000,,00000000,,Release
000000A7,167,000000A8,00000003,3,1C83BA80,00000004,4,03C12B20,00000000,FALSE,1479814B-067C-4293-969B-AC2236A81B7F,Intimidator Charm III,227B6611-3D87-46FD-9F75-93E20582A86B,"A charm that grants the
Intimidator skill.",00000097,151,0000000D,6,00000000,I_NONE,00001770,"6,000z",57C69780,Intimidator,00000003,3,00000000,,00000000,,00000000,,00000000,,Release
0000002E,46,0000002F,00000001,1,A45C6400,00000001,1,03C12B20,00000000,FALSE,988FE7AC-995D-4297-97D7-1A150B59C5F7,Glutton's Charm I,1BBBB5A9-EFA9-404A-8D11-BA03B61CEC6F,"A charm that grants the Speed
Eating skill.",00000098,152,00000011,2,00000000,I_NONE,000001F4,500z,25CB1D80,Speed Eating,00000001,1,00000000,,00000000,,00000000,,00000000,,Release
0000002F,47,00000030,00000002,2,A45C6400,00000001,1,03C12B20,00000000,FALSE,634BE48A-3440-43C8-BA6D-50BE3F97F9EF,Glutton's Charm II,152C01EF-D1A6-400D-9178-0AF2967FE5D8,"A charm that grants the Speed
Eating skill.",00000099,153,0000000F,4,00000000,I_NONE,000005DC,"1,500z",25CB1D80,Speed Eating,00000002,2,00000000,,00000000,,00000000,,00000000,,Release
00000030,48,00000031,00000003,3,A45C6400,00000004,4,03C12B20,00000000,FALSE,A1A410A2-5A0F-4833-B008-E85CA03DDD24,Glutton's Charm III,BCE508A7-E40B-47FE-A8B3-6DCE4BAE9169,"A charm that grants the Speed
Eating skill.",0000009A,154,0000000E,5,00000000,I_NONE,00000BB8,"3,000z",25CB1D80,Speed Eating,00000003,3,00000000,,00000000,,00000000,,00000000,,Release
00000074,116,00000075,00000001,1,E2503580,00000001,1,03C12B20,00000000,FALSE,8F4F4E1F-0319-445C-9B4B-A1AF2A051F63,Friendship Charm I,19D41270-6567-4B3F-93AD-5A0DBDEED618,"A charm that grants the Wide-
Range skill.",0000009B,155,00000010,3,00000000,I_NONE,000001F4,500z,355173C0,Wide-Range,00000001,1,00000000,,00000000,,00000000,,00000000,,Release
00000075,117,00000076,00000002,2,E2503580,00000001,1,03C12B20,00000000,FALSE,F611262A-134A-4C0D-8627-30F621F09B05,Friendship Charm II,BB3069BF-3AEB-4194-8F68-2BC29479833F,"A charm that grants the Wide-
Range skill.",0000009C,156,0000000F,4,00000000,I_NONE,000005DC,"1,500z",355173C0,Wide-Range,00000002,2,00000000,,00000000,,00000000,,00000000,,Release
00000076,118,00000077,00000003,3,E2503580,00000001,1,03C12B20,00000000,FALSE,D069EBE8-9E26-42F4-BFE5-FEFAF164F9B7,Friendship Charm III,2447E883-68F2-4277-ADDB-458268C37AA5,"A charm that grants the Wide-
Range skill.",0000009D,157,0000000F,4,00000000,I_NONE,000005DC,"1,500z",355173C0,Wide-Range,00000003,3,00000000,,00000000,,00000000,,00000000,,Release
00000077,119,00000078,00000004,4,E2503580,00000004,4,03C12B20,00000000,FALSE,899D1C50-AD17-44D3-9D9E-45E330AE2EAB,Friendship Charm IV,F24C5618-B2AD-4C92-AF79-01D6C7F12FF3,"A charm that grants the Wide-
Range skill.",0000009E,158,0000000E,5,00000000,I_NONE,00000BB8,"3,000z",355173C0,Wide-Range,00000004,4,00000000,,00000000,,00000000,,00000000,,Release
000000A2,162,000000A3,00000001,1,8ECA0100,00000001,1,03C12B20,00000000,FALSE,15C7BF7B-3BEB-429A-8453-6DAB207EC128,Maintenance Charm I,AE39BC20-04D5-4929-AF10-766720750FFC,"A charm that grants the Tool
Specialist skill.",000000A0,160,0000000F,4,00000000,I_NONE,000005DC,"1,500z",1BFC9E00,Tool Specialist,00000001,1,00000000,,00000000,,00000000,,00000000,,Release
000000A3,163,000000A4,00000002,2,8ECA0100,00000004,4,03C12B20,00000000,FALSE,F09CC008-112E-4524-8C20-4FF2C2B47CF3,Maintenance Charm II,4C6885AE-4C61-4429-9E18-34791B74E13A,"A charm that grants the Tool
Specialist skill.",000000A1,161,0000000D,6,00000000,I_NONE,00001770,"6,000z",1BFC9E00,Tool Specialist,00000002,2,00000000,,00000000,,00000000,,00000000,,Release
000000A4,164,000000A5,00000003,3,8ECA0100,00000004,4,03C12B20,00000000,FALSE,3DCDEDD3-1551-4A51-94DF-9D037B4581A5,Maintenance Charm III,AF09A2AC-8FEF-46A1-BDB1-E1E061099E04,"A charm that grants the Tool
Specialist skill.",000000A2,162,0000000C,7,00000000,I_NONE,00002328,"9,000z",1BFC9E00,Tool Specialist,00000003,3,00000000,,00000000,,00000000,,00000000,,Release
0000006B,107,0000006C,00000001,1,45E09300,00000001,1,03C12B20,00000000,FALSE,8F84E5DA-3FC6-4AAE-8928-DA5D7124E830,Bombardier Charm I,876DE868-DB3B-46CE-851B-4F302BDF024C,"A charm that grants the
Bombardier skill.",000000A3,163,0000000F,4,00000000,I_NONE,000005DC,"1,500z",CCE2EBC0,Bombardier,00000001,1,00000000,,00000000,,00000000,,00000000,,Release
0000006C,108,0000006D,00000002,2,45E09300,00000004,4,03C12B20,00000000,FALSE,643D6A63-13EF-4D1C-B22C-37D1E50CF41E,Bombardier Charm II,BB418B8A-E333-4CC1-81E1-6D11F692B2F1,"A charm that grants the
Bombardier skill.",000000A4,164,0000000E,5,00000000,I_NONE,00000BB8,"3,000z",CCE2EBC0,Bombardier,00000002,2,00000000,,00000000,,00000000,,00000000,,Release
0000006D,109,0000006E,00000003,3,45E09300,00000004,4,03C12B20,00000000,FALSE,BD7834BC-F299-41F0-9B08-EF603CEBDBD4,Bombardier Charm III,8D3B9D30-0A17-4611-B1FD-86016F605A5F,"A charm that grants the
Bombardier skill.",000000A5,165,0000000D,6,00000000,I_NONE,00001770,"6,000z",CCE2EBC0,Bombardier,00000003,3,00000000,,00000000,,00000000,,00000000,,Release
0000006E,110,0000006F,00000001,1,1EB11940,00000001,1,03C12B20,00000000,FALSE,22EDAF05-3A50-4D70-BC25-C30D7DF1260B,Mushroom Charm I,8E0DAD32-5129-4043-B4B7-B82931977AC6,"A charm that grants the
Mushroomancer skill.",000000A6,166,0000000F,4,00000000,I_NONE,000005DC,"1,500z",E34E1EE0,Mushroomancer,00000001,1,00000000,,00000000,,00000000,,00000000,,Release
0000006F,111,00000070,00000002,2,1EB11940,00000004,4,03C12B20,00000000,FALSE,33EE73C9-38B8-47E2-A3D7-E4D8D7A3496E,Mushroom Charm II,E33B4988-F8CC-48A9-84E9-0D5A0DCCAEDE,"A charm that grants the
Mushroomancer skill.",000000A7,167,0000000D,6,00000000,I_NONE,00001770,"6,000z",E34E1EE0,Mushroomancer,00000002,2,00000000,,00000000,,00000000,,00000000,,Release
00000070,112,00000071,00000003,3,1EB11940,00000004,4,03C12B20,00000000,FALSE,5F3955F5-9493-41D7-86A4-9F48584DB540,Mushroom Charm III,B726B85E-C862-4F8D-B46A-447F23966DCD,"A charm that grants the
Mushroomancer skill.",000000A8,168,0000000C,7,00000000,I_NONE,00002328,"9,000z",E34E1EE0,Mushroomancer,00000003,3,00000000,,00000000,,00000000,,00000000,,Release
00000071,113,00000072,00000001,1,EEB175A0,00000001,1,03C12B20,00000000,FALSE,15B75A40-D5FB-4102-86B3-73E14BC027B3,Extension Charm I,2B730B19-E49D-4011-94FA-5C923E9979AF,"A charm that grants the Item
Prolonger skill.",000000A9,169,00000010,3,00000000,I_NONE,000001F4,500z,9B96D580,Item Prolonger,00000001,1,00000000,,00000000,,00000000,,00000000,,Release
00000072,114,00000073,00000002,2,EEB175A0,00000001,1,03C12B20,00000000,FALSE,31DE71CD-AAA5-4D76-BBC4-C26DF942FAC8,Extension Charm II,0D0563B6-95E0-4023-96C2-C7126D2CF38F,"A charm that grants the Item
Prolonger skill.",000000AA,170,0000000F,4,00000000,I_NONE,000005DC,"1,500z",9B96D580,Item Prolonger,00000002,2,00000000,,00000000,,00000000,,00000000,,Release
00000073,115,00000074,00000003,3,EEB175A0,00000004,4,03C12B20,00000000,FALSE,C5582490-E6FB-4B3C-A2C0-85FDDCA2A8E9,Extension Charm III,114FC095-481B-4E92-8F1C-B8DC4CCEB57F,"A charm that grants the Item
Prolonger skill.",000000AB,171,0000000E,5,00000000,I_NONE,00000BB8,"3,000z",9B96D580,Item Prolonger,00000003,3,00000000,,00000000,,00000000,,00000000,,Release
00000079,121,0000007A,00000001,1,9A14C400,00000001,1,03C12B20,00000000,FALSE,C7DA0228-EC12-4F5B-A8F6-5AAE012617ED,Light Eater's Charm I,2277243E-3065-4B35-93CF-EB48CA7A76EA,"A charm that grants the Free
Meal skill.",000000AC,172,0000000F,4,00000000,I_NONE,000005DC,"1,500z",32B386C0,Free Meal,00000001,1,00000000,,00000000,,00000000,,00000000,,Release
0000007A,122,0000007B,00000002,2,9A14C400,00000004,4,03C12B20,00000000,FALSE,8AAB7D4B-F1EF-4399-9961-F221B644F2A2,Light Eater's Charm II,41AC92EF-94C6-4C61-8BFC-3E7A16EC56E9,"A charm that grants the Free
Meal skill.",000000AD,173,0000000E,5,00000000,I_NONE,00000BB8,"3,000z",32B386C0,Free Meal,00000002,2,00000000,,00000000,,00000000,,00000000,,Release
0000007B,123,0000007C,00000003,3,9A14C400,00000004,4,03C12B20,00000000,FALSE,9078B0F2-BCC2-407E-9961-20E2E019DB8C,Light Eater's Charm III,7372FA18-3E56-4727-A949-39309554E107,"A charm that grants the Free
Meal skill.",000000AE,174,0000000D,6,00000000,I_NONE,00001770,"6,000z",32B386C0,Free Meal,00000003,3,00000000,,00000000,,00000000,,00000000,,Release
00000061,97,00000062,00000001,1,75B62E00,00000001,1,03C12B20,00000000,FALSE,A6FAA485-FE08-48F4-A9C9-D2360C110A96,Botany Charm I,F7F475AE-9CF5-427C-8BE0-269381659451,"A charm that grants the Botanist
skill.",000000B0,176,00000011,2,00000000,I_NONE,000001F4,500z,334A7580,Botanist,00000001,1,00000000,,00000000,,00000000,,00000000,,Release
00000062,98,00000063,00000002,2,75B62E00,00000001,1,03C12B20,00000000,FALSE,C79FE961-CF18-46C4-8EC2-B8E46FFC16E4,Botany Charm II,5B98EDF4-5807-4135-A0C1-E4C5C5611CE2,"A charm that grants the Botanist
skill.",000000B1,177,0000000F,4,00000000,I_NONE,000005DC,"1,500z",334A7580,Botanist,00000002,2,00000000,,00000000,,00000000,,00000000,,Release
00000063,99,00000064,00000003,3,75B62E00,00000001,1,03C12B20,00000000,FALSE,4F107CBE-C18A-4134-98F5-2814D354C7BB,Botany Charm III,F937627C-DF76-4807-A93B-EDFC424AFAD5,"A charm that grants the Botanist
skill.",000000B2,178,0000000F,4,00000000,I_NONE,000005DC,"1,500z",334A7580,Botanist,00000003,3,00000000,,00000000,,00000000,,00000000,,Release
00000064,100,00000065,00000004,4,75B62E00,00000004,4,03C12B20,00000000,FALSE,5E828803-67E4-4A21-A6B5-CAA5436C54A8,Botany Charm IV,D1D31722-7542-4AE9-A41D-9FF3903F31B4,"A charm that grants the Botanist
skill.",000000B3,179,0000000E,5,00000000,I_NONE,00000BB8,"3,000z",334A7580,Botanist,00000004,4,00000000,,00000000,,00000000,,00000000,,Release
00000065,101,00000066,00000001,1,7067B000,00000001,1,03C12B20,00000000,FALSE,E83B93CD-855E-4D51-B114-A8D5F762C76B,Geology Charm I,B200BF0F-1FCA-46BB-9F59-92754A66BDE2,"A charm that grants the
Geologist skill.",000000B4,180,00000011,2,00000000,I_NONE,000001F4,500z,238443C0,Geologist,00000001,1,00000000,,00000000,,00000000,,00000000,,Release
00000066,102,00000067,00000002,2,7067B000,00000001,1,03C12B20,00000000,FALSE,905E9583-9593-44B8-B48E-B78062E9ECCE,Geology Charm II,1069D1AE-5155-4172-B4CA-31368D2142C3,"A charm that grants the
Geologist skill.",000000B5,181,0000000F,4,00000000,I_NONE,000005DC,"1,500z",238443C0,Geologist,00000002,2,00000000,,00000000,,00000000,,00000000,,Release
00000067,103,00000068,00000003,3,7067B000,00000004,4,03C12B20,00000000,FALSE,AA3B7B20-9651-4C12-80B1-DA005E33C8F7,Geology Charm III,4823B04D-E99B-4627-9A58-8849869C556D,"A charm that grants the
Geologist skill.",000000B6,182,0000000E,5,00000000,I_NONE,00000BB8,"3,000z",238443C0,Geologist,00000003,3,00000000,,00000000,,00000000,,00000000,,Release
000000B6,182,000000C8,00000001,1,B9D32580,00000005,5,03C12B20,00000001,TRUE,CA57050D-E8E8-4542-A5A7-D8356AA78686,Hope Charm,35E71FDB-2888-49C7-9185-251821594CC9,"A charm that grants the Self-
Improvement and Recovery Up
skills.",0000012C,300,0000000E,5,00000000,I_NONE,00000000,0z,61B7DE80,Self-Improvement,00000001,1,B6595880,Recovery Up,00000001,1,00000000,,00000000,,Release